panel_id,endpoint_id,protocol_id,representation,perturbation_scope,metric_output_id,family,state,sst,pooled_sse,separate_sse,pooled_r2,separate_r2,d_p,zero_metric_harm_proportion,mean_downstream,pooled_prediction_at_zero,n,expected_constant_sse,actual_raw_residual_improvement,identity_error
d1_a,d1,a,native,all5,mse,p08,complete,88.65191248,14.971448125735611,13.711709283370336,0.449012796984263,0.5869251420314929,0.014209945472405611,0.0,,,,,,
d1_a,d1,a,native,all5,mse,p09,complete,88.65191248,10.137293286994613,2.508989850783476,0.449012796984263,0.5869251420314929,0.08604781580918623,0.0,,,,,,
d1_a,d1,a,native,all5,mse,p10,complete,88.65191248,12.710002204462263,9.949718788825374,0.449012796984263,0.5869251420314929,0.03113619704774687,0.0,,,,,,
d1_a,d1,a,native,all5,mse,p11,complete,88.65191248,9.47837332061147,9.173154250000001,0.449012796984263,0.5869251420314929,0.0034428932447489718,1.0,0.090375,0.05471345029239767,240,0.3052190706114699,0.3052190706114679,-1.9984014443252818e-15
d1_a,d1,a,native,all5,mse,p12,complete,88.65191248,1.5489523615471432,1.2763039833333334,0.449012796984263,0.5869251420314929,0.003075493473142156,1.0,0.02100833333333333,0.05471345029239767,240,0.2726483782138096,0.2726483782138098,2.220446049250313e-16
d1_a,d1,a,native,all5,rmse,p08,complete,88.65191248,15.001200456073402,13.711709283370336,0.44948347040656655,0.5869349682690459,0.014545553915647073,0.0,,,,,,
d1_a,d1,a,native,all5,rmse,p09,complete,88.65191248,10.052701533048964,2.50816039317478,0.44948347040656655,0.5869349682690459,0.08510297103377489,0.0,,,,,,
d1_a,d1,a,native,all5,rmse,p10,complete,88.65191248,12.72311552902941,9.949677131682517,0.44948347040656655,0.5869349682690459,0.03128458619516623,0.0,,,,,,
d1_a,d1,a,native,all5,rmse,p11,complete,88.65191248,9.47837332061147,9.173154250000001,0.44948347040656655,0.5869349682690459,0.0034428932447489718,1.0,,,,,,
d1_a,d1,a,native,all5,rmse,p12,complete,88.65191248,1.5489523615471432,1.2763039833333334,0.44948347040656655,0.5869349682690459,0.003075493473142156,1.0,,,,,,
d1_a,d1,a,native,all5,mae,p08,complete,88.65191248,14.596008030313577,13.617995671596145,0.4556633557886892,0.58825522650058,0.011032050311808806,0.0,,,,,,
d1_a,d1,a,native,all5,mae,p09,complete,88.65191248,9.619520354416746,2.5102003535612534,0.4556633557886892,0.58825522650058,0.08019364503229827,0.0,,,,,,
d1_a,d1,a,native,all5,mae,p10,complete,88.65191248,13.013344107472143,9.92430736587726,0.4556633557886892,0.58825522650058,0.03484455839902806,0.0,,,,,,
d1_a,d1,a,native,all5,mae,p11,complete,88.65191248,9.482981186447798,9.173154250000001,0.4556633557886892,0.58825522650058,0.0034948703054510353,1.0,,,,,,
d1_a,d1,a,native,all5,mae,p12,complete,88.65191248,1.5446308636277588,1.2763039833333334,0.4556633557886892,0.58825522650058,0.0030267466633047543,1.0,,,,,,
d1_a,d1,a,native,all5,sam,p08,complete,88.65191248,15.582610524953147,13.9887586602755,0.43293371066059716,0.5757439108309925,0.01797876458713986,0.0,,,,,,
d1_a,d1,a,native,all5,sam,p09,complete,88.65191248,10.288645524759211,2.764098621692101,0.43293371066059716,0.5757439108309925,0.08487743459301748,0.0,,,,,,
d1_a,d1,a,native,all5,sam,p10,complete,88.65191248,13.373154352675297,10.408798170816988,0.43293371066059716,0.5757439108309925,0.033438152645912406,0.0,,,,,,
d1_a,d1,a,native,all5,sam,p11,complete,88.65191248,9.473606339181005,9.173154250000001,0.43293371066059716,0.5757439108309925,0.003389121348609206,1.0,,,,,,
d1_a,d1,a,native,all5,sam,p12,complete,88.65191248,1.5534943113064386,1.2763039833333334,0.43293371066059716,0.5757439108309925,0.003126726995716416,1.0,,,,,,
d1_a,d1,a,native,all5,pearson_r,p08,complete,88.65191248,15.340183758773552,13.913582057322952,0.44232105685791157,0.5785624500821416,0.01609217062037377,0.0,,,,,,
d1_a,d1,a,native,all5,pearson_r,p09,complete,88.65191248,10.112370066305827,2.7832454515966387,0.44232105685791157,0.5785624500821416,0.08267305701230811,0.0,,,,,,
d1_a,d1,a,native,all5,pearson_r,p10,complete,88.65191248,12.959511914201197,10.21495904885068,0.44232105685791157,0.5785624500821416,0.030958755300058465,0.0,,,,,,
d1_a,d1,a,native,all5,pearson_r,p11,complete,88.65191248,9.4767154417845,9.173154250000001,0.44232105685791157,0.5785624500821416,0.0034241922513852355,1.0,,,,,,
d1_a,d1,a,native,all5,pearson_r,p12,complete,88.65191248,1.5505236783062384,1.2763039833333334,0.44232105685791157,0.5785624500821416,0.00309321804010454,1.0,,,,,,
d1_a,d1,a,native,all5,nmse,p08,complete,88.65191248,15.783766547851624,14.808939733333332,0.4410481380576954,0.5592426039526688,0.010996117142291905,0.0,,,,,,
d1_a,d1,a,native,all5,nmse,p09,complete,88.65191248,9.517478398236449,2.8735285326340327,0.4410481380576954,0.5592426039526688,0.07494423616750852,0.0,,,,,,
d1_a,d1,a,native,all5,nmse,p10,complete,88.65191248,13.223452759972837,10.9420596,0.4410481380576954,0.5592426039526688,0.025734280244518376,0.0,,,,,,
d1_a,d1,a,native,all5,nmse,p11,complete,88.65191248,9.480569748958953,9.173154250000001,0.4410481380576954,0.5592426039526688,0.0034676691157486893,1.0,,,,,,
d1_a,d1,a,native,all5,nmse,p12,complete,88.65191248,1.5468840904223677,1.2763039833333334,0.4410481380576954,0.5592426039526688,0.003052163224905922,1.0,,,,,,
d1_a,d1,a,native,all5,wasserstein_1_cm1,p08,complete,88.65191248,15.77998449053065,14.51687588066203,0.5420881487677518,0.581229019600293,0.014247956694150002,0.0,,,,,,
d1_a,d1,a,native,all5,wasserstein_1_cm1,p09,complete,88.65191248,4.011855882678926,3.145197606031746,0.5420881487677518,0.581229019600293,0.009775968192933224,0.0,,,,,,
d1_a,d1,a,native,all5,wasserstein_1_cm1,p10,complete,88.65191248,11.475874732446968,10.741195307077524,0.5420881487677518,0.581229019600293,0.00828723718211032,0.0,,,,,,
d1_a,d1,a,native,all5,wasserstein_1_cm1,p11,complete,88.65191248,8.128388594373732,7.621104703726705,0.5420881487677518,0.581229019600293,0.005722199064362775,0.0,,,,,,
d1_a,d1,a,native,all5,wasserstein_1_cm1,p12,complete,88.65191248,1.198657658965768,1.1004748060606062,0.5420881487677518,0.581229019600293,0.001107509698984915,0.0,,,,,,
d1_a,d1,a,native,all5,is_like_structure_to_noise,p08,complete,88.65191248,29.164026659545513,21.717201600000003,0.0005219844929068573,0.38081804288132914,0.08400072656329353,0.0,,,,,,
d1_a,d1,a,native,all5,is_like_structure_to_noise,p09,complete,88.65191248,7.4686792601171845,4.8211676550128475,0.0005219844929068573,0.38081804288132914,0.029864122849031817,0.0,,,,,,
d1_a,d1,a,native,all5,is_like_structure_to_noise,p10,complete,88.65191248,28.38633164340116,17.903837183333334,0.0005219844929068573,0.38081804288132914,0.11824329748591372,0.0,,,,,,
d1_a,d1,a,native,all5,is_like_structure_to_noise,p11,complete,88.65191248,13.048754215101074,9.173154250000001,0.0005219844929068573,0.38081804288132914,0.043717048585673914,1.0,,,,,,
d1_a,d1,a,native,all5,is_like_structure_to_noise,p12,complete,88.65191248,10.53784577825397,1.2763039833333334,0.0005219844929068573,0.38081804288132914,0.10447086290450931,1.0,,,,,,
d1_a,d1,a,native,all5,precision,p08,complete,88.65191248,22.027998320229777,15.937663008218381,0.21553474252872606,0.5723331101061238,0.06869942386618429,0.0,,,,,,
d1_a,d1,a,native,all5,precision,p09,complete,88.65191248,11.947025659288654,2.79642658594433,0.21553474252872606,0.5723331101061238,0.1032194209618288,0.0,,,,,,
d1_a,d1,a,native,all5,precision,p10,complete,88.65191248,21.277083894345758,10.178886883242107,0.21553474252872606,0.5723331101061238,0.12518846689976848,0.0,,,,,,
d1_a,d1,a,native,all5,precision,p11,complete,88.65191248,9.064345155108704,7.86094432614792,0.21553474252872606,0.5723331101061238,0.013574448596721205,0.5,,,,,,
d1_a,d1,a,native,all5,precision,p12,complete,88.65191248,5.227892319971141,1.1395668899129732,0.21553474252872606,0.5723331101061238,0.04611660725289486,0.5,,,,,,
d1_a,d1,a,native,all5,recall,p08,complete,88.65191248,21.062099701060887,14.562404632693797,0.23292315844314504,0.5874143308848725,0.07331703159628317,0.0,,,,,,
d1_a,d1,a,native,all5,recall,p09,complete,88.65191248,12.629691897623406,2.7404656682597723,0.23292315844314504,0.5874143308848725,0.11155118883187835,0.0,,,,,,
d1_a,d1,a,native,all5,recall,p10,complete,88.65191248,19.803449111697173,10.273127111882054,0.23292315844314504,0.5874143308848725,0.10750272310216852,0.0,,,,,,
d1_a,d1,a,native,all5,recall,p11,complete,88.65191248,8.985884775672266,7.86094432614792,0.23292315844314504,0.5874143308848725,0.012689409828334329,0.5,,,,,,
d1_a,d1,a,native,all5,recall,p12,complete,88.65191248,5.521703537079398,1.1395668899129732,0.23292315844314504,0.5874143308848725,0.04943081908306311,0.5,,,,,,
d1_a,d1,a,native,all5,f1,p08,complete,88.65191248,21.191717290920025,14.534069768263535,0.22855884912739632,0.589269231230461,0.0750987467321527,0.0,,,,,,
d1_a,d1,a,native,all5,f1,p09,complete,88.65191248,12.488149579433296,2.6517853866655257,0.22855884912739632,0.589269231230461,0.11095490122660205,0.0,,,,,,
d1_a,d1,a,native,all5,f1,p10,complete,88.65191248,20.30277612556123,10.225701794810325,0.22855884912739632,0.589269231230461,0.11367012903443346,0.0,,,,,,
d1_a,d1,a,native,all5,f1,p11,complete,88.65191248,8.947300923035476,7.86094432614792,0.22855884912739632,0.589269231230461,0.012254181173278578,0.5,,,,,,
d1_a,d1,a,native,all5,f1,p12,complete,88.65191248,5.459789471678504,1.1395668899129732,0.22855884912739632,0.589269231230461,0.04873242393659787,0.5,,,,,,
d1_a,d1,a,native,all5,artifact_peak_ratio,p08,complete,88.65191248,22.027998320229777,15.937663008218381,0.21553474252872606,0.5723331101061238,0.06869942386618429,0.0,,,,,,
d1_a,d1,a,native,all5,artifact_peak_ratio,p09,complete,88.65191248,11.947025659288654,2.79642658594433,0.21553474252872606,0.5723331101061238,0.1032194209618288,0.0,,,,,,
d1_a,d1,a,native,all5,artifact_peak_ratio,p10,complete,88.65191248,21.277083894345758,10.178886883242107,0.21553474252872606,0.5723331101061238,0.12518846689976848,0.0,,,,,,
d1_a,d1,a,native,all5,artifact_peak_ratio,p11,complete,88.65191248,9.064345155108704,7.86094432614792,0.21553474252872606,0.5723331101061238,0.013574448596721205,0.5,,,,,,
d1_a,d1,a,native,all5,artifact_peak_ratio,p12,complete,88.65191248,5.227892319971141,1.1395668899129732,0.21553474252872606,0.5723331101061238,0.04611660725289486,0.5,,,,,,
d1_a,d1,a,native,all5,missing_peak_ratio,p08,complete,88.65191248,21.062099701060887,14.562404632693797,0.23292315844314504,0.5874143308848725,0.07331703159628317,0.0,,,,,,
d1_a,d1,a,native,all5,missing_peak_ratio,p09,complete,88.65191248,12.629691897623406,2.7404656682597723,0.23292315844314504,0.5874143308848725,0.11155118883187835,0.0,,,,,,
d1_a,d1,a,native,all5,missing_peak_ratio,p10,complete,88.65191248,19.803449111697173,10.273127111882054,0.23292315844314504,0.5874143308848725,0.10750272310216852,0.0,,,,,,
d1_a,d1,a,native,all5,missing_peak_ratio,p11,complete,88.65191248,8.985884775672266,7.86094432614792,0.23292315844314504,0.5874143308848725,0.012689409828334329,0.5,,,,,,
d1_a,d1,a,native,all5,missing_peak_ratio,p12,complete,88.65191248,5.521703537079398,1.1395668899129732,0.23292315844314504,0.5874143308848725,0.04943081908306311,0.5,,,,,,
d1_a,d1,a,native,no_axis,mse,p08,complete,56.51347731111111,14.968860671347937,13.711709283370336,0.33111608261640735,0.5369172245602764,0.022245160761509737,0.0,,,,,,
d1_a,d1,a,native,no_axis,mse,p09,complete,56.51347731111111,10.126545556291148,2.508989850783476,0.33111608261640735,0.5369172245602764,0.1347918420162404,0.0,,,,,,
d1_a,d1,a,native,no_axis,mse,p10,complete,56.51347731111111,12.705549861185698,9.949718788825374,0.33111608261640735,0.5369172245602764,0.04876413916611892,0.0,,,,,,
d1_a,d1,a,native,no_axis,rmse,p08,complete,56.51347731111111,14.998613001685728,13.711709283370336,0.3318544215229128,0.536932638843612,0.022771625098043164,0.0,,,,,,
d1_a,d1,a,native,no_axis,rmse,p09,complete,56.51347731111111,10.041953802345502,2.50816039317478,0.3318544215229128,0.536932638843612,0.1333096770474165,0.0,,,,,,
d1_a,d1,a,native,no_axis,rmse,p10,complete,56.51347731111111,12.718663185752845,9.949677131682517,0.3318544215229128,0.536932638843612,0.04899691517523942,0.0,,,,,,
d1_a,d1,a,native,no_axis,mae,p08,complete,56.51347731111111,14.591868594394526,13.617995671596145,0.3416278627239784,0.539003709723725,0.017232578300519934,0.0,,,,,,
d1_a,d1,a,native,no_axis,mae,p09,complete,56.51347731111111,9.601061044775905,2.5102003535612534,0.3416278627239784,0.539003709723725,0.12547202948031158,0.0,,,,,,
d1_a,d1,a,native,no_axis,mae,p10,complete,56.51347731111111,13.013969203045747,9.92430736587726,0.3416278627239784,0.539003709723725,0.054671239218915126,0.0,,,,,,
d1_a,d1,a,native,no_axis,sam,p08,complete,56.51347731111111,15.582765720815164,13.9887586602755,0.3057651420676224,0.5193773813765246,0.02820578623687462,0.0,,,,,,
d1_a,d1,a,native,no_axis,sam,p09,complete,56.51347731111111,10.278804157627583,2.764098621692101,0.3057651420676224,0.5193773813765246,0.13297191915065568,0.0,,,,,,
d1_a,d1,a,native,no_axis,sam,p10,complete,56.51347731111111,13.372056013901116,10.408798170816988,0.3057651420676224,0.5193773813765246,0.05243453392137172,0.0,,,,,,
d1_a,d1,a,native,no_axis,pearson_r,p08,complete,56.51347731111111,15.335939798405205,13.913582057322952,0.3206068599484375,0.5237987850292987,0.025168469695327066,0.0,,,,,,
d1_a,d1,a,native,no_axis,pearson_r,p09,complete,56.51347731111111,10.10290971697825,2.7832454515966387,0.3206068599484375,0.5237987850292987,0.1295206845101087,0.0,,,,,,
d1_a,d1,a,native,no_axis,pearson_r,p10,complete,56.51347731111111,12.95601929024506,10.21495904885068,0.3206068599484375,0.5237987850292987,0.048502770875425476,0.0,,,,,,
d1_a,d1,a,native,no_axis,nmse,p08,complete,56.51347731111111,15.783766547851624,14.808939733333332,0.3187424051282268,0.49349200884618893,0.01724945731355004,0.0,,,,,,
d1_a,d1,a,native,no_axis,nmse,p09,complete,56.51347731111111,9.493016322983621,2.8735285326340327,0.3187424051282268,0.49349200884618893,0.1171311358865566,0.0,,,,,,
d1_a,d1,a,native,no_axis,nmse,p10,complete,56.51347731111111,13.223452759972837,10.9420596,0.3187424051282268,0.49349200884618893,0.04036901051785556,0.0,,,,,,
d1_a,d1,a,native,no_axis,wasserstein_1_cm1,p08,complete,56.51347731111111,15.77998449053065,14.51687588066203,0.4514962896102096,0.49740716471207236,0.022350573172397522,0.0,,,,,,
d1_a,d1,a,native,no_axis,wasserstein_1_cm1,p09,complete,56.51347731111111,3.805399522399407,3.145197606031746,0.4514962896102096,0.49740716471207236,0.011682203038634442,0.0,,,,,,
d1_a,d1,a,native,no_axis,wasserstein_1_cm1,p10,complete,56.51347731111111,11.41246797924362,10.741195307077524,0.4514962896102096,0.49740716471207236,0.011878098890830777,0.0,,,,,,
d1_a,d1,a,native,no_axis,is_like_structure_to_noise,p08,complete,56.51347731111111,22.8016861643842,21.717201600000003,2.3434284295520413e-05,0.21359986054851388,0.01918983959196187,0.0,,,,,,
d1_a,d1,a,native,no_axis,is_like_structure_to_noise,p09,complete,56.51347731111111,13.403612506886201,4.8211676550128475,2.3434284295520413e-05,0.21359986054851388,0.15186545334356835,0.0,,,,,,
d1_a,d1,a,native,no_axis,is_like_structure_to_noise,p10,complete,56.51347731111111,20.306854286946873,17.903837183333334,2.3434284295520413e-05,0.21359986054851388,0.042521133328687975,0.0,,,,,,
d1_a,d1,a,native,no_axis,precision,p08,complete,56.51347731111111,20.09398954097481,15.937663008218381,0.03941451152394915,0.4883879411943345,0.0735457581184666,0.0,,,,,,
d1_a,d1,a,native,no_axis,precision,p09,complete,56.51347731111111,14.620587607950391,2.79642658594433,0.03941451152394915,0.4883879411943345,0.2092272778918404,0.0,,,,,,
d1_a,d1,a,native,no_axis,precision,p10,complete,56.51347731111111,19.571449059448675,10.178886883242107,0.03941451152394915,0.4883879411943345,0.16620039366007824,0.0,,,,,,
d1_a,d1,a,native,no_axis,recall,p08,complete,56.51347731111111,19.043782909066387,14.562404632693797,0.0725821078133011,0.5120456442446887,0.07929751432038505,0.0,,,,,,
d1_a,d1,a,native,no_axis,recall,p09,complete,56.51347731111111,15.785004698487025,2.7404656682597723,0.0725821078133011,0.5120456442446887,0.2308217375904167,0.0,,,,,,
d1_a,d1,a,native,no_axis,recall,p10,complete,56.51347731111111,17.582822400458088,10.273127111882054,0.0725821078133011,0.5120456442446887,0.12934428452058594,0.0,,,,,,
d1_a,d1,a,native,no_axis,f1,p08,complete,56.51347731111111,19.230461729458515,14.534069768263535,0.06305917936952621,0.5149554008358639,0.08310215871766258,0.0,,,,,,
d1_a,d1,a,native,no_axis,f1,p09,complete,56.51347731111111,15.446102350971621,2.6517853866655257,0.06305917936952621,0.5149554008358639,0.22639408461582322,0.0,,,,,,
d1_a,d1,a,native,no_axis,f1,p10,complete,56.51347731111111,18.273219728123966,10.225701794810325,0.06305917936952621,0.5149554008358639,0.14239997813285185,0.0,,,,,,
d1_a,d1,a,native,no_axis,artifact_peak_ratio,p08,complete,56.51347731111111,20.09398954097481,15.937663008218381,0.03941451152394915,0.4883879411943345,0.0735457581184666,0.0,,,,,,
d1_a,d1,a,native,no_axis,artifact_peak_ratio,p09,complete,56.51347731111111,14.620587607950391,2.79642658594433,0.03941451152394915,0.4883879411943345,0.2092272778918404,0.0,,,,,,
d1_a,d1,a,native,no_axis,artifact_peak_ratio,p10,complete,56.51347731111111,19.571449059448675,10.178886883242107,0.03941451152394915,0.4883879411943345,0.16620039366007824,0.0,,,,,,
d1_a,d1,a,native,no_axis,missing_peak_ratio,p08,complete,56.51347731111111,19.043782909066387,14.562404632693797,0.0725821078133011,0.5120456442446887,0.07929751432038505,0.0,,,,,,
d1_a,d1,a,native,no_axis,missing_peak_ratio,p09,complete,56.51347731111111,15.785004698487025,2.7404656682597723,0.0725821078133011,0.5120456442446887,0.2308217375904167,0.0,,,,,,
d1_a,d1,a,native,no_axis,missing_peak_ratio,p10,complete,56.51347731111111,17.582822400458088,10.273127111882054,0.0725821078133011,0.5120456442446887,0.12934428452058594,0.0,,,,,,
d1_a,d1,a,common_grid,all5,mse,p08,complete,88.65191248,17.050171328601557,13.711709283370336,0.40989995174174354,0.5969314455550464,0.03765809390727334,0.0,,,,,,
d1_a,d1,a,common_grid,all5,mse,p09,complete,88.65191248,7.880330954668481,2.5086723904660158,0.40989995174174354,0.5969314455550464,0.06059269804714387,0.0,,,,,,
d1_a,d1,a,common_grid,all5,mse,p10,complete,88.65191248,15.41616205633487,9.949718788825374,0.40989995174174354,0.5969314455550464,0.06166187637229749,0.0,,,,,,
d1_a,d1,a,common_grid,all5,mse,p11,complete,88.65191248,9.791073744498227,8.358577937347942,0.40989995174174354,0.5969314455550464,0.016158656559986346,0.0,,,,,,
d1_a,d1,a,common_grid,all5,mse,p12,complete,88.65191248,2.1757597485315907,1.2041198120844674,0.40989995174174354,0.5969314455550464,0.010960168926601857,0.0,,,,,,
d1_a,d1,a,common_grid,all5,rmse,p08,complete,88.65191248,16.989461980575484,13.711709283370336,0.41212308234868866,0.5971655415340436,0.03697328806013759,0.0,,,,,,
d1_a,d1,a,common_grid,all5,rmse,p09,complete,88.65191248,7.799353164156848,2.50816039317478,0.41212308234868866,0.5971655415340436,0.05968503806588231,0.0,,,,,,
d1_a,d1,a,common_grid,all5,rmse,p10,complete,88.65191248,15.377393814181788,9.949677131682517,0.41212308234868866,0.5971655415340436,0.061225037685721385,0.0,,,,,,
d1_a,d1,a,common_grid,all5,rmse,p11,complete,88.65191248,9.809614491360408,8.33837853554007,0.41212308234868866,0.5971655415340436,0.016595648245628678,0.0,,,,,,
d1_a,d1,a,common_grid,all5,rmse,p12,complete,88.65191248,2.1405896023616853,1.2041198120844676,0.41212308234868866,0.5971655415340436,0.01056344712798482,0.0,,,,,,
d1_a,d1,a,common_grid,all5,mae,p08,complete,88.65191248,15.92564641861151,13.617995671596145,0.43084967812369046,0.5982089536155164,0.02603046773002188,0.0,,,,,,
d1_a,d1,a,common_grid,all5,mae,p09,complete,88.65191248,7.612209713177191,2.5102003535612534,0.43084967812369046,0.5982089536155164,0.05755103546995625,0.0,,,,,,
d1_a,d1,a,common_grid,all5,mae,p10,complete,88.65191248,15.280088313198226,9.92430736587726,0.43084967812369046,0.5982089536155164,0.060413597377600166,0.0,,,,,,
d1_a,d1,a,common_grid,all5,mae,p11,complete,88.65191248,10.119479016748638,8.36469173068652,0.43084967812369046,0.5982089536155164,0.019794127808105678,0.0,,,,,,
d1_a,d1,a,common_grid,all5,mae,p12,complete,88.65191248,1.51884106120685,1.202349557603687,0.43084967812369046,0.5982089536155164,0.003570047106141833,0.0,,,,,,
d1_a,d1,a,common_grid,all5,sam,p08,complete,88.65191248,17.388767498723794,14.130646119350484,0.39984735465591925,0.5848568982423326,0.03675184537173235,0.0,,,,,,
d1_a,d1,a,common_grid,all5,sam,p09,complete,88.65191248,8.672927441751263,2.765650756289388,0.39984735465591925,0.5848568982423326,0.06663450928703389,0.0,,,,,,
d1_a,d1,a,common_grid,all5,sam,p10,complete,88.65191248,15.744035768082423,10.396062084095597,0.39984735465591925,0.5848568982423326,0.060325530881167815,0.0,,,,,,
d1_a,d1,a,common_grid,all5,sam,p11,complete,88.65191248,9.575329727552868,8.31147344894648,0.39984735465591925,0.5848568982423326,0.01425639045171774,0.0,,,,,,
d1_a,d1,a,common_grid,all5,sam,p12,complete,88.65191248,1.8236193535735745,1.1993975150145177,0.39984735465591925,0.5848568982423326,0.0070412675947615026,0.0,,,,,,
d1_a,d1,a,common_grid,all5,pearson_r,p08,complete,88.65191248,18.894249406274227,13.913574293882089,0.3306977186467006,0.588261828704167,0.05618237636459092,0.0,,,,,,
d1_a,d1,a,common_grid,all5,pearson_r,p09,complete,88.65191248,6.014566240408209,2.7804536313352006,0.3306977186467006,0.588261828704167,0.03648102470211942,0.0,,,,,,
d1_a,d1,a,common_grid,all5,pearson_r,p10,complete,88.65191248,17.377460365894052,10.213935556787188,0.3306977186467006,0.588261828704167,0.08080507919919905,0.0,,,,,,
d1_a,d1,a,common_grid,all5,pearson_r,p11,complete,88.65191248,14.284675103370535,8.38732176758057,0.3306977186467006,0.588261828704167,0.06652257318329616,0.0,,,,,,
d1_a,d1,a,common_grid,all5,pearson_r,p12,complete,88.65191248,2.763976153250014,1.2060910768083828,0.3306977186467006,0.588261828704167,0.017573056608260907,0.0,,,,,,
d1_a,d1,a,common_grid,all5,nmse,p08,complete,88.65191248,17.13215618528139,14.386941152380953,0.402998186968489,0.5783515163759188,0.030966224598028412,0.0,,,,,,
d1_a,d1,a,common_grid,all5,nmse,p09,complete,88.65191248,8.847360136135638,2.835957360264373,0.402998186968489,0.5783515163759188,0.06780905913594865,0.0,,,,,,
d1_a,d1,a,common_grid,all5,nmse,p10,complete,88.65191248,15.480055231024783,10.6454309582846,0.402998186968489,0.5783515163759188,0.05453491230469372,0.0,,,,,,
d1_a,d1,a,common_grid,all5,nmse,p11,complete,88.65191248,9.729321327633684,8.311508214100948,0.402998186968489,0.5783515163759188,0.015993034711491355,0.0,,,,,,
d1_a,d1,a,common_grid,all5,nmse,p12,complete,88.65191248,1.7364595991953413,1.2001067825358853,0.402998186968489,0.5783515163759188,0.006050098657267636,0.0,,,,,,
d1_a,d1,a,common_grid,all5,wasserstein_1_cm1,p08,complete,88.65191248,15.787288431878007,14.515521778701245,0.5367636257684383,0.5834784015550218,0.014345620050370296,0.0,,,,,,
d1_a,d1,a,common_grid,all5,wasserstein_1_cm1,p09,complete,88.65191248,4.310820998200228,3.1239189663528464,0.5367636257684383,0.5834784015550218,0.013388340969126278,0.0,,,,,,
d1_a,d1,a,common_grid,all5,wasserstein_1_cm1,p10,complete,88.65191248,11.398863266495056,10.731041201001638,0.5367636257684383,0.5834784015550218,0.007533081315578831,0.0,,,,,,
d1_a,d1,a,common_grid,all5,wasserstein_1_cm1,p11,complete,88.65191248,8.403590437331943,7.463625850819117,0.5367636257684383,0.5834784015550218,0.010602868682893719,0.0,,,,,,
d1_a,d1,a,common_grid,all5,wasserstein_1_cm1,p12,complete,88.65191248,1.1662273720236906,1.09132849449906,0.5367636257684383,0.5834784015550218,0.0008448647686143061,0.0,,,,,,
d1_a,d1,a,common_grid,all5,is_like_structure_to_noise,p08,complete,88.65191248,29.164026659545506,21.717201600000003,0.0005219844929069684,0.38180822935351155,0.08400072656329349,0.0,,,,,,
d1_a,d1,a,common_grid,all5,is_like_structure_to_noise,p09,complete,88.65191248,7.4686792601171845,4.8262049295226515,0.0005219844929069684,0.38180822935351155,0.029807302027361003,0.0,,,,,,
d1_a,d1,a,common_grid,all5,is_like_structure_to_noise,p10,complete,88.65191248,28.386331643401157,17.903837183333334,0.0005219844929069684,0.38180822935351155,0.11824329748591364,0.0,,,,,,
d1_a,d1,a,common_grid,all5,is_like_structure_to_noise,p11,complete,88.65191248,13.048754215101074,9.093656073313785,0.0005219844929069684,0.38180822935351155,0.04461379378227815,0.0,,,,,,
d1_a,d1,a,common_grid,all5,is_like_structure_to_noise,p12,complete,88.65191248,10.537845778253972,1.262982961038961,0.0005219844929069684,0.38180822935351155,0.10462112500175827,0.0,,,,,,
d1_a,d1,a,common_grid,all5,precision,p08,complete,88.65191248,28.57909412989341,15.018632719191919,0.011594405397658436,0.5773560523225127,0.15296298784034412,0.0,,,,,,
d1_a,d1,a,common_grid,all5,precision,p09,complete,88.65191248,6.8090753807587046,2.7751868113483398,0.011594405397658436,0.5773560523225127,0.0455025555181386,0.0,,,,,,
d1_a,d1,a,common_grid,all5,precision,p10,complete,88.65191248,28.50277877946544,10.334076822773426,0.011594405397658436,0.5773560523225127,0.20494427529457865,0.0,,,,,,
d1_a,d1,a,common_grid,all5,precision,p11,complete,88.65191248,13.304083924765424,8.148028541342104,0.011594405397658436,0.5773560523225127,0.058160678536817056,0.0,,,,,,
d1_a,d1,a,common_grid,all5,precision,p12,complete,88.65191248,10.429014052546162,1.1922693650505054,0.011594405397658436,0.5773560523225127,0.10419114973497588,0.0,,,,,,
d1_a,d1,a,common_grid,all5,recall,p08,complete,88.65191248,28.446841897586797,14.521443571086913,0.020081545641192355,0.5885467750696673,0.15707950270831972,0.0,,,,,,
d1_a,d1,a,common_grid,all5,recall,p09,complete,88.65191248,6.505336500876615,2.747710269809488,0.020081545641192355,0.5885467750696673,0.04238629631272594,0.0,,,,,,
d1_a,d1,a,common_grid,all5,recall,p10,complete,88.65191248,28.08911640990398,10.312435243905025,0.020081545641192355,0.5885467750696673,0.20052225235422189,0.0,,,,,,
d1_a,d1,a,common_grid,all5,recall,p11,complete,88.65191248,13.240296017146482,7.840012153095138,0.020081545641192355,0.5885467750696673,0.0609155935047612,0.0,,,,,,
d1_a,d1,a,common_grid,all5,recall,p12,complete,88.65191248,10.590054227840017,1.0545140482410311,0.020081545641192355,0.5885467750696673,0.10756158454844639,0.0,,,,,,
d1_a,d1,a,common_grid,all5,f1,p08,complete,88.65191248,28.369348313773564,14.239479642268565,0.014501267112476013,0.590017663423748,0.15938594302398967,0.0,,,,,,
d1_a,d1,a,common_grid,all5,f1,p09,complete,88.65191248,6.734776487683726,2.617389549092868,0.014501267112476013,0.590017663423748,0.04644442317609051,0.0,,,,,,
d1_a,d1,a,common_grid,all5,f1,p10,complete,88.65191248,28.228035107547253,10.246667063150827,0.014501267112476013,0.590017663423748,0.20283113518225618,0.0,,,,,,
d1_a,d1,a,common_grid,all5,f1,p11,complete,88.65191248,13.435956740484237,8.083354800118526,0.014501267112476013,0.590017663423748,0.060377737948668214,0.0,,,,,,
d1_a,d1,a,common_grid,all5,f1,p12,complete,88.65191248,10.598230767606896,1.158827165873016,0.014501267112476013,0.590017663423748,0.10647715698026734,0.0,,,,,,
d1_a,d1,a,common_grid,all5,artifact_peak_ratio,p08,complete,88.65191248,28.57909412989341,15.018632719191919,0.011594405397658436,0.5773560523225127,0.15296298784034412,0.0,,,,,,
d1_a,d1,a,common_grid,all5,artifact_peak_ratio,p09,complete,88.65191248,6.8090753807587046,2.7751868113483398,0.011594405397658436,0.5773560523225127,0.0455025555181386,0.0,,,,,,
d1_a,d1,a,common_grid,all5,artifact_peak_ratio,p10,complete,88.65191248,28.50277877946544,10.334076822773426,0.011594405397658436,0.5773560523225127,0.20494427529457865,0.0,,,,,,
d1_a,d1,a,common_grid,all5,artifact_peak_ratio,p11,complete,88.65191248,13.304083924765424,8.148028541342104,0.011594405397658436,0.5773560523225127,0.058160678536817056,0.0,,,,,,
d1_a,d1,a,common_grid,all5,artifact_peak_ratio,p12,complete,88.65191248,10.429014052546162,1.1922693650505054,0.011594405397658436,0.5773560523225127,0.10419114973497588,0.0,,,,,,
d1_a,d1,a,common_grid,all5,missing_peak_ratio,p08,complete,88.65191248,28.446841897586797,14.521443571086913,0.020081545641192355,0.5885467750696673,0.15707950270831972,0.0,,,,,,
d1_a,d1,a,common_grid,all5,missing_peak_ratio,p09,complete,88.65191248,6.505336500876615,2.747710269809488,0.020081545641192355,0.5885467750696673,0.04238629631272594,0.0,,,,,,
d1_a,d1,a,common_grid,all5,missing_peak_ratio,p10,complete,88.65191248,28.08911640990398,10.312435243905025,0.020081545641192355,0.5885467750696673,0.20052225235422189,0.0,,,,,,
d1_a,d1,a,common_grid,all5,missing_peak_ratio,p11,complete,88.65191248,13.240296017146482,7.840012153095138,0.020081545641192355,0.5885467750696673,0.0609155935047612,0.0,,,,,,
d1_a,d1,a,common_grid,all5,missing_peak_ratio,p12,complete,88.65191248,10.590054227840017,1.0545140482410311,0.020081545641192355,0.5885467750696673,0.10756158454844639,0.0,,,,,,
d1_a,d1,a,common_grid,no_axis,mse,p08,complete,56.51347731111111,15.000692948683877,13.711709283370336,0.3283318420343603,0.5369228419869958,0.02280842954004732,0.0,,,,,,
d1_a,d1,a,common_grid,no_axis,mse,p09,complete,56.51347731111111,10.247797535215636,2.5086723904660158,0.3283318420343603,0.5369228419869958,0.13694300037750523,0.0,,,,,,
d1_a,d1,a,common_grid,no_axis,mse,p10,complete,56.51347731111111,12.70981272188746,9.949718788825374,0.3283318420343603,0.5369228419869958,0.04883957003508303,0.0,,,,,,
d1_a,d1,a,common_grid,no_axis,rmse,p08,complete,56.51347731111111,14.983580937480069,13.711709283370336,0.3303997678521211,0.536932638843612,0.022505634312820263,0.0,,,,,,
d1_a,d1,a,common_grid,no_axis,rmse,p09,complete,56.51347731111111,10.15216399903146,2.50816039317478,0.3303997678521211,0.536932638843612,0.1352598348138417,0.0,,,,,,
d1_a,d1,a,common_grid,no_axis,rmse,p10,complete,56.51347731111111,12.705692590492351,9.949677131682517,0.3303997678521211,0.536932638843612,0.04876740186482868,0.0,,,,,,
d1_a,d1,a,common_grid,no_axis,mae,p08,complete,56.51347731111111,14.593926765793814,13.617995671596145,0.3427212375611791,0.539003709723725,0.01726899742560686,0.0,,,,,,
d1_a,d1,a,common_grid,no_axis,mae,p09,complete,56.51347731111111,9.576490949573257,2.5102003535612534,0.3427212375611791,0.539003709723725,0.1250372642460403,0.0,,,,,,
d1_a,d1,a,common_grid,no_axis,mae,p10,complete,56.51347731111111,12.974690712794418,9.92430736587726,0.3427212375611791,0.539003709723725,0.05397621049089868,0.0,,,,,,
d1_a,d1,a,common_grid,no_axis,sam,p08,complete,56.51347731111111,15.770691139704759,14.130646119350484,0.29088592187390494,0.5170645966538406,0.029020423063434934,0.0,,,,,,
d1_a,d1,a,common_grid,no_axis,sam,p09,complete,56.51347731111111,10.74839277592633,2.765650756289388,0.29088592187390494,0.5170645966538406,0.14125377519580548,0.0,,,,,,
d1_a,d1,a,common_grid,no_axis,sam,p10,complete,56.51347731111111,13.555418449537449,10.396062084095597,0.29088592187390494,0.5170645966538406,0.0559044765206952,0.0,,,,,,
d1_a,d1,a,common_grid,no_axis,pearson_r,p08,complete,56.51347731111111,15.401336903058098,13.913574293882089,0.31755563234488315,0.5238664339503648,0.026325801914218766,0.0,,,,,,
d1_a,d1,a,common_grid,no_axis,pearson_r,p09,complete,56.51347731111111,10.236307627383361,2.7804536313352006,0.31755563234488315,0.5238664339503648,0.13193054738081506,0.0,,,,,,
d1_a,d1,a,common_grid,no_axis,pearson_r,p10,complete,56.51347731111111,12.929659757131551,10.213935556787188,0.31755563234488315,0.5238664339503648,0.04805445231044781,0.0,,,,,,
d1_a,d1,a,common_grid,no_axis,nmse,p08,complete,56.51347731111111,15.791287819079146,14.386941152380953,0.2903559758427332,0.5068728594152401,0.024849765640276533,0.0,,,,,,
d1_a,d1,a,common_grid,no_axis,nmse,p09,complete,56.51347731111111,10.752960456502871,2.835957360264373,0.2903559758427332,0.5068728594152401,0.14009053190365153,0.0,,,,,,
d1_a,d1,a,common_grid,no_axis,nmse,p10,complete,56.51347731111111,13.56020318259526,10.6454309582846,0.2903559758427332,0.5068728594152401,0.051576586028578814,0.0,,,,,,
d1_a,d1,a,common_grid,no_axis,wasserstein_1_cm1,p08,complete,56.51347731111111,15.787288431878007,14.515521778701245,0.452106855641926,0.49798732451245187,0.02250377633242396,0.0,,,,,,
d1_a,d1,a,common_grid,no_axis,wasserstein_1_cm1,p09,complete,56.51347731111111,3.7885174429672075,3.1239189663528464,0.452106855641926,0.49798732451245187,0.011759999706896354,0.0,,,,,,
d1_a,d1,a,common_grid,no_axis,wasserstein_1_cm1,p10,complete,56.51347731111111,11.387540907748125,10.731041201001638,0.452106855641926,0.49798732451245187,0.011616692831205649,0.0,,,,,,
d1_a,d1,a,common_grid,no_axis,is_like_structure_to_noise,p08,complete,56.51347731111111,22.80168616438419,21.717201600000003,2.3434284295520413e-05,0.21351072650917524,0.019189839591961712,0.0,,,,,,
d1_a,d1,a,common_grid,no_axis,is_like_structure_to_noise,p09,complete,56.51347731111111,13.403612506886224,4.8262049295226515,2.3434284295520413e-05,0.21351072650917524,0.15177631930423027,0.0,,,,,,
d1_a,d1,a,common_grid,no_axis,is_like_structure_to_noise,p10,complete,56.51347731111111,20.30685428694686,17.903837183333334,2.3434284295520413e-05,0.21351072650917524,0.04252113332868773,0.0,,,,,,
d1_a,d1,a,common_grid,no_axis,precision,p08,complete,56.51347731111111,19.468212603621545,15.018632719191919,0.048141496032107156,0.5022798509023357,0.07873484514029001,0.0,,,,,,
d1_a,d1,a,common_grid,no_axis,precision,p09,complete,56.51347731111111,14.987677768647284,2.7751868113483398,0.048141496032107156,0.5022798509023357,0.21609873499852483,0.0,,,,,,
d1_a,d1,a,common_grid,no_axis,precision,p10,complete,56.51347731111111,19.336943595108842,10.334076822773426,0.048141496032107156,0.5022798509023357,0.15930477473141366,0.0,,,,,,
d1_a,d1,a,common_grid,no_axis,recall,p08,complete,56.51347731111111,18.886957437125105,14.521443571086913,0.0751930899973885,0.5119467002010402,0.07724730584185605,0.0,,,,,,
d1_a,d1,a,common_grid,no_axis,recall,p09,complete,56.51347731111111,15.868962330685896,2.747710269809488,0.0751930899973885,0.5119467002010402,0.2321791665489435,0.0,,,,,,
d1_a,d1,a,common_grid,no_axis,recall,p10,complete,56.51347731111111,17.50813455778035,10.312435243905025,0.0751930899973885,0.5119467002010402,0.12732713781285201,0.0,,,,,,
d1_a,d1,a,common_grid,no_axis,f1,p08,complete,56.51347731111111,19.08564472738579,14.239479642268565,0.06763545088920475,0.5204057944389943,0.08575237829445022,0.0,,,,,,
d1_a,d1,a,common_grid,no_axis,f1,p09,complete,56.51347731111111,15.583324117216115,2.617389549092868,0.06763545088920475,0.5204057944389943,0.22943083995247301,0.0,,,,,,
d1_a,d1,a,common_grid,no_axis,f1,p10,complete,56.51347731111111,18.022193947255357,10.246667063150827,0.06763545088920475,0.5204057944389943,0.13758712530286618,0.0,,,,,,
d1_a,d1,a,common_grid,no_axis,artifact_peak_ratio,p08,complete,56.51347731111111,19.468212603621545,15.018632719191919,0.048141496032107156,0.5022798509023357,0.07873484514029001,0.0,,,,,,
d1_a,d1,a,common_grid,no_axis,artifact_peak_ratio,p09,complete,56.51347731111111,14.987677768647284,2.7751868113483398,0.048141496032107156,0.5022798509023357,0.21609873499852483,0.0,,,,,,
d1_a,d1,a,common_grid,no_axis,artifact_peak_ratio,p10,complete,56.51347731111111,19.336943595108842,10.334076822773426,0.048141496032107156,0.5022798509023357,0.15930477473141366,0.0,,,,,,
d1_a,d1,a,common_grid,no_axis,missing_peak_ratio,p08,complete,56.51347731111111,18.886957437125105,14.521443571086913,0.0751930899973885,0.5119467002010402,0.07724730584185605,0.0,,,,,,
d1_a,d1,a,common_grid,no_axis,missing_peak_ratio,p09,complete,56.51347731111111,15.868962330685896,2.747710269809488,0.0751930899973885,0.5119467002010402,0.2321791665489435,0.0,,,,,,
d1_a,d1,a,common_grid,no_axis,missing_peak_ratio,p10,complete,56.51347731111111,17.50813455778035,10.312435243905025,0.0751930899973885,0.5119467002010402,0.12732713781285201,0.0,,,,,,
d2_5_a,d2_5,a,native,all5,mse,p08,complete,37.05658591666666,5.272719691899088,4.6704997636585635,0.559005494915671,0.687013261072217,0.016251360273577417,0.0,,,,,,
d2_5_a,d2_5,a,native,all5,mse,p09,complete,37.05658591666666,4.161397641543588,1.0771710958815826,0.559005494915671,0.687013261072217,0.08323018619680331,0.0,,,,,,
d2_5_a,d2_5,a,native,all5,mse,p10,complete,37.05658591666666,5.57608289537136,4.53358560564789,0.559005494915671,0.687013261072217,0.028132577892303712,0.0,,,,,,
d2_5_a,d2_5,a,native,all5,mse,p11,complete,37.05658591666666,1.1087601576995378,1.1013491833333335,0.559005494915671,0.687013261072217,0.0001999907488204706,1.0,0.010441666666666675,0.004884773662551467,240,0.007410974366204291,0.007410974366204526,2.3505503099485736e-16
d2_5_a,d2_5,a,native,all5,mse,p12,complete,37.05658591666666,0.22279037992176007,0.21561433333333346,0.559005494915671,0.687013261072217,0.00019365104504133715,1.0,-0.0005833333333333199,0.004884773662551467,240,0.007176046588426597,0.0071760465884266045,7.806255641895632e-18
d2_5_a,d2_5,a,native,all5,rmse,p08,complete,37.05658591666666,5.2769896230795315,4.670499763658563,0.5590513227694833,0.6878674029420895,0.016366587596192785,0.0,,,,,,
d2_5_a,d2_5,a,native,all5,rmse,p09,complete,37.05658591666666,4.155461018358488,1.047266110995671,0.5590513227694833,0.6878674029420895,0.08387699056660447,0.0,,,,,,
d2_5_a,d2_5,a,native,all5,rmse,p10,complete,37.05658591666666,5.576051363573839,4.531839008947858,0.5590513227694833,0.6878674029420895,0.028178860215947028,0.0,,,,,,
d2_5_a,d2_5,a,native,all5,rmse,p11,complete,37.05658591666666,1.1087601576995378,1.1013491833333335,0.5590513227694833,0.6878674029420895,0.0001999907488204706,1.0,,,,,,
d2_5_a,d2_5,a,native,all5,rmse,p12,complete,37.05658591666666,0.22279037992176007,0.21561433333333346,0.5590513227694833,0.6878674029420895,0.00019365104504133715,1.0,,,,,,
d2_5_a,d2_5,a,native,all5,mae,p08,complete,37.05658591666666,5.00389083111407,4.597472813037874,0.5688664270047347,0.6906939334587403,0.010967497626202104,0.0,,,,,,
d2_5_a,d2_5,a,native,all5,mae,p09,complete,37.05658591666666,3.8891464570624605,1.0460748019047619,0.5688664270047347,0.6906939334587403,0.07672243907064821,0.0,,,,,,
d2_5_a,d2_5,a,native,all5,mae,p10,complete,37.05658591666666,5.751749920365629,4.501315697723101,0.5688664270047347,0.6906939334587403,0.033743913307462306,0.0,,,,,,
d2_5_a,d2_5,a,native,all5,mae,p11,complete,37.05658591666666,1.1087903403581842,1.1013491833333335,0.5688664270047347,0.6906939334587403,0.0002008052506937491,1.0,,,,,,
d2_5_a,d2_5,a,native,all5,mae,p12,complete,37.05658591666666,0.22276074035818424,0.21561433333333346,0.5688664270047347,0.6906939334587403,0.0001928511989993282,1.0,,,,,,
d2_5_a,d2_5,a,native,all5,sam,p08,complete,37.05658591666666,5.625974123046911,4.464862437332411,0.5423886711708692,0.6813659340400214,0.03133347708624921,0.0,,,,,,
d2_5_a,d2_5,a,native,all5,sam,p09,complete,37.05658591666666,4.204213835490627,1.2409875102486274,0.5423886711708692,0.6813659340400214,0.07996490372604056,0.0,,,,,,
d2_5_a,d2_5,a,native,all5,sam,p10,complete,37.05658591666666,5.7957728774943,4.784677176975071,0.5423886711708692,0.6813659340400214,0.027285182255942172,0.0,,,,,,
d2_5_a,d2_5,a,native,all5,sam,p11,complete,37.05658591666666,1.1088562566259017,1.1013491833333335,0.5423886711708692,0.6813659340400214,0.00020258405103617416,1.0,,,,,,
d2_5_a,d2_5,a,native,all5,sam,p12,complete,37.05658591666666,0.22269643053894544,0.21561433333333346,0.5423886711708692,0.6813659340400214,0.00019111574988419814,1.0,,,,,,
d2_5_a,d2_5,a,native,all5,pearson_r,p08,complete,37.05658591666666,5.5796209201611475,4.966227101572255,0.5463709574654891,0.673598853667098,0.016552896156389055,0.0,,,,,,
d2_5_a,d2_5,a,native,all5,pearson_r,p09,complete,37.05658591666666,4.1433901434963065,1.1430306364834124,0.5463709574654891,0.673598853667098,0.08096697072310281,0.0,,,,,,
d2_5_a,d2_5,a,native,all5,pearson_r,p10,complete,37.05658591666666,5.755381887162926,4.669090867661335,0.5463709574654891,0.673598853667098,0.029314384815278316,0.0,,,,,,
d2_5_a,d2_5,a,native,all5,pearson_r,p11,complete,37.05658591666666,1.1087662922733552,1.1013491833333335,0.5463709574654891,0.673598853667098,0.0002001562949350375,1.0,,,,,,
d2_5_a,d2_5,a,native,all5,pearson_r,p12,complete,37.05658591666666,0.2227843458816029,0.21561433333333346,0.5463709574654891,0.673598853667098,0.0001934882119036396,1.0,,,,,,
d2_5_a,d2_5,a,native,all5,nmse,p08,complete,37.05658591666666,5.7121163901933585,5.261358266666666,0.5467675651443442,0.6560527482080013,0.012164048909966052,0.0,,,,,,
d2_5_a,d2_5,a,native,all5,nmse,p09,complete,37.05658591666666,3.9023361659625753,1.1793013701649173,0.5467675651443442,0.6560527482080013,0.07348315362676029,0.0,,,,,,
d2_5_a,d2_5,a,native,all5,nmse,p10,complete,37.05658591666666,5.849241419127853,4.987887733333334,0.5467675651443442,0.6560527482080013,0.023244280726010286,0.0,,,,,,
d2_5_a,d2_5,a,native,all5,nmse,p11,complete,37.05658591666666,1.1088562566259017,1.1013491833333335,0.5467675651443442,0.6560527482080013,0.00020258405103617416,1.0,,,,,,
d2_5_a,d2_5,a,native,all5,nmse,p12,complete,37.05658591666666,0.22269643053894544,0.21561433333333346,0.5467675651443442,0.6560527482080013,0.00019111574988419814,1.0,,,,,,
d2_5_a,d2_5,a,native,all5,wasserstein_1_cm1,p08,complete,37.05658591666666,5.795116060294251,4.826629884698189,0.6164535228369746,0.6695739931233824,0.026135331996693014,0.0,,,,,,
d2_5_a,d2_5,a,native,all5,wasserstein_1_cm1,p09,complete,37.05658591666666,1.8206010176535785,1.3199089155322647,0.6164535228369746,0.6695739931233824,0.013511555091644888,0.0,,,,,,
d2_5_a,d2_5,a,native,all5,wasserstein_1_cm1,p10,complete,37.05658591666666,5.3739414491356206,4.884786495384055,0.6164535228369746,0.6695739931233824,0.013200216416363453,0.0,,,,,,
d2_5_a,d2_5,a,native,all5,wasserstein_1_cm1,p11,complete,37.05658591666666,1.0075934696987263,1.0037000359671222,0.6164535228369746,0.6695739931233824,0.00010506725418147477,0.0,,,,,,
d2_5_a,d2_5,a,native,all5,wasserstein_1_cm1,p12,complete,37.05658591666666,0.21567098724430206,0.20943438134284031,0.6164535228369746,0.6695739931233824,0.00016829952752492417,0.0,,,,,,
d2_5_a,d2_5,a,native,all5,is_like_structure_to_noise,p08,complete,37.05658591666666,13.22900389115646,9.922281849999997,0.0009267150510537947,0.39259982190790654,0.0892343954349346,0.0,,,,,,
d2_5_a,d2_5,a,native,all5,is_like_structure_to_noise,p09,complete,37.05658591666666,2.804919741845456,2.0499187852682987,0.0009267150510537947,0.39259982190790654,0.020374271884490758,0.0,,,,,,
d2_5_a,d2_5,a,native,all5,is_like_structure_to_noise,p10,complete,37.05658591666666,13.724981986394555,9.219012733333333,0.0009267150510537947,0.39259982190790654,0.12159698854056078,0.0,,,,,,
d2_5_a,d2_5,a,native,all5,is_like_structure_to_noise,p11,complete,37.05658591666666,3.7803917006802745,1.1013491833333335,0.0009267150510537947,0.39259982190790654,0.07229598871767645,1.0,,,,,,
d2_5_a,d2_5,a,native,all5,is_like_structure_to_noise,p12,complete,37.05658591666666,3.4829477006802745,0.21561433333333346,0.0009267150510537947,0.39259982190790654,0.08817146227919008,1.0,,,,,,
d2_5_a,d2_5,a,native,all5,precision,p08,complete,37.05658591666666,9.82704945272962,6.543704876425679,0.2117698673740227,0.637972748617287,0.08860353686353,0.0,,,,,,
d2_5_a,d2_5,a,native,all5,precision,p09,complete,37.05658591666666,4.4310240412832576,1.259412453784524,0.2117698673740227,0.637972748617287,0.08558833764748579,0.0,,,,,,
d2_5_a,d2_5,a,native,all5,precision,p10,complete,37.05658591666666,10.621780818309807,4.391209113251454,0.2117698673740227,0.637972748617287,0.16813669017080377,0.0,,,,,,
d2_5_a,d2_5,a,native,all5,precision,p11,complete,37.05658591666666,2.3321814885173335,1.0138900884843443,0.2117698673740227,0.637972748617287,0.03557509056548221,0.5,,,,,,
d2_5_a,d2_5,a,native,all5,precision,p12,complete,37.05658591666666,1.9970818309200675,0.20727741309218142,0.2117698673740227,0.637972748617287,0.04829922599596255,0.5,,,,,,
d2_5_a,d2_5,a,native,all5,recall,p08,complete,37.05658591666666,9.109154026959208,5.71313588133089,0.239676856930227,0.6673901445509496,0.09164411835632474,0.0,,,,,,
d2_5_a,d2_5,a,native,all5,recall,p09,complete,37.05658591666666,4.774275934194018,1.2479770474036713,0.239676856930227,0.6673901445509496,0.09515984269895598,0.0,,,,,,
d2_5_a,d2_5,a,native,all5,recall,p10,complete,37.05658591666666,9.763747677181689,4.143105254866729,0.239676856930227,0.6673901445509496,0.15167728713472778,0.0,,,,,,
d2_5_a,d2_5,a,native,all5,recall,p11,complete,37.05658591666666,2.359707921671631,1.0138900884843443,0.239676856930227,0.6673901445509496,0.03631791218472687,0.5,,,,,,
d2_5_a,d2_5,a,native,all5,recall,p12,complete,37.05658591666666,2.1680943155885397,0.20727741309218142,0.239676856930227,0.6673901445509496,0.05291412724598723,0.5,,,,,,
d2_5_a,d2_5,a,native,all5,f1,p08,complete,37.05658591666666,9.234420968940604,5.567659780519479,0.2324398144091394,0.6685256674530959,0.09895032415201403,0.0,,,,,,
d2_5_a,d2_5,a,native,all5,f1,p09,complete,37.05658591666666,4.707595314144134,1.2357543064222047,0.2324398144091394,0.6685256674530959,0.09369025564118216,0.0,,,,,,
d2_5_a,d2_5,a,native,all5,f1,p10,complete,37.05658591666666,10.03562900662114,4.2587254946758755,0.2324398144091394,0.6685256674530959,0.15589411083191637,0.0,,,,,,
d2_5_a,d2_5,a,native,all5,f1,p11,complete,37.05658591666666,2.330852159863301,1.0138900884843443,0.2324398144091394,0.6685256674530959,0.03553921762626914,0.5,,,,,,
d2_5_a,d2_5,a,native,all5,f1,p12,complete,37.05658591666666,2.1346625139911515,0.20727741309218142,0.2324398144091394,0.6685256674530959,0.05201194479257477,0.5,,,,,,
d2_5_a,d2_5,a,native,all5,artifact_peak_ratio,p08,complete,37.05658591666666,9.82704945272962,6.543704876425679,0.2117698673740227,0.637972748617287,0.08860353686353,0.0,,,,,,
d2_5_a,d2_5,a,native,all5,artifact_peak_ratio,p09,complete,37.05658591666666,4.4310240412832576,1.259412453784524,0.2117698673740227,0.637972748617287,0.08558833764748579,0.0,,,,,,
d2_5_a,d2_5,a,native,all5,artifact_peak_ratio,p10,complete,37.05658591666666,10.621780818309807,4.391209113251454,0.2117698673740227,0.637972748617287,0.16813669017080377,0.0,,,,,,
d2_5_a,d2_5,a,native,all5,artifact_peak_ratio,p11,complete,37.05658591666666,2.3321814885173335,1.0138900884843443,0.2117698673740227,0.637972748617287,0.03557509056548221,0.5,,,,,,
d2_5_a,d2_5,a,native,all5,artifact_peak_ratio,p12,complete,37.05658591666666,1.9970818309200675,0.20727741309218142,0.2117698673740227,0.637972748617287,0.04829922599596255,0.5,,,,,,
d2_5_a,d2_5,a,native,all5,missing_peak_ratio,p08,complete,37.05658591666666,9.109154026959208,5.71313588133089,0.239676856930227,0.6673901445509496,0.09164411835632474,0.0,,,,,,
d2_5_a,d2_5,a,native,all5,missing_peak_ratio,p09,complete,37.05658591666666,4.774275934194018,1.2479770474036713,0.239676856930227,0.6673901445509496,0.09515984269895598,0.0,,,,,,
d2_5_a,d2_5,a,native,all5,missing_peak_ratio,p10,complete,37.05658591666666,9.763747677181689,4.143105254866729,0.239676856930227,0.6673901445509496,0.15167728713472778,0.0,,,,,,
d2_5_a,d2_5,a,native,all5,missing_peak_ratio,p11,complete,37.05658591666666,2.359707921671631,1.0138900884843443,0.239676856930227,0.6673901445509496,0.03631791218472687,0.5,,,,,,
d2_5_a,d2_5,a,native,all5,missing_peak_ratio,p12,complete,37.05658591666666,2.1680943155885397,0.20727741309218142,0.239676856930227,0.6673901445509496,0.05291412724598723,0.5,,,,,,
d2_5_a,d2_5,a,native,no_axis,mse,p08,complete,25.57677297777778,5.272712048060919,4.6704997636585635,0.413134595511651,0.5980237040020318,0.0235452801229297,0.0,,,,,,
d2_5_a,d2_5,a,native,no_axis,mse,p09,complete,25.57677297777778,4.161320841326819,1.0771710958815826,0.413134595511651,0.5980237040020318,0.12058400596998224,0.0,,,,,,
d2_5_a,d2_5,a,native,no_axis,mse,p10,complete,25.57677297777778,5.576090329722492,4.53358560564789,0.413134595511651,0.5980237040020318,0.04075982239746881,0.0,,,,,,
d2_5_a,d2_5,a,native,no_axis,rmse,p08,complete,25.57677297777778,5.276981979241363,4.670499763658563,0.4132009926213901,0.5992612167098876,0.023712225780388275,0.0,,,,,,
d2_5_a,d2_5,a,native,no_axis,rmse,p09,complete,25.57677297777778,4.155384218141719,1.047266110995671,0.4132009926213901,0.5992612167098876,0.1215211203480016,0.0,,,,,,
d2_5_a,d2_5,a,native,no_axis,rmse,p10,complete,25.57677297777778,5.576058797924972,4.531839008947858,0.4132009926213901,0.5992612167098876,0.04082687796010768,0.0,,,,,,
d2_5_a,d2_5,a,native,no_axis,mae,p08,complete,25.57677297777778,5.003878428572537,4.597472813037874,0.4274223147613748,0.6033563999070548,0.015889636111942867,0.0,,,,,,
d2_5_a,d2_5,a,native,no_axis,mae,p09,complete,25.57677297777778,3.889047357964862,1.0460748019047619,0.4274223147613748,0.6033563999070548,0.11115446653611069,0.0,,,,,,
d2_5_a,d2_5,a,native,no_axis,mae,p10,complete,25.57677297777778,5.751763680952422,4.501315697723101,0.4274223147613748,0.6033563999070548,0.048889982497626466,0.0,,,,,,
d2_5_a,d2_5,a,native,no_axis,sam,p08,complete,25.57677297777778,5.625974123046911,4.464862437332411,0.3890759569278318,0.5898416452430986,0.045397114277212554,0.0,,,,,,
d2_5_a,d2_5,a,native,no_axis,sam,p09,complete,25.57677297777778,4.2037185557817685,1.2409875102486274,0.3890759569278318,0.5898416452430986,0.11583678082091478,0.0,,,,,,
d2_5_a,d2_5,a,native,no_axis,sam,p10,complete,25.57677297777778,5.7957728774943,4.784677176975071,0.3890759569278318,0.5898416452430986,0.0395317932171394,0.0,,,,,,
d2_5_a,d2_5,a,native,no_axis,pearson_r,p08,complete,25.57677297777778,5.579609422845811,4.966227101572255,0.3948301257006649,0.5785884085110462,0.02398200593196372,0.0,,,,,,
d2_5_a,d2_5,a,native,no_axis,pearson_r,p09,complete,25.57677297777778,4.143306926593341,1.1430306364834124,0.3948301257006649,0.5785884085110462,0.11730472381002482,0.0,,,,,,
d2_5_a,d2_5,a,native,no_axis,pearson_r,p10,complete,25.57677297777778,5.755376138505257,4.669090867661335,0.3948301257006649,0.5785884085110462,0.042471553068392696,0.0,,,,,,
d2_5_a,d2_5,a,native,no_axis,nmse,p08,complete,25.57677297777778,5.7121163901933585,5.261358266666666,0.3954202623994031,0.5531669542481165,0.017623729307771972,0.0,,,,,,
d2_5_a,d2_5,a,native,no_axis,nmse,p09,complete,25.57677297777778,3.9018408862537166,1.1793013701649173,0.3954202623994031,0.5531669542481165,0.10644577869359283,0.0,,,,,,
d2_5_a,d2_5,a,native,no_axis,nmse,p10,complete,25.57677297777778,5.849241419127853,4.987887733333334,0.3954202623994031,0.5531669542481165,0.033677183847348566,0.0,,,,,,
d2_5_a,d2_5,a,native,no_axis,wasserstein_1_cm1,p08,complete,25.57677297777778,5.795116060294251,4.826629884698189,0.49235765724009173,0.5686975325151845,0.03786584712768594,0.0,,,,,,
d2_5_a,d2_5,a,native,no_axis,wasserstein_1_cm1,p09,complete,25.57677297777778,1.8170476800717839,1.3199089155322647,0.49235765724009173,0.5686975325151845,0.01943711839532903,0.0,,,,,,
d2_5_a,d2_5,a,native,no_axis,wasserstein_1_cm1,p10,complete,25.57677297777778,5.371689214311392,4.884786495384055,0.49235765724009173,0.5686975325151845,0.01903690975207776,0.0,,,,,,
d2_5_a,d2_5,a,native,no_axis,is_like_structure_to_noise,p08,complete,25.57677297777778,10.323412968196823,9.922281849999997,5.4634661508123905e-05,0.1714664947367095,0.015683413953173304,0.0,,,,,,
d2_5_a,d2_5,a,native,no_axis,is_like_structure_to_noise,p09,complete,25.57677297777778,5.1537876547050985,2.0499187852682987,5.4634661508123905e-05,0.1714664947367095,0.12135498376333784,0.0,,,,,,
d2_5_a,d2_5,a,native,no_axis,is_like_structure_to_noise,p10,complete,25.57677297777778,10.098174976541749,9.219012733333333,5.4634661508123905e-05,0.1714664947367095,0.0343734623586904,0.0,,,,,,
d2_5_a,d2_5,a,native,no_axis,precision,p08,complete,25.57677297777778,8.682284451853317,6.543704876425679,0.051599429376713135,0.5232265440969968,0.08361412822820646,0.0,,,,,,
d2_5_a,d2_5,a,native,no_axis,precision,p09,complete,25.57677297777778,5.847695642494364,1.259412453784524,0.051599429376713135,0.5232265440969968,0.1793925759397537,0.0,,,,,,
d2_5_a,d2_5,a,native,no_axis,precision,p10,complete,25.57677297777778,9.727045992479026,4.391209113251454,0.051599429376713135,0.5232265440969968,0.20862041055232347,0.0,,,,,,
d2_5_a,d2_5,a,native,no_axis,recall,p08,complete,25.57677297777778,7.875228451803261,5.71313588133089,0.10125349370605052,0.5658475682898261,0.084533438692633,0.0,,,,,,
d2_5_a,d2_5,a,native,no_axis,recall,p09,complete,25.57677297777778,6.5325393065688395,1.2479770474036713,0.10125349370605052,0.5658475682898261,0.20661567680006493,0.0,,,,,,
d2_5_a,d2_5,a,native,no_axis,recall,p10,complete,25.57677297777778,8.579267597679173,4.143105254866729,0.10125349370605052,0.5658475682898261,0.17344495909107752,0.0,,,,,,
d2_5_a,d2_5,a,native,no_axis,f1,p08,complete,25.57677297777778,8.004882511171033,5.567659780519479,0.08786374523055795,0.5674927563680989,0.09529047048934275,0.0,,,,,,
d2_5_a,d2_5,a,native,no_axis,f1,p09,complete,25.57677297777778,6.389424546459454,1.2357543064222047,0.08786374523055795,0.5674927563680989,0.20149806406441442,0.0,,,,,,
d2_5_a,d2_5,a,native,no_axis,f1,p10,complete,25.57677297777778,8.935194855408003,4.2587254946758755,0.08786374523055795,0.5674927563680989,0.18284047658378355,0.0,,,,,,
d2_5_a,d2_5,a,native,no_axis,artifact_peak_ratio,p08,complete,25.57677297777778,8.682284451853317,6.543704876425679,0.051599429376713135,0.5232265440969968,0.08361412822820646,0.0,,,,,,
d2_5_a,d2_5,a,native,no_axis,artifact_peak_ratio,p09,complete,25.57677297777778,5.847695642494364,1.259412453784524,0.051599429376713135,0.5232265440969968,0.1793925759397537,0.0,,,,,,
d2_5_a,d2_5,a,native,no_axis,artifact_peak_ratio,p10,complete,25.57677297777778,9.727045992479026,4.391209113251454,0.051599429376713135,0.5232265440969968,0.20862041055232347,0.0,,,,,,
d2_5_a,d2_5,a,native,no_axis,missing_peak_ratio,p08,complete,25.57677297777778,7.875228451803261,5.71313588133089,0.10125349370605052,0.5658475682898261,0.084533438692633,0.0,,,,,,
d2_5_a,d2_5,a,native,no_axis,missing_peak_ratio,p09,complete,25.57677297777778,6.5325393065688395,1.2479770474036713,0.10125349370605052,0.5658475682898261,0.20661567680006493,0.0,,,,,,
d2_5_a,d2_5,a,native,no_axis,missing_peak_ratio,p10,complete,25.57677297777778,8.579267597679173,4.143105254866729,0.10125349370605052,0.5658475682898261,0.17344495909107752,0.0,,,,,,
d2_5_a,d2_5,a,common_grid,all5,mse,p08,complete,37.05658591666666,5.916665107170982,4.6704997636585635,0.5064520035966449,0.6879914770193913,0.033628714375221,0.0,,,,,,
d2_5_a,d2_5,a,common_grid,all5,mse,p09,complete,37.05658591666666,3.4585870777543066,1.0771777625482493,0.5064520035966449,0.6879914770193913,0.06426413163267125,0.0,,,,,,
d2_5_a,d2_5,a,common_grid,all5,mse,p10,complete,37.05658591666666,6.60301214664155,4.53358560564789,0.5064520035966449,0.6879914770193913,0.055845040491517846,0.0,,,,,,
d2_5_a,d2_5,a,common_grid,all5,mse,p11,complete,37.05658591666666,1.9489216729689085,1.0663144641928122,0.5064520035966449,0.6879914770193913,0.023817823119510115,0.0,,,,,,
d2_5_a,d2_5,a,common_grid,all5,mse,p12,complete,37.05658591666666,0.3620177281838741,0.21439304251567415,0.5064520035966449,0.6879914770193913,0.003983763803826404,0.0,,,,,,
d2_5_a,d2_5,a,common_grid,all5,rmse,p08,complete,37.05658591666666,5.903095477931679,4.668324843023642,0.5072419461712088,0.6888999667007567,0.0333212195447472,0.0,,,,,,
d2_5_a,d2_5,a,common_grid,all5,rmse,p09,complete,37.05658591666666,3.450091948403631,1.047266110995671,0.5072419461712088,0.6888999667007567,0.0648420726834217,0.0,,,,,,
d2_5_a,d2_5,a,common_grid,all5,rmse,p10,complete,37.05658591666666,6.598760217455836,4.531839008947858,0.5072419461712088,0.6888999667007567,0.0557774321993963,0.0,,,,,,
d2_5_a,d2_5,a,common_grid,all5,rmse,p11,complete,37.05658591666666,1.945582617325481,1.0664821071484227,0.5072419461712088,0.6888999667007567,0.02372319220540152,0.0,,,,,,
d2_5_a,d2_5,a,common_grid,all5,rmse,p12,complete,37.05658591666666,0.36240089671942827,0.21439304251567415,0.5072419461712088,0.6888999667007567,0.003994103896581194,0.0,,,,,,
d2_5_a,d2_5,a,common_grid,all5,mae,p08,complete,37.05658591666666,5.465698774379524,4.597472813037874,0.5237786537066756,0.6916100136231357,0.02342973427973443,0.0,,,,,,
d2_5_a,d2_5,a,common_grid,all5,mae,p09,complete,37.05658591666666,3.267525591082358,1.0460748019047619,0.5237786537066756,0.6916100136231357,0.05994752981759366,0.0,,,,,,
d2_5_a,d2_5,a,common_grid,all5,mae,p10,complete,37.05658591666666,6.669348163079245,4.501315697723101,0.5237786537066756,0.6916100136231357,0.058505995944462985,0.0,,,,,,
d2_5_a,d2_5,a,common_grid,all5,mae,p11,complete,37.05658591666666,1.9798866564703135,1.068281406344652,0.5237786537066756,0.6916100136231357,0.02460035719900618,0.0,,,,,,
d2_5_a,d2_5,a,common_grid,all5,mae,p12,complete,37.05658591666666,0.26467804925780114,0.21473530700354623,0.5237786537066756,0.6916100136231357,0.0013477426756627496,0.0,,,,,,
d2_5_a,d2_5,a,common_grid,all5,sam,p08,complete,37.05658591666666,6.180727941740663,4.394797303896677,0.49033264088952344,0.6844371216875768,0.04819468911302865,0.0,,,,,,
d2_5_a,d2_5,a,common_grid,all5,sam,p09,complete,37.05658591666666,3.81321057641887,1.244122296200096,0.49033264088952344,0.6844371216875768,0.06932879046105796,0.0,,,,,,
d2_5_a,d2_5,a,common_grid,all5,sam,p10,complete,37.05658591666666,6.741863582544973,4.7833512135353535,0.49033264088952344,0.6844371216875768,0.05285193766673345,0.0,,,,,,
d2_5_a,d2_5,a,common_grid,all5,sam,p11,complete,37.05658591666666,1.8510537962092788,1.057975072997712,0.49033264088952344,0.6844371216875768,0.021401829218564625,0.0,,,,,,
d2_5_a,d2_5,a,common_grid,all5,sam,p12,complete,37.05658591666666,0.2996763848841886,0.21343702566510184,0.49033264088952344,0.6844371216875768,0.0023272343386685147,0.0,,,,,,
d2_5_a,d2_5,a,common_grid,all5,pearson_r,p08,complete,37.05658591666666,7.224195277076408,4.967321585931229,0.3800510373028233,0.6751597673286812,0.060903443620533876,0.0,,,,,,
d2_5_a,d2_5,a,common_grid,all5,pearson_r,p09,complete,37.05658591666666,2.257744865190773,1.1447969142956969,0.3800510373028233,0.6751597673286812,0.03003374227182959,0.0,,,,,,
d2_5_a,d2_5,a,common_grid,all5,pearson_r,p10,complete,37.05658591666666,7.89124258251597,4.665970984544453,0.3800510373028233,0.6751597673286812,0.08703639361771076,0.0,,,,,,
d2_5_a,d2_5,a,common_grid,all5,pearson_r,p11,complete,37.05658591666666,5.033663090751892,1.0459940811325288,0.3800510373028233,0.6751597673286812,0.1076102644368503,0.0,,,,,,
d2_5_a,d2_5,a,common_grid,all5,pearson_r,p12,complete,37.05658591666666,0.5663461846012602,0.21338642527080778,0.3800510373028233,0.6751597673286812,0.009524886078933257,0.0,,,,,,
d2_5_a,d2_5,a,common_grid,all5,nmse,p08,complete,37.05658591666666,6.107626841095286,4.997213760443307,0.496770350331173,0.6703145476919163,0.029965336880982255,0.0,,,,,,
d2_5_a,d2_5,a,common_grid,all5,nmse,p09,complete,37.05658591666666,3.825569245703615,1.179530964367816,0.496770350331173,0.6703145476919163,0.07140534444501295,0.0,,,,,,
d2_5_a,d2_5,a,common_grid,all5,nmse,p10,complete,37.05658591666666,6.651880380657574,4.76885450634278,0.496770350331173,0.6703145476919163,0.050814877510555544,0.0,,,,,,
d2_5_a,d2_5,a,common_grid,all5,nmse,p11,complete,37.05658591666666,1.785525398695988,1.057981032110607,0.496770350331173,0.6703145476919163,0.01963333503581503,0.0,,,,,,
d2_5_a,d2_5,a,common_grid,all5,nmse,p12,complete,37.05658591666666,0.27737088261448983,0.21343702566510184,0.496770350331173,0.6703145476919163,0.0017253034883775672,0.0,,,,,,
d2_5_a,d2_5,a,common_grid,all5,wasserstein_1_cm1,p08,complete,37.05658591666666,5.791653942377218,4.826629884698188,0.6155555129500252,0.6699900033126502,0.026041904126008496,0.0,,,,,,
d2_5_a,d2_5,a,common_grid,all5,wasserstein_1_cm1,p09,complete,37.05658591666666,1.83993703194459,1.3166435184092018,0.6155555129500252,0.6699900033126502,0.014121471274017992,0.0,,,,,,
d2_5_a,d2_5,a,common_grid,all5,wasserstein_1_cm1,p10,complete,37.05658591666666,5.37561732909429,4.884786495384054,0.6155555129500252,0.6699900033126502,0.013245441304658295,0.0,,,,,,
d2_5_a,d2_5,a,common_grid,all5,wasserstein_1_cm1,p11,complete,37.05658591666666,1.0268973519082427,0.9932170272510517,0.6155555129500252,0.6699900033126502,0.0009088890361603183,0.0,,,,,,
d2_5_a,d2_5,a,common_grid,all5,wasserstein_1_cm1,p12,complete,37.05658591666666,0.21209450923189604,0.20776686986116566,0.6155555129500252,0.6699900033126502,0.0001167846217798495,0.0,,,,,,
d2_5_a,d2_5,a,common_grid,all5,is_like_structure_to_noise,p08,complete,37.05658591666666,13.229003891156456,9.922281849999997,0.0009267150510537947,0.3928340207476898,0.08923439543493451,0.0,,,,,,
d2_5_a,d2_5,a,common_grid,all5,is_like_structure_to_noise,p09,complete,37.05658591666666,2.804919741845457,2.0503923601938476,0.0009267150510537947,0.3928340207476898,0.02036149210691996,0.0,,,,,,
d2_5_a,d2_5,a,common_grid,all5,is_like_structure_to_noise,p10,complete,37.05658591666666,13.72498198639455,9.219012733333333,0.0009267150510537947,0.3928340207476898,0.12159698854056065,0.0,,,,,,
d2_5_a,d2_5,a,common_grid,all5,is_like_structure_to_noise,p11,complete,37.05658591666666,3.780391700680277,1.093203630588961,0.0009267150510537947,0.3928340207476898,0.0725158026196558,0.0,,,,,,
d2_5_a,d2_5,a,common_grid,all5,is_like_structure_to_noise,p12,complete,37.05658591666666,3.4829477006802776,0.2146077017241381,0.0009267150510537947,0.3928340207476898,0.08819862699456517,0.0,,,,,,
d2_5_a,d2_5,a,common_grid,all5,precision,p08,complete,37.05658591666666,12.561634481529936,5.897560399206348,0.010775718425479863,0.6575567231065882,0.17983507971591994,0.0,,,,,,
d2_5_a,d2_5,a,common_grid,all5,precision,p09,complete,37.05658591666666,2.8417812436579046,1.1446144108452945,0.010775718425479863,0.6575567231065882,0.04579933069466306,0.0,,,,,,
d2_5_a,d2_5,a,common_grid,all5,precision,p10,complete,37.05658591666666,13.413391931938847,4.419644112820512,0.010775718425479863,0.6575567231065882,0.24270308763315632,0.0,,,,,,
d2_5_a,d2_5,a,common_grid,all5,precision,p11,complete,37.05658591666666,4.085316214930475,1.0168617569762617,0.010775718425479863,0.6575567231065882,0.08280456448024094,0.0,,,,,,
d2_5_a,d2_5,a,common_grid,all5,precision,p12,complete,37.05658591666666,3.7551507089618985,0.21109803193717291,0.010775718425479863,0.6575567231065882,0.09563894215712795,0.0,,,,,,
d2_5_a,d2_5,a,common_grid,all5,recall,p08,complete,37.05658591666666,12.49606550237156,5.783183887662075,0.02632322420415323,0.6709277611733838,0.1811521878946296,0.0,,,,,,
d2_5_a,d2_5,a,common_grid,all5,recall,p09,complete,37.05658591666666,2.4731610651821607,1.1156098831286865,0.02632322420415323,0.6709277611733838,0.036634545478807824,0.0,,,,,,
d2_5_a,d2_5,a,common_grid,all5,recall,p10,complete,37.05658591666666,13.232460678910602,4.087600238810484,0.02632322420415323,0.6709277611733838,0.24678097600964105,0.0,,,,,,
d2_5_a,d2_5,a,common_grid,all5,recall,p11,complete,37.05658591666666,4.1245678739064955,1.0057459799534207,0.02632322420415323,0.6709277611733838,0.08416376783783383,0.0,,,,,,
d2_5_a,d2_5,a,common_grid,all5,recall,p12,complete,37.05658591666666,3.754881976970964,0.20215370131368954,0.02632322420415323,0.6709277611733838,0.09587305974831833,0.0,,,,,,
d2_5_a,d2_5,a,common_grid,all5,f1,p08,complete,37.05658591666666,12.486738672181517,5.7075821316408515,0.01682874612069163,0.667350157686915,0.1829406668975313,0.0,,,,,,
d2_5_a,d2_5,a,common_grid,all5,f1,p09,complete,37.05658591666666,2.6911214198942144,1.127832954622293,0.01682874612069163,0.667350157686915,0.042186521683013775,0.0,,,,,,
d2_5_a,d2_5,a,common_grid,all5,f1,p10,complete,37.05658591666666,13.26424377155331,4.271913596074296,0.01682874612069163,0.667350157686915,0.2426648314472652,0.0,,,,,,
d2_5_a,d2_5,a,common_grid,all5,f1,p11,complete,37.05658591666666,4.201255841763471,1.0104889651807654,0.01682874612069163,0.667350157686915,0.0861052576121865,0.0,,,,,,
d2_5_a,d2_5,a,common_grid,all5,f1,p12,complete,37.05658591666666,3.789610334782969,0.2090498143222508,0.01682874612069163,0.667350157686915,0.0966241339262265,0.0,,,,,,
d2_5_a,d2_5,a,common_grid,all5,artifact_peak_ratio,p08,complete,37.05658591666666,12.561634481529936,5.897560399206348,0.010775718425479863,0.6575567231065882,0.17983507971591994,0.0,,,,,,
d2_5_a,d2_5,a,common_grid,all5,artifact_peak_ratio,p09,complete,37.05658591666666,2.8417812436579046,1.1446144108452945,0.010775718425479863,0.6575567231065882,0.04579933069466306,0.0,,,,,,
d2_5_a,d2_5,a,common_grid,all5,artifact_peak_ratio,p10,complete,37.05658591666666,13.413391931938847,4.419644112820512,0.010775718425479863,0.6575567231065882,0.24270308763315632,0.0,,,,,,
d2_5_a,d2_5,a,common_grid,all5,artifact_peak_ratio,p11,complete,37.05658591666666,4.085316214930475,1.0168617569762617,0.010775718425479863,0.6575567231065882,0.08280456448024094,0.0,,,,,,
d2_5_a,d2_5,a,common_grid,all5,artifact_peak_ratio,p12,complete,37.05658591666666,3.7551507089618985,0.21109803193717291,0.010775718425479863,0.6575567231065882,0.09563894215712795,0.0,,,,,,
d2_5_a,d2_5,a,common_grid,all5,missing_peak_ratio,p08,complete,37.05658591666666,12.49606550237156,5.783183887662075,0.02632322420415323,0.6709277611733838,0.1811521878946296,0.0,,,,,,
d2_5_a,d2_5,a,common_grid,all5,missing_peak_ratio,p09,complete,37.05658591666666,2.4731610651821607,1.1156098831286865,0.02632322420415323,0.6709277611733838,0.036634545478807824,0.0,,,,,,
d2_5_a,d2_5,a,common_grid,all5,missing_peak_ratio,p10,complete,37.05658591666666,13.232460678910602,4.087600238810484,0.02632322420415323,0.6709277611733838,0.24678097600964105,0.0,,,,,,
d2_5_a,d2_5,a,common_grid,all5,missing_peak_ratio,p11,complete,37.05658591666666,4.1245678739064955,1.0057459799534207,0.02632322420415323,0.6709277611733838,0.08416376783783383,0.0,,,,,,
d2_5_a,d2_5,a,common_grid,all5,missing_peak_ratio,p12,complete,37.05658591666666,3.754881976970964,0.20215370131368954,0.02632322420415323,0.6709277611733838,0.09587305974831833,0.0,,,,,,
d2_5_a,d2_5,a,common_grid,no_axis,mse,p08,complete,25.57677297777778,5.2827693461488945,4.6704997636585635,0.4118643965107135,0.5980234433488729,0.023938500100161162,0.0,,,,,,
d2_5_a,d2_5,a,common_grid,no_axis,mse,p09,complete,25.57677297777778,4.170006857319304,1.0771777625482493,0.4118643965107135,0.5980234433488729,0.12092335094260093,0.0,,,,,,
d2_5_a,d2_5,a,common_grid,no_axis,mse,p10,complete,25.57677297777778,5.589834607125611,4.53358560564789,0.4118643965107135,0.5980234433488729,0.04129719579539748,0.0,,,,,,
d2_5_a,d2_5,a,common_grid,no_axis,rmse,p08,complete,25.57677297777778,5.2809408474425705,4.668324843023642,0.4123027680461683,0.5993462516999081,0.02395204449565221,0.0,,,,,,
d2_5_a,d2_5,a,common_grid,no_axis,rmse,p09,complete,25.57677297777778,4.160619251645874,1.047266110995671,0.4123027680461683,0.5993462516999081,0.12172579955083548,0.0,,,,,,
d2_5_a,d2_5,a,common_grid,no_axis,rmse,p10,complete,25.57677297777778,5.589838582263117,4.531839008947858,0.4123027680461683,0.5993462516999081,0.041365639607252085,0.0,,,,,,
d2_5_a,d2_5,a,common_grid,no_axis,mae,p08,complete,25.57677297777778,4.9949586278020455,4.597472813037874,0.4272186862285424,0.6033563999070548,0.015540889975038065,0.0,,,,,,
d2_5_a,d2_5,a,common_grid,no_axis,mae,p09,complete,25.57677297777778,3.878183297191146,1.0460748019047619,0.4272186862285424,0.6033563999070548,0.11072970377252221,0.0,,,,,,
d2_5_a,d2_5,a,common_grid,no_axis,mae,p10,complete,25.57677297777778,5.776755703252681,4.501315697723101,0.4272186862285424,0.6033563999070548,0.04986711993095213,0.0,,,,,,
d2_5_a,d2_5,a,common_grid,no_axis,sam,p08,complete,25.57677297777778,5.647345498411756,4.394797303896677,0.3735227343474208,0.592510328699893,0.0489720965034701,0.0,,,,,,
d2_5_a,d2_5,a,common_grid,no_axis,sam,p09,complete,25.57677297777778,4.470116817810391,1.244122296200096,0.3735227343474208,0.592510328699893,0.12612984931340557,0.0,,,,,,
d2_5_a,d2_5,a,common_grid,no_axis,sam,p10,complete,25.57677297777778,5.905804483112853,4.7833512135353535,0.3735227343474208,0.592510328699893,0.043885648535596546,0.0,,,,,,
d2_5_a,d2_5,a,common_grid,no_axis,pearson_r,p08,complete,25.57677297777778,5.608536160357449,4.967321585931229,0.3921160685080416,0.5785985396149915,0.025070190636767756,0.0,,,,,,
d2_5_a,d2_5,a,common_grid,no_axis,pearson_r,p09,complete,25.57677297777778,4.175643121420288,1.1447969142956969,0.3921160685080416,0.5785985396149915,0.11849994562480273,0.0,,,,,,
d2_5_a,d2_5,a,common_grid,no_axis,pearson_r,p10,complete,25.57677297777778,5.763530030831104,4.665970984544453,0.3921160685080416,0.5785985396149915,0.04291233484537939,0.0,,,,,,
d2_5_a,d2_5,a,common_grid,no_axis,nmse,p08,complete,25.57677297777778,5.714267067499009,4.997213760443307,0.3726947283316998,0.5720492479382009,0.028035331418811482,0.0,,,,,,
d2_5_a,d2_5,a,common_grid,no_axis,nmse,p09,complete,25.57677297777778,4.35466712767607,1.179530964367816,0.3726947283316998,0.5720492479382009,0.1241413905525514,0.0,,,,,,
d2_5_a,d2_5,a,common_grid,no_axis,nmse,p10,complete,25.57677297777778,5.975510326048251,4.76885450634278,0.3726947283316998,0.5720492479382009,0.047177797635138206,0.0,,,,,,
d2_5_a,d2_5,a,common_grid,no_axis,wasserstein_1_cm1,p08,complete,25.57677297777778,5.791653942377218,4.826629884698188,0.4923082398403785,0.5688252029263776,0.03773048533204267,0.0,,,,,,
d2_5_a,d2_5,a,common_grid,no_axis,wasserstein_1_cm1,p09,complete,25.57677297777778,1.8178456208195337,1.3166435184092018,0.4923082398403785,0.5688252029263776,0.019595986672978575,0.0,,,,,,
d2_5_a,d2_5,a,common_grid,no_axis,wasserstein_1_cm1,p10,complete,25.57677297777778,5.37561732909429,4.884786495384054,0.4923082398403785,0.5688252029263776,0.019190491080977683,0.0,,,,,,
d2_5_a,d2_5,a,common_grid,no_axis,is_like_structure_to_noise,p08,complete,25.57677297777778,10.323412968196823,9.922281849999997,5.463466150801288e-05,0.17144797891667385,0.015683413953173346,0.0,,,,,,
d2_5_a,d2_5,a,common_grid,no_axis,is_like_structure_to_noise,p09,complete,25.57677297777778,5.153787654705095,2.0503923601938476,5.463466150801288e-05,0.17144797891667385,0.12133646794330208,0.0,,,,,,
d2_5_a,d2_5,a,common_grid,no_axis,is_like_structure_to_noise,p10,complete,25.57677297777778,10.098174976541749,9.219012733333333,5.463466150801288e-05,0.17144797891667385,0.03437346235869047,0.0,,,,,,
d2_5_a,d2_5,a,common_grid,no_axis,precision,p08,complete,25.57677297777778,8.305317407044143,5.897560399206348,0.06536952345543734,0.5518661039517891,0.09413842043051165,0.0,,,,,,
d2_5_a,d2_5,a,common_grid,no_axis,precision,p09,complete,25.57677297777778,5.973261170414061,1.1446144108452945,0.06536952345543734,0.5518661039517891,0.18879030453779705,0.0,,,,,,
d2_5_a,d2_5,a,common_grid,no_axis,precision,p10,complete,25.57677297777778,9.626252939234337,4.419644112820512,0.06536952345543734,0.5518661039517891,0.20356785552804318,0.0,,,,,,
d2_5_a,d2_5,a,common_grid,no_axis,recall,p08,complete,25.57677297777778,7.963590281623097,5.783183887662075,0.10135771782212899,0.5704542547589289,0.08524947208373215,0.0,,,,,,
d2_5_a,d2_5,a,common_grid,no_axis,recall,p09,complete,25.57677297777778,6.444153966726406,1.1156098831286865,0.10135771782212899,0.5704542547589289,0.20833527701979418,0.0,,,,,,
d2_5_a,d2_5,a,common_grid,no_axis,recall,p10,complete,25.57677297777778,8.576625391146026,4.087600238810484,0.10135771782212899,0.5704542547589289,0.1755117878332737,0.0,,,,,,
d2_5_a,d2_5,a,common_grid,no_axis,f1,p08,complete,25.57677297777778,8.102675042212098,5.7075821316408515,0.09044863406263304,0.5657259540917076,0.09364327988727153,0.0,,,,,,
d2_5_a,d2_5,a,common_grid,no_axis,f1,p09,complete,25.57677297777778,6.247181197729599,1.127832954622293,0.09044863406263304,0.5657259540917076,0.20015614352738006,0.0,,,,,,
d2_5_a,d2_5,a,common_grid,no_axis,f1,p10,complete,25.57677297777778,8.913532558266018,4.271913596074296,0.09044863406263304,0.5657259540917076,0.18147789661442293,0.0,,,,,,
d2_5_a,d2_5,a,common_grid,no_axis,artifact_peak_ratio,p08,complete,25.57677297777778,8.305317407044143,5.897560399206348,0.06536952345543734,0.5518661039517891,0.09413842043051165,0.0,,,,,,
d2_5_a,d2_5,a,common_grid,no_axis,artifact_peak_ratio,p09,complete,25.57677297777778,5.973261170414061,1.1446144108452945,0.06536952345543734,0.5518661039517891,0.18879030453779705,0.0,,,,,,
d2_5_a,d2_5,a,common_grid,no_axis,artifact_peak_ratio,p10,complete,25.57677297777778,9.626252939234337,4.419644112820512,0.06536952345543734,0.5518661039517891,0.20356785552804318,0.0,,,,,,
d2_5_a,d2_5,a,common_grid,no_axis,missing_peak_ratio,p08,complete,25.57677297777778,7.963590281623097,5.783183887662075,0.10135771782212899,0.5704542547589289,0.08524947208373215,0.0,,,,,,
d2_5_a,d2_5,a,common_grid,no_axis,missing_peak_ratio,p09,complete,25.57677297777778,6.444153966726406,1.1156098831286865,0.10135771782212899,0.5704542547589289,0.20833527701979418,0.0,,,,,,
d2_5_a,d2_5,a,common_grid,no_axis,missing_peak_ratio,p10,complete,25.57677297777778,8.576625391146026,4.087600238810484,0.10135771782212899,0.5704542547589289,0.1755117878332737,0.0,,,,,,
d2_5_b,d2_5,b,native,all5,mse,p08,complete,48.286418080000004,4.525401565159535,1.591726196230348,0.5309091854810204,0.6712366574564326,0.06075570492863502,0.0,,,,,,
d2_5_b,d2_5,b,native,all5,mse,p09,complete,48.286418080000004,5.7670860624049425,5.298144226481321,0.5309091854810204,0.6712366574564326,0.009711671616368128,0.0,,,,,,
d2_5_b,d2_5,b,native,all5,mse,p10,complete,48.286418080000004,11.46510263478671,8.154875534725274,0.5309091854810204,0.6712366574564326,0.06855399989655712,0.0,,,,,,
d2_5_b,d2_5,b,native,all5,mse,p11,complete,48.286418080000004,0.5860931875000005,0.5545598500000002,0.5309091854810204,0.6712366574564326,0.0006530477669260202,1.0,-0.04822499999999999,-0.03676249999999995,240,0.03153333750000023,0.0315333375000002,-2.7755575615628914e-17
d2_5_b,d2_5,b,native,all5,mse,p12,complete,48.286418080000004,0.3070317374999999,0.27549840000000014,0.5309091854810204,0.6712366574564326,0.0006530477669260108,1.0,-0.025299999999999993,-0.03676249999999995,240,0.03153333749999975,0.03153333749999976,6.938893903907228e-18
d2_5_b,d2_5,b,native,all5,rmse,p08,complete,48.286418080000004,4.528369659148785,1.5903731663245217,0.5317101298209256,0.6724359675272271,0.060845194355825846,0.0,,,,,,
d2_5_b,d2_5,b,native,all5,rmse,p09,complete,48.286418080000004,5.7616302014696945,5.281813008158508,0.5317101298209256,0.6724359675272271,0.009936897628567828,0.0,,,,,,
d2_5_b,d2_5,b,native,all5,rmse,p10,complete,48.286418080000004,11.428915668477233,8.11464939546798,0.5317101298209256,0.6724359675272271,0.0686376501880558,0.0,,,,,,
d2_5_b,d2_5,b,native,all5,rmse,p11,complete,48.286418080000004,0.5860931875000005,0.5545598500000002,0.5317101298209256,0.6724359675272271,0.0006530477669260202,1.0,,,,,,
d2_5_b,d2_5,b,native,all5,rmse,p12,complete,48.286418080000004,0.3070317374999999,0.27549840000000014,0.5317101298209256,0.6724359675272271,0.0006530477669260108,1.0,,,,,,
d2_5_b,d2_5,b,native,all5,mae,p08,complete,48.286418080000004,4.610357773514331,1.5827579490102606,0.5294511929255095,0.6734234777854701,0.06270085760944208,0.0,,,,,,
d2_5_b,d2_5,b,native,all5,mae,p09,complete,48.286418080000004,5.7621097841795414,5.262557764772907,0.5294511929255095,0.6734234777854701,0.01034560108763889,0.0,,,,,,
d2_5_b,d2_5,b,native,all5,mae,p10,complete,48.286418080000004,11.455523942750244,8.09383652298003,0.5294511929255095,0.6734234777854701,0.06961973062902767,0.0,,,,,,
d2_5_b,d2_5,b,native,all5,mae,p11,complete,48.286418080000004,0.5860931875000005,0.5545598500000002,0.5294511929255095,0.6734234777854701,0.0006530477669260202,1.0,,,,,,
d2_5_b,d2_5,b,native,all5,mae,p12,complete,48.286418080000004,0.3070317374999999,0.27549840000000014,0.5294511929255095,0.6734234777854701,0.0006530477669260108,1.0,,,,,,
d2_5_b,d2_5,b,native,all5,sam,p08,complete,48.286418080000004,4.378459530913935,1.5201157435192258,0.5177902351820352,0.6550045919931043,0.059195606156974834,0.0,,,,,,
d2_5_b,d2_5,b,native,all5,sam,p09,complete,48.286418080000004,6.080473912755139,5.666562058225432,0.5177902351820352,0.6550045919931043,0.008572014056705246,0.0,,,,,,
d2_5_b,d2_5,b,native,all5,sam,p10,complete,48.286418080000004,11.932123937589651,8.641856454956486,0.5177902351820352,0.6550045919931043,0.06814064106353707,0.0,,,,,,
d2_5_b,d2_5,b,native,all5,sam,p11,complete,48.286418080000004,0.5860931875000005,0.5545598500000002,0.5177902351820352,0.6550045919931043,0.0006530477669260202,1.0,,,,,,
d2_5_b,d2_5,b,native,all5,sam,p12,complete,48.286418080000004,0.3070317374999999,0.27549840000000014,0.5177902351820352,0.6550045919931043,0.0006530477669260108,1.0,,,,,,
d2_5_b,d2_5,b,native,all5,pearson_r,p08,complete,48.286418080000004,4.450646590189407,1.5998130094600385,0.5214344314096944,0.6605593014870079,0.05904007159955751,0.0,,,,,,
d2_5_b,d2_5,b,native,all5,pearson_r,p09,complete,48.286418080000004,6.093510960140202,5.601700528652361,0.5214344314096944,0.6605593014870079,0.010185274680615544,0.0,,,,,,
d2_5_b,d2_5,b,native,all5,pearson_r,p10,complete,48.286418080000004,11.670934648314805,8.358803693653172,0.5214344314096944,0.6605593014870079,0.0685934282632884,0.0,,,,,,
d2_5_b,d2_5,b,native,all5,pearson_r,p11,complete,48.286418080000004,0.5860931875000005,0.5545598500000002,0.5214344314096944,0.6605593014870079,0.0006530477669260202,1.0,,,,,,
d2_5_b,d2_5,b,native,all5,pearson_r,p12,complete,48.286418080000004,0.3070317374999999,0.27549840000000014,0.5214344314096944,0.6605593014870079,0.0006530477669260108,1.0,,,,,,
d2_5_b,d2_5,b,native,all5,nmse,p08,complete,48.286418080000004,4.5465734528403665,1.6693632000000003,0.5161801799015985,0.6502172020255528,0.059586326077727694,0.0,,,,,,
d2_5_b,d2_5,b,native,all5,nmse,p09,complete,48.286418080000004,5.895509715630036,5.488330436853002,0.5161801799015985,0.6502172020255528,0.008432584046769165,0.0,,,,,,
d2_5_b,d2_5,b,native,all5,nmse,p10,complete,48.286418080000004,12.026718015191399,8.902006533333333,0.5161801799015985,0.6502172020255528,0.06471201646560541,0.0,,,,,,
d2_5_b,d2_5,b,native,all5,nmse,p11,complete,48.286418080000004,0.5860931875000005,0.5545598500000002,0.5161801799015985,0.6502172020255528,0.0006530477669260202,1.0,,,,,,
d2_5_b,d2_5,b,native,all5,nmse,p12,complete,48.286418080000004,0.3070317374999999,0.27549840000000014,0.5161801799015985,0.6502172020255528,0.0006530477669260108,1.0,,,,,,
d2_5_b,d2_5,b,native,all5,wasserstein_1_cm1,p08,complete,48.286418080000004,5.691630316721756,1.612595524189261,0.44226164836581916,0.6521544830163193,0.0844758206287828,0.0,,,,,,
d2_5_b,d2_5,b,native,all5,wasserstein_1_cm1,p09,complete,48.286418080000004,7.532914961889432,5.64691164047619,0.44226164836581916,0.6521544830163193,0.039058671079899694,0.0,,,,,,
d2_5_b,d2_5,b,native,all5,wasserstein_1_cm1,p10,complete,48.286418080000004,12.60071443895795,8.71585770978131,0.44226164836581916,0.6521544830163193,0.08045444006097709,0.0,,,,,,
d2_5_b,d2_5,b,native,all5,wasserstein_1_cm1,p11,complete,48.286418080000004,0.8227279372016153,0.5455749277249576,0.44226164836581916,0.6521544830163193,0.00573977156511125,0.0,,,,,,
d2_5_b,d2_5,b,native,all5,wasserstein_1_cm1,p12,complete,48.286418080000004,0.2831995714873575,0.2752742581560285,0.44226164836581916,0.6521544830163193,0.00016413131572937348,0.0,,,,,,
d2_5_b,d2_5,b,native,all5,is_like_structure_to_noise,p08,complete,48.286418080000004,2.2669405632802344,1.9286112468619248,0.08900497716149891,0.514388921845473,0.007006718035240713,0.0,,,,,,
d2_5_b,d2_5,b,native,all5,is_like_structure_to_noise,p09,complete,48.286418080000004,7.041690956423019,6.790824463853787,0.08900497716149891,0.514388921845473,0.005195384179327629,0.0,,,,,,
d2_5_b,d2_5,b,native,all5,is_like_structure_to_noise,p10,complete,48.286418080000004,26.32076672491606,13.898925583333334,0.08900497716149891,0.514388921845473,0.2572533154354597,0.0,,,,,,
d2_5_b,d2_5,b,native,all5,is_like_structure_to_noise,p11,complete,48.286418080000004,5.0053717103104285,0.5545598500000002,0.08900497716149891,0.514388921845473,0.09217523347738091,1.0,,,,,,
d2_5_b,d2_5,b,native,all5,is_like_structure_to_noise,p12,complete,48.286418080000004,3.3539165866492775,0.27549840000000014,0.08900497716149891,0.514388921845473,0.0637532935565652,1.0,,,,,,
d2_5_b,d2_5,b,native,all5,precision,p08,complete,48.286418080000004,2.113458907685736,1.7170810297341792,0.28424970321815257,0.6683314290752331,0.008208889657022093,0.0,,,,,,
d2_5_b,d2_5,b,native,all5,precision,p09,complete,48.286418080000004,9.904752058547569,5.486625237479496,0.28424970321815257,0.6683314290752331,0.09149833424687262,0.0,,,,,,
d2_5_b,d2_5,b,native,all5,precision,p10,complete,48.286418080000004,15.269018018990716,7.985396147193157,0.28424970321815257,0.6683314290752331,0.15084204133199927,0.0,,,,,,
d2_5_b,d2_5,b,native,all5,precision,p11,complete,48.286418080000004,5.36707277756298,0.5505183801562072,0.28424970321815257,0.6683314290752331,0.09974967266005938,0.5,,,,,,
d2_5_b,d2_5,b,native,all5,precision,p12,complete,48.286418080000004,1.9067163085053673,0.2754664851063831,0.28424970321815257,0.6683314290752331,0.033782787961127304,0.5,,,,,,
d2_5_b,d2_5,b,native,all5,recall,p08,complete,48.286418080000004,1.9200072847818128,1.6503116982302584,0.29012079525363754,0.6786364082900719,0.005585330146144373,0.0,,,,,,
d2_5_b,d2_5,b,native,all5,recall,p09,complete,48.286418080000004,9.707273743514298,5.375178149174955,0.29012079525363754,0.6786364082900719,0.08971664841989337,0.0,,,,,,
d2_5_b,d2_5,b,native,all5,recall,p10,complete,48.286418080000004,15.183081305577954,7.666022032328208,0.29012079525363754,0.6786364082900719,0.15567647326408907,0.0,,,,,,
d2_5_b,d2_5,b,native,all5,recall,p11,complete,48.286418080000004,5.0965466403168245,0.5505183801562072,0.29012079525363754,0.6786364082900719,0.09414714201059282,0.5,,,,,,
d2_5_b,d2_5,b,native,all5,recall,p12,complete,48.286418080000004,2.370615092489894,0.2754664851063831,0.29012079525363754,0.6786364082900719,0.04339001919571481,0.5,,,,,,
d2_5_b,d2_5,b,native,all5,f1,p08,complete,48.286418080000004,1.9803403963818993,1.653314939036827,0.2926079028091696,0.6752815154417182,0.00677261785712211,0.0,,,,,,
d2_5_b,d2_5,b,native,all5,f1,p09,complete,48.286418080000004,9.919398406151899,5.400623262259685,0.2926079028091696,0.6752815154417182,0.09358273658662347,0.0,,,,,,
d2_5_b,d2_5,b,native,all5,f1,p10,complete,48.286418080000004,15.086795033356232,7.799569437126113,0.2926079028091696,0.6752815154417182,0.15091667359042418,0.0,,,,,,
d2_5_b,d2_5,b,native,all5,f1,p11,complete,48.286418080000004,5.22300149351693,0.5505183801562072,0.2926079028091696,0.6752815154417182,0.09676599133154676,0.5,,,,,,
d2_5_b,d2_5,b,native,all5,f1,p12,complete,48.286418080000004,1.947895222037475,0.2754664851063831,0.2926079028091696,0.6752815154417182,0.03463559326683218,0.5,,,,,,
d2_5_b,d2_5,b,native,all5,artifact_peak_ratio,p08,complete,48.286418080000004,2.113458907685736,1.7170810297341792,0.28424970321815257,0.6683314290752331,0.008208889657022093,0.0,,,,,,
d2_5_b,d2_5,b,native,all5,artifact_peak_ratio,p09,complete,48.286418080000004,9.904752058547569,5.486625237479496,0.28424970321815257,0.6683314290752331,0.09149833424687262,0.0,,,,,,
d2_5_b,d2_5,b,native,all5,artifact_peak_ratio,p10,complete,48.286418080000004,15.269018018990716,7.985396147193157,0.28424970321815257,0.6683314290752331,0.15084204133199927,0.0,,,,,,
d2_5_b,d2_5,b,native,all5,artifact_peak_ratio,p11,complete,48.286418080000004,5.36707277756298,0.5505183801562072,0.28424970321815257,0.6683314290752331,0.09974967266005938,0.5,,,,,,
d2_5_b,d2_5,b,native,all5,artifact_peak_ratio,p12,complete,48.286418080000004,1.9067163085053673,0.2754664851063831,0.28424970321815257,0.6683314290752331,0.033782787961127304,0.5,,,,,,
d2_5_b,d2_5,b,native,all5,missing_peak_ratio,p08,complete,48.286418080000004,1.9200072847818128,1.6503116982302584,0.29012079525363754,0.6786364082900719,0.005585330146144373,0.0,,,,,,
d2_5_b,d2_5,b,native,all5,missing_peak_ratio,p09,complete,48.286418080000004,9.707273743514298,5.375178149174955,0.29012079525363754,0.6786364082900719,0.08971664841989337,0.0,,,,,,
d2_5_b,d2_5,b,native,all5,missing_peak_ratio,p10,complete,48.286418080000004,15.183081305577954,7.666022032328208,0.29012079525363754,0.6786364082900719,0.15567647326408907,0.0,,,,,,
d2_5_b,d2_5,b,native,all5,missing_peak_ratio,p11,complete,48.286418080000004,5.0965466403168245,0.5505183801562072,0.29012079525363754,0.6786364082900719,0.09414714201059282,0.5,,,,,,
d2_5_b,d2_5,b,native,all5,missing_peak_ratio,p12,complete,48.286418080000004,2.370615092489894,0.2754664851063831,0.29012079525363754,0.6786364082900719,0.04339001919571481,0.5,,,,,,
d2_5_b,d2_5,b,native,no_axis,mse,p08,complete,29.81736555,4.525401565159535,1.591726196230348,0.270304741514926,0.4954367805496168,0.09838814780634392,0.0,,,,,,
d2_5_b,d2_5,b,native,no_axis,mse,p09,complete,29.81736555,5.7670860624049425,5.298144226481321,0.270304741514926,0.4954367805496168,0.015727138440090018,0.0,,,,,,
d2_5_b,d2_5,b,native,no_axis,mse,p10,complete,29.81736555,11.46510263478671,8.154875534725274,0.270304741514926,0.4954367805496168,0.11101675278825679,0.0,,,,,,
d2_5_b,d2_5,b,native,no_axis,rmse,p08,complete,29.81736555,4.528369659148785,1.5903731663245217,0.2716017955149055,0.49737895036971136,0.09853306751388247,0.0,,,,,,
d2_5_b,d2_5,b,native,no_axis,rmse,p09,complete,29.81736555,5.7616302014696945,5.281813008158508,0.2716017955149055,0.49737895036971136,0.016091870775994385,0.0,,,,,,
d2_5_b,d2_5,b,native,no_axis,rmse,p10,complete,29.81736555,11.428915668477233,8.11464939546798,0.2716017955149055,0.49737895036971136,0.11115221656492899,0.0,,,,,,
d2_5_b,d2_5,b,native,no_axis,mae,p08,complete,29.81736555,4.610357773514331,1.5827579490102606,0.2679436597495075,0.49897813032100025,0.10153813955921634,0.0,,,,,,
d2_5_b,d2_5,b,native,no_axis,mae,p09,complete,29.81736555,5.7621097841795414,5.262557764772907,0.2679436597495075,0.49897813032100025,0.016753727574253596,0.0,,,,,,
d2_5_b,d2_5,b,native,no_axis,mae,p10,complete,29.81736555,11.455523942750244,8.09383652298003,0.2679436597495075,0.49897813032100025,0.11274260343802275,0.0,,,,,,
d2_5_b,d2_5,b,native,no_axis,sam,p08,complete,29.81736555,4.378459530913935,1.5201157435192258,0.24905983582916758,0.46915047775905394,0.09586171463074507,0.0,,,,,,
d2_5_b,d2_5,b,native,no_axis,sam,p09,complete,29.81736555,6.080473912755139,5.666562058225432,0.24905983582916758,0.46915047775905394,0.013881570249243778,0.0,,,,,,
d2_5_b,d2_5,b,native,no_axis,sam,p10,complete,29.81736555,11.932123937589651,8.641856454956486,0.24905983582916758,0.46915047775905394,0.11034735704989761,0.0,,,,,,
d2_5_b,d2_5,b,native,no_axis,pearson_r,p08,complete,29.81736555,4.450646590189407,1.5998130094600385,0.25496126874815694,0.47814580715815214,0.09560984104879676,0.0,,,,,,
d2_5_b,d2_5,b,native,no_axis,pearson_r,p09,complete,29.81736555,6.093510960140202,5.601700528652361,0.25496126874815694,0.47814580715815214,0.016494094042719367,0.0,,,,,,
d2_5_b,d2_5,b,native,no_axis,pearson_r,p10,complete,29.81736555,11.670934648314805,8.358803693653172,0.25496126874815694,0.47814580715815214,0.11108060331847903,0.0,,,,,,
d2_5_b,d2_5,b,native,no_axis,nmse,p08,complete,29.81736555,4.5465734528403665,1.6693632000000003,0.24645250278786612,0.4613977501380455,0.09649444878071618,0.0,,,,,,
d2_5_b,d2_5,b,native,no_axis,nmse,p09,complete,29.81736555,5.895509715630036,5.488330436853002,0.24645250278786612,0.4613977501380455,0.013655776466711834,0.0,,,,,,
d2_5_b,d2_5,b,native,no_axis,nmse,p10,complete,29.81736555,12.026718015191399,8.902006533333333,0.24645250278786612,0.4613977501380455,0.10479502210275136,0.0,,,,,,
d2_5_b,d2_5,b,native,no_axis,wasserstein_1_cm1,p08,complete,29.81736555,5.691630316721756,1.612595524189261,0.1465716421644201,0.4642261454098595,0.13680064342681322,0.0,,,,,,
d2_5_b,d2_5,b,native,no_axis,wasserstein_1_cm1,p09,complete,29.81736555,7.129009726229977,5.64691164047619,0.1465716421644201,0.4642261454098595,0.049705869664055095,0.0,,,,,,
d2_5_b,d2_5,b,native,no_axis,wasserstein_1_cm1,p10,complete,29.81736555,12.62634527336796,8.71585770978131,0.1465716421644201,0.4642261454098595,0.13114799015457118,0.0,,,,,,
d2_5_b,d2_5,b,native,no_axis,is_like_structure_to_noise,p08,complete,29.81736555,3.1590631339494166,1.9286112468619248,0.024532658519611505,0.24143663006978688,0.041266284408130474,0.0,,,,,,
d2_5_b,d2_5,b,native,no_axis,is_like_structure_to_noise,p09,complete,29.81736555,8.65721873913663,6.790824463853787,0.024532658519611505,0.24143663006978688,0.06259420444616853,0.0,,,,,,
d2_5_b,d2_5,b,native,no_axis,is_like_structure_to_noise,p10,complete,29.81736555,17.26958442992138,13.898925583333334,0.024532658519611505,0.24143663006978688,0.11304348269587644,0.0,,,,,,
d2_5_b,d2_5,b,native,no_axis,precision,p08,complete,29.81736555,1.7675700870550959,1.7170810297341792,0.1714069494469206,0.4905954253759742,0.0016932769340823504,0.0,,,,,,
d2_5_b,d2_5,b,native,no_axis,precision,p09,complete,29.81736555,10.112873777898896,5.486625237479496,0.1714069494469206,0.4905954253759742,0.155152826384402,0.0,,,,,,
d2_5_b,d2_5,b,native,no_axis,precision,p10,complete,29.81736555,12.826018015576807,7.985396147193157,0.1714069494469206,0.4905954253759742,0.1623423726105692,0.0,,,,,,
d2_5_b,d2_5,b,native,no_axis,recall,p08,complete,29.81736555,1.6976273666081236,1.6503116982302584,0.18559474898314465,0.5072833696492204,0.0015868493914569018,0.0,,,,,,
d2_5_b,d2_5,b,native,no_axis,recall,p09,complete,29.81736555,10.027204965385565,5.375178149174955,0.18559474898314465,0.5072833696492204,0.15601736539768213,0.0,,,,,,
d2_5_b,d2_5,b,native,no_axis,recall,p10,complete,29.81736555,12.5585867434154,7.666022032328208,0.18559474898314465,0.5072833696492204,0.16408440587693676,0.0,,,,,,
d2_5_b,d2_5,b,native,no_axis,f1,p08,complete,29.81736555,1.718228654396912,1.653314939036827,0.1796070056003597,0.5018504363333124,0.002177043952834567,0.0,,,,,,
d2_5_b,d2_5,b,native,no_axis,f1,p09,complete,29.81736555,10.046214896218402,5.400623262259685,0.1796070056003597,0.5018504363333124,0.15580154545070854,0.0,,,,,,
d2_5_b,d2_5,b,native,no_axis,f1,p10,complete,29.81736555,12.697514258057868,7.799569437126113,0.1796070056003597,0.5018504363333124,0.16426484132940963,0.0,,,,,,
d2_5_b,d2_5,b,native,no_axis,artifact_peak_ratio,p08,complete,29.81736555,1.7675700870550959,1.7170810297341792,0.1714069494469206,0.4905954253759742,0.0016932769340823504,0.0,,,,,,
d2_5_b,d2_5,b,native,no_axis,artifact_peak_ratio,p09,complete,29.81736555,10.112873777898896,5.486625237479496,0.1714069494469206,0.4905954253759742,0.155152826384402,0.0,,,,,,
d2_5_b,d2_5,b,native,no_axis,artifact_peak_ratio,p10,complete,29.81736555,12.826018015576807,7.985396147193157,0.1714069494469206,0.4905954253759742,0.1623423726105692,0.0,,,,,,
d2_5_b,d2_5,b,native,no_axis,missing_peak_ratio,p08,complete,29.81736555,1.6976273666081236,1.6503116982302584,0.18559474898314465,0.5072833696492204,0.0015868493914569018,0.0,,,,,,
d2_5_b,d2_5,b,native,no_axis,missing_peak_ratio,p09,complete,29.81736555,10.027204965385565,5.375178149174955,0.18559474898314465,0.5072833696492204,0.15601736539768213,0.0,,,,,,
d2_5_b,d2_5,b,native,no_axis,missing_peak_ratio,p10,complete,29.81736555,12.5585867434154,7.666022032328208,0.18559474898314465,0.5072833696492204,0.16408440587693676,0.0,,,,,,
d2_5_b,d2_5,b,common_grid,all5,mse,p08,complete,48.286418080000004,4.659924472258178,1.5917261962303482,0.39888241956967085,0.6713063841121238,0.06354164168782406,0.0,,,,,,
d2_5_b,d2_5,b,common_grid,all5,mse,p09,complete,48.286418080000004,5.678229494677506,5.299286901919919,0.39888241956967085,0.6713063841121238,0.007847809131954299,0.0,,,,,,
d2_5_b,d2_5,b,common_grid,all5,mse,p10,complete,48.286418080000004,14.597357083000515,8.154875534725274,0.39888241956967085,0.6713063841121238,0.1334222293648177,0.0,,,,,,
d2_5_b,d2_5,b,common_grid,all5,mse,p11,complete,48.286418080000004,3.354025877236565,0.5520261694915256,0.39888241956967085,0.6713063841121238,0.05802873394134849,0.0,,,,,,
d2_5_b,d2_5,b,common_grid,all5,mse,p12,complete,48.286418080000004,0.7362778767241431,0.27352255462184893,0.39888241956967085,0.6713063841121238,0.009583550416508642,0.0,,,,,,
d2_5_b,d2_5,b,common_grid,all5,rmse,p08,complete,48.286418080000004,4.657126260951114,1.5884050873276565,0.3997359988789194,0.6725701171523404,0.0635524707701296,0.0,,,,,,
d2_5_b,d2_5,b,common_grid,all5,rmse,p09,complete,48.286418080000004,5.669990508473834,5.281813008158508,0.3997359988789194,0.6725701171523404,0.008039061826292448,0.0,,,,,,
d2_5_b,d2_5,b,common_grid,all5,rmse,p10,complete,48.286418080000004,14.585564553581591,8.11464939546798,0.3997359988789194,0.6725701171523404,0.13401108252413182,0.0,,,,,,
d2_5_b,d2_5,b,common_grid,all5,rmse,p11,complete,48.286418080000004,3.337529080198684,0.5520261694915256,0.3997359988789194,0.6725701171523404,0.05768708927823537,0.0,,,,,,
d2_5_b,d2_5,b,common_grid,all5,rmse,p12,complete,48.286418080000004,0.7343881133008617,0.27352255462184893,0.3997359988789194,0.6725701171523404,0.009544413874631572,0.0,,,,,,
d2_5_b,d2_5,b,common_grid,all5,mae,p08,complete,48.286418080000004,4.665660139930216,1.5827579490102606,0.40487660597422537,0.6735168689721835,0.06384615619680596,0.0,,,,,,
d2_5_b,d2_5,b,common_grid,all5,mae,p09,complete,48.286418080000004,5.660709837048666,5.262557764772907,0.40487660597422537,0.6735168689721835,0.008245632790904197,0.0,,,,,,
d2_5_b,d2_5,b,common_grid,all5,mae,p10,complete,48.286418080000004,14.361644200644049,8.09383652298003,0.40487660597422537,0.6735168689721835,0.1298047758953592,0.0,,,,,,
d2_5_b,d2_5,b,common_grid,all5,mae,p11,complete,48.286418080000004,3.5388066705299437,0.5520261694915256,0.40487660597422537,0.6735168689721835,0.061855499326746034,0.0,,,,,,
d2_5_b,d2_5,b,common_grid,all5,mae,p12,complete,48.286418080000004,0.5095561649642566,0.2735225546218489,0.40487660597422537,0.6735168689721835,0.0048881987881426985,0.0,,,,,,
d2_5_b,d2_5,b,common_grid,all5,sam,p08,complete,48.286418080000004,3.8910869147505887,1.5366080164722153,0.41795020090900425,0.6548254678756193,0.048760686584321054,0.0,,,,,,
d2_5_b,d2_5,b,common_grid,all5,sam,p09,complete,48.286418080000004,6.014910551845738,5.694709602635045,0.41795020090900425,0.6548254678756193,0.006631283949871568,0.0,,,,,,
d2_5_b,d2_5,b,common_grid,all5,sam,p10,complete,48.286418080000004,14.173067949540512,8.614163070155488,0.41795020090900425,0.6548254678756193,0.11512357098377311,0.0,,,,,,
d2_5_b,d2_5,b,common_grid,all5,sam,p11,complete,48.286418080000004,3.454018660870856,0.5498065248416368,0.41795020090900425,0.6548254678756193,0.060145528525590276,0.0,,,,,,
d2_5_b,d2_5,b,common_grid,all5,sam,p12,complete,48.286418080000004,0.5720158652801312,0.271954554621849,0.41795020090900425,0.6548254678756193,0.006214196923059119,0.0,,,,,,
d2_5_b,d2_5,b,common_grid,all5,pearson_r,p08,complete,48.286418080000004,3.0935497727134855,1.5997399656376445,0.2644555417907263,0.6603558557283232,0.030936438577840383,0.0,,,,,,
d2_5_b,d2_5,b,common_grid,all5,pearson_r,p09,complete,48.286418080000004,6.384237244743778,5.609738481880292,0.2644555417907263,0.6603558557283232,0.0160396814189098,0.0,,,,,,
d2_5_b,d2_5,b,common_grid,all5,pearson_r,p10,complete,48.286418080000004,16.913749624847537,8.366105477579392,0.2644555417907263,0.6603558557283232,0.17701963589650765,0.0,,,,,,
d2_5_b,d2_5,b,common_grid,all5,pearson_r,p11,complete,48.286418080000004,7.913229775572976,0.5511845063291142,0.2644555417907263,0.6603558557283232,0.152466170860853,0.0,,,,,,
d2_5_b,d2_5,b,common_grid,all5,pearson_r,p12,complete,48.286418080000004,1.212040807642309,0.27343071729957824,0.2644555417907263,0.6603558557283232,0.019438387183486252,0.0,,,,,,
d2_5_b,d2_5,b,common_grid,all5,nmse,p08,complete,48.286418080000004,3.7942854037915072,1.5961551920227923,0.43446472032474936,0.65794615921326,0.045522743230340564,0.0,,,,,,
d2_5_b,d2_5,b,common_grid,all5,nmse,p09,complete,48.286418080000004,5.9640061262371225,5.511761699999999,0.43446472032474936,0.65794615921326,0.00936587231398801,0.0,,,,,,
d2_5_b,d2_5,b,common_grid,all5,nmse,p10,complete,48.286418080000004,13.914858629912796,8.5867138,0.43446472032474936,0.65794615921326,0.1103445863614325,0.0,,,,,,
d2_5_b,d2_5,b,common_grid,all5,nmse,p11,complete,48.286418080000004,3.1306710397953976,0.5499695154536393,0.43446472032474936,0.65794615921326,0.05344570226903355,0.0,,,,,,
d2_5_b,d2_5,b,common_grid,all5,nmse,p12,complete,48.286418080000004,0.5038517536520613,0.271954554621849,0.43446472032474936,0.65794615921326,0.004802534713716175,0.0,,,,,,
d2_5_b,d2_5,b,common_grid,all5,wasserstein_1_cm1,p08,complete,48.286418080000004,5.697878180145986,1.6125249908559278,0.4536164826082051,0.6505874514330798,0.08460667309224562,0.0,,,,,,
d2_5_b,d2_5,b,common_grid,all5,wasserstein_1_cm1,p09,complete,48.286418080000004,7.14710801725362,5.7320161064314625,0.4536164826082051,0.6505874514330798,0.02930621005015655,0.0,,,,,,
d2_5_b,d2_5,b,common_grid,all5,wasserstein_1_cm1,p10,complete,48.286418080000004,12.627418400612758,8.715911164326766,0.4536164826082051,0.6505874514330798,0.08100636559550728,0.0,,,,,,
d2_5_b,d2_5,b,common_grid,all5,wasserstein_1_cm1,p11,complete,48.286418080000004,0.606107570585774,0.5368637625080803,0.4536164826082051,0.6505874514330798,0.001434022460787458,0.0,,,,,,
d2_5_b,d2_5,b,common_grid,all5,wasserstein_1_cm1,p12,complete,48.286418080000004,0.304390784203025,0.27456437837837855,0.4536164826082051,0.6505874514330798,0.0006176976261778337,0.0,,,,,,
d2_5_b,d2_5,b,common_grid,all5,is_like_structure_to_noise,p08,complete,48.286418080000004,2.2669405632802366,1.928611246861925,0.08900302373149349,0.5150078046121878,0.007006718035240755,0.0,,,,,,
d2_5_b,d2_5,b,common_grid,all5,is_like_structure_to_noise,p09,complete,48.286418080000004,7.0417852805609495,6.790926017263428,0.08900302373149349,0.5150078046121878,0.005195234462864967,0.0,,,,,,
d2_5_b,d2_5,b,common_grid,all5,is_like_structure_to_noise,p10,complete,48.286418080000004,26.32076672491607,13.898925583333334,0.08900302373149349,0.5150078046121878,0.25725331543545993,0.0,,,,,,
d2_5_b,d2_5,b,common_grid,all5,is_like_structure_to_noise,p11,complete,48.286418080000004,5.0053717103104205,0.5384365163183868,0.08900302373149349,0.5150078046121878,0.0925091438050199,0.0,,,,,,
d2_5_b,d2_5,b,common_grid,all5,is_like_structure_to_noise,p12,complete,48.286418080000004,3.3539165866492717,0.2616365482558777,0.08900302373149349,0.5150078046121878,0.06404036914210874,0.0,,,,,,
d2_5_b,d2_5,b,common_grid,all5,precision,p08,complete,48.286418080000004,2.03780863632488,1.640258195932681,0.028420949243517346,0.6712062847512154,0.008233173140603327,0.0,,,,,,
d2_5_b,d2_5,b,common_grid,all5,precision,p09,complete,48.286418080000004,8.03751599691227,5.313553449757183,0.028420949243517346,0.6712062847512154,0.05641260328405551,0.0,,,,,,
d2_5_b,d2_5,b,common_grid,all5,precision,p10,complete,48.286418080000004,25.215282774289857,8.09566359948527,0.028420949243517346,0.6712062847512154,0.3545431584186082,0.0,,,,,,
d2_5_b,d2_5,b,common_grid,all5,precision,p11,complete,48.286418080000004,7.6810690649604245,0.5512971514041516,0.028420949243517346,0.6712062847512154,0.14765584603405052,0.0,,,,,,
d2_5_b,d2_5,b,common_grid,all5,precision,p12,complete,48.286418080000004,3.942395770109637,0.27549840000000014,0.028420949243517346,0.6712062847512154,0.0759405546303806,0.0,,,,,,
d2_5_b,d2_5,b,common_grid,all5,recall,p08,complete,48.286418080000004,2.056593957777778,1.6556284954950427,0.05969133810686389,0.6877602219057398,0.00830389741517839,0.0,,,,,,
d2_5_b,d2_5,b,common_grid,all5,recall,p09,complete,48.286418080000004,7.054360736401799,5.103416179258782,0.05969133810686389,0.6877602219057398,0.04040358831153577,0.0,,,,,,
d2_5_b,d2_5,b,common_grid,all5,recall,p10,complete,48.286418080000004,25.14512008222222,7.490160892122551,0.05969133810686389,0.6877602219057398,0.36562992021585183,0.0,,,,,,
d2_5_b,d2_5,b,common_grid,all5,recall,p11,complete,48.286418080000004,7.200158396015541,0.5522364993894997,0.05969133810686389,0.6877602219057398,0.13767684912167005,0.0,,,,,,
d2_5_b,d2_5,b,common_grid,all5,recall,p12,complete,48.286418080000004,3.9479040000000007,0.27549840000000014,0.05969133810686389,0.6877602219057398,0.07605462873463982,0.0,,,,,,
d2_5_b,d2_5,b,common_grid,all5,f1,p08,complete,48.286418080000004,2.045356187100233,1.6431295641066619,0.034491453621692925,0.6769224942714311,0.008330015747433788,0.0,,,,,,
d2_5_b,d2_5,b,common_grid,all5,f1,p09,complete,48.286418080000004,7.696749403172733,5.222391731709095,0.034491453621692925,0.6769224942714311,0.05124334688409004,0.0,,,,,,
d2_5_b,d2_5,b,common_grid,all5,f1,p10,complete,48.286418080000004,25.15504449656585,7.907896173593072,0.034491453621692925,0.6769224942714311,0.35718425612763477,0.0,,,,,,
d2_5_b,d2_5,b,common_grid,all5,f1,p11,complete,48.286418080000004,7.763813296008524,0.5513396444444447,0.034491453621692925,0.6769224942714311,0.14936857895763964,0.0,,,,,,
d2_5_b,d2_5,b,common_grid,all5,f1,p12,complete,48.286418080000004,3.9599859473886645,0.27549840000000014,0.034491453621692925,0.6769224942714311,0.07630484293293979,0.0,,,,,,
d2_5_b,d2_5,b,common_grid,all5,artifact_peak_ratio,p08,complete,48.286418080000004,2.03780863632488,1.640258195932681,0.028420949243517346,0.6712062847512154,0.008233173140603327,0.0,,,,,,
d2_5_b,d2_5,b,common_grid,all5,artifact_peak_ratio,p09,complete,48.286418080000004,8.03751599691227,5.313553449757183,0.028420949243517346,0.6712062847512154,0.05641260328405551,0.0,,,,,,
d2_5_b,d2_5,b,common_grid,all5,artifact_peak_ratio,p10,complete,48.286418080000004,25.215282774289857,8.09566359948527,0.028420949243517346,0.6712062847512154,0.3545431584186082,0.0,,,,,,
d2_5_b,d2_5,b,common_grid,all5,artifact_peak_ratio,p11,complete,48.286418080000004,7.6810690649604245,0.5512971514041516,0.028420949243517346,0.6712062847512154,0.14765584603405052,0.0,,,,,,
d2_5_b,d2_5,b,common_grid,all5,artifact_peak_ratio,p12,complete,48.286418080000004,3.942395770109637,0.27549840000000014,0.028420949243517346,0.6712062847512154,0.0759405546303806,0.0,,,,,,
d2_5_b,d2_5,b,common_grid,all5,missing_peak_ratio,p08,complete,48.286418080000004,2.056593957777778,1.6556284954950427,0.05969133810686389,0.6877602219057398,0.00830389741517839,0.0,,,,,,
d2_5_b,d2_5,b,common_grid,all5,missing_peak_ratio,p09,complete,48.286418080000004,7.054360736401799,5.103416179258782,0.05969133810686389,0.6877602219057398,0.04040358831153577,0.0,,,,,,
d2_5_b,d2_5,b,common_grid,all5,missing_peak_ratio,p10,complete,48.286418080000004,25.14512008222222,7.490160892122551,0.05969133810686389,0.6877602219057398,0.36562992021585183,0.0,,,,,,
d2_5_b,d2_5,b,common_grid,all5,missing_peak_ratio,p11,complete,48.286418080000004,7.200158396015541,0.5522364993894997,0.05969133810686389,0.6877602219057398,0.13767684912167005,0.0,,,,,,
d2_5_b,d2_5,b,common_grid,all5,missing_peak_ratio,p12,complete,48.286418080000004,3.9479040000000007,0.27549840000000014,0.05969133810686389,0.6877602219057398,0.07605462873463982,0.0,,,,,,
d2_5_b,d2_5,b,common_grid,no_axis,mse,p08,complete,29.81736555,4.483509186310062,1.5917261962303482,0.2718809880539026,0.49539845806815286,0.09698318200615527,0.0,,,,,,
d2_5_b,d2_5,b,common_grid,no_axis,mse,p09,complete,29.81736555,5.7708795335898,5.299286901919919,0.2718809880539026,0.49539845806815286,0.015816039511575196,0.0,,,,,,
d2_5_b,d2_5,b,common_grid,no_axis,mse,p10,complete,29.81736555,11.456202023201742,8.154875534725274,0.2718809880539026,0.49539845806815286,0.11071824849651973,0.0,,,,,,
d2_5_b,d2_5,b,common_grid,no_axis,rmse,p08,complete,29.81736555,4.481757334246014,1.5884050873276565,0.2733143082336045,0.4974449548258584,0.09703581096279502,0.0,,,,,,
d2_5_b,d2_5,b,common_grid,no_axis,rmse,p09,complete,29.81736555,5.762630493072237,5.281813008158508,0.2733143082336045,0.4974449548258584,0.016125418059065557,0.0,,,,,,
d2_5_b,d2_5,b,common_grid,no_axis,rmse,p10,complete,29.81736555,11.423465084034987,8.11464939546798,0.2733143082336045,0.4974449548258584,0.11096941757039326,0.0,,,,,,
d2_5_b,d2_5,b,common_grid,no_axis,mae,p08,complete,29.81736555,4.579164991649598,1.5827579490102606,0.26990613669914565,0.49897813032100025,0.10049201152981595,0.0,,,,,,
d2_5_b,d2_5,b,common_grid,no_axis,mae,p09,complete,29.81736555,5.765729725592433,5.262557764772907,0.26990613669914565,0.49897813032100025,0.016875131371876826,0.0,,,,,,
d2_5_b,d2_5,b,common_grid,no_axis,mae,p10,complete,29.81736555,11.424580890611278,8.09383652298003,0.26990613669914565,0.49897813032100025,0.11170485072016184,0.0,,,,,,
d2_5_b,d2_5,b,common_grid,no_axis,sam,p08,complete,29.81736555,3.712131137129378,1.5366080164722153,0.2814288551340657,0.46858213671855575,0.07296161416437284,0.0,,,,,,
d2_5_b,d2_5,b,common_grid,no_axis,sam,p09,complete,29.81736555,6.175871875613645,5.694709602635045,0.2814288551340657,0.46858213671855575,0.016136981389980574,0.0,,,,,,
d2_5_b,d2_5,b,common_grid,no_axis,sam,p10,complete,29.81736555,11.537895487406551,8.614163070155488,0.2814288551340657,0.46858213671855575,0.09805468603013673,0.0,,,,,,
d2_5_b,d2_5,b,common_grid,no_axis,pearson_r,p08,complete,29.81736555,4.44724030774543,1.5997399656376445,0.2552461990456655,0.47763380037786984,0.09549805254702606,0.0,,,,,,
d2_5_b,d2_5,b,common_grid,no_axis,pearson_r,p09,complete,29.81736555,6.098228043649664,5.609738481880292,0.2552461990456655,0.47763380037786984,0.016382720363079577,0.0,,,,,,
d2_5_b,d2_5,b,common_grid,no_axis,pearson_r,p10,complete,29.81736555,11.661127976412237,8.366105477579392,0.2552461990456655,0.47763380037786984,0.11050682842209866,0.0,,,,,,
d2_5_b,d2_5,b,common_grid,no_axis,nmse,p08,complete,29.81736555,3.5617723705940163,1.5961551920227923,0.2887012552022451,0.4736412690214078,0.06592189290751152,0.0,,,,,,
d2_5_b,d2_5,b,common_grid,no_axis,nmse,p09,complete,29.81736555,6.137411517898607,5.511761699999999,0.2887012552022451,0.4736412690214078,0.020982732926202678,0.0,,,,,,
d2_5_b,d2_5,b,common_grid,no_axis,nmse,p10,complete,29.81736555,11.509870800398202,8.5867138,0.2887012552022451,0.4736412690214078,0.09803538798544867,0.0,,,,,,
d2_5_b,d2_5,b,common_grid,no_axis,wasserstein_1_cm1,p08,complete,29.81736555,5.697878180145986,1.6125249908559278,0.1467820013547927,0.4613725268691903,0.13701254667986784,0.0,,,,,,
d2_5_b,d2_5,b,common_grid,no_axis,wasserstein_1_cm1,p09,complete,29.81736555,7.115416378684808,5.7320161064314625,0.1467820013547927,0.4613725268691903,0.04639579140328667,0.0,,,,,,
d2_5_b,d2_5,b,common_grid,no_axis,wasserstein_1_cm1,p10,complete,29.81736555,12.627418400612758,8.715911164326766,0.1467820013547927,0.4613725268691903,0.13118218743124316,0.0,,,,,,
d2_5_b,d2_5,b,common_grid,no_axis,is_like_structure_to_noise,p08,complete,29.81736555,3.159063133949415,1.928611246861925,0.024529495123510103,0.24143322422196078,0.04126628440813042,0.0,,,,,,
d2_5_b,d2_5,b,common_grid,no_axis,is_like_structure_to_noise,p09,complete,29.81736555,8.657313063274561,6.790926017263428,0.024529495123510103,0.24143322422196078,0.06259396199444361,0.0,,,,,,
d2_5_b,d2_5,b,common_grid,no_axis,is_like_structure_to_noise,p10,complete,29.81736555,17.269584429921384,13.898925583333334,0.024529495123510103,0.24143322422196078,0.11304348269587661,0.0,,,,,,
d2_5_b,d2_5,b,common_grid,no_axis,precision,p08,complete,29.81736555,1.701479976211317,1.640258195932681,0.17663783741197847,0.49527817204578173,0.0020532256673036656,0.0,,,,,,
d2_5_b,d2_5,b,common_grid,no_axis,precision,p09,complete,29.81736555,9.927144988352637,5.313553449757183,0.17663783741197847,0.49527817204578173,0.15472834214206607,0.0,,,,,,
d2_5_b,d2_5,b,common_grid,no_axis,precision,p10,complete,29.81736555,12.921865617361616,8.09566359948527,0.17663783741197847,0.49527817204578173,0.16185876682443348,0.0,,,,,,
d2_5_b,d2_5,b,common_grid,no_axis,recall,p08,complete,29.81736555,1.71839348502952,1.6556284954950427,0.19006517950044777,0.5221172191425753,0.0021049810530453478,0.0,,,,,,
d2_5_b,d2_5,b,common_grid,no_axis,recall,p09,complete,29.81736555,9.794251609991605,5.103416179258782,0.19006517950044777,0.5221172191425753,0.15731890944110663,0.0,,,,,,
d2_5_b,d2_5,b,common_grid,no_axis,recall,p10,complete,29.81736555,12.637477519487657,7.490160892122551,0.19006517950044777,0.5221172191425753,0.1726281491479755,0.0,,,,,,
d2_5_b,d2_5,b,common_grid,no_axis,f1,p08,complete,29.81736555,1.7085930886401828,1.6431295641066619,0.18509380224463212,0.5045364606529155,0.0021954831798854505,0.0,,,,,,
d2_5_b,d2_5,b,common_grid,no_axis,f1,p09,complete,29.81736555,9.838308611385742,5.222391731709095,0.18509380224463212,0.5045364606529155,0.1548063282765988,0.0,,,,,,
d2_5_b,d2_5,b,common_grid,no_axis,f1,p10,complete,29.81736555,12.751454287406467,7.907896173593072,0.18509380224463212,0.5045364606529155,0.162440846951799,0.0,,,,,,
d2_5_b,d2_5,b,common_grid,no_axis,artifact_peak_ratio,p08,complete,29.81736555,1.701479976211317,1.640258195932681,0.17663783741197847,0.49527817204578173,0.0020532256673036656,0.0,,,,,,
d2_5_b,d2_5,b,common_grid,no_axis,artifact_peak_ratio,p09,complete,29.81736555,9.927144988352637,5.313553449757183,0.17663783741197847,0.49527817204578173,0.15472834214206607,0.0,,,,,,
d2_5_b,d2_5,b,common_grid,no_axis,artifact_peak_ratio,p10,complete,29.81736555,12.921865617361616,8.09566359948527,0.17663783741197847,0.49527817204578173,0.16185876682443348,0.0,,,,,,
d2_5_b,d2_5,b,common_grid,no_axis,missing_peak_ratio,p08,complete,29.81736555,1.71839348502952,1.6556284954950427,0.19006517950044777,0.5221172191425753,0.0021049810530453478,0.0,,,,,,
d2_5_b,d2_5,b,common_grid,no_axis,missing_peak_ratio,p09,complete,29.81736555,9.794251609991605,5.103416179258782,0.19006517950044777,0.5221172191425753,0.15731890944110663,0.0,,,,,,
d2_5_b,d2_5,b,common_grid,no_axis,missing_peak_ratio,p10,complete,29.81736555,12.637477519487657,7.490160892122551,0.19006517950044777,0.5221172191425753,0.1726281491479755,0.0,,,,,,
d2_10_a,d2_10,a,native,all5,mse,p08,complete,57.333285386666674,6.805916484443124,5.622161733105974,0.5710444188352506,0.7310461372718722,0.020646902464313367,0.0,,,,,,
d2_10_a,d2_10,a,native,all5,mse,p09,complete,57.333285386666674,7.18083264890938,1.1810881322158369,0.5710444188352506,0.7310461372718722,0.10464679420043897,0.0,,,,,,
d2_10_a,d2_10,a,native,all5,mse,p10,complete,57.333285386666674,7.627644698863408,5.697092918982976,0.5710444188352506,0.7310461372718722,0.03367244292491558,0.0,,,,,,
d2_10_a,d2_10,a,native,all5,mse,p11,complete,57.333285386666674,2.536696229683835,2.5036746000000005,0.5710444188352506,0.7310461372718722,0.000575959138938758,1.0,0.025149999999999968,0.013420118343195257,240,0.03302162968383447,0.0330216296838346,1.249000902703301e-16
d2_10_a,d2_10,a,native,all5,mse,p12,complete,57.333285386666674,0.44234269122229625,0.4159911833333334,0.5710444188352506,0.7310461372718722,0.00045961970801504284,1.0,0.0029416666666666497,0.013420118343195257,240,0.02635150788896284,0.026351507888962844,3.469446951953614e-18
d2_10_a,d2_10,a,native,all5,rmse,p08,complete,57.333285386666674,6.8058780760757775,5.621898952153593,0.5710448977393056,0.7311688335118094,0.020650815942906492,0.0,,,,,,
d2_10_a,d2_10,a,native,all5,rmse,p09,complete,57.333285386666674,7.1813112846916916,1.1744157260718848,0.5710448977393056,0.7311688335118094,0.10477152178020413,0.0,,,,,,
d2_10_a,d2_10,a,native,all5,rmse,p10,complete,57.333285386666674,7.627177014305586,5.696993527539127,0.5710448977393056,0.7311688335118094,0.03366601920243939,0.0,,,,,,
d2_10_a,d2_10,a,native,all5,rmse,p11,complete,57.333285386666674,2.536696229683835,2.5036746000000005,0.5710448977393056,0.7311688335118094,0.000575959138938758,1.0,,,,,,
d2_10_a,d2_10,a,native,all5,rmse,p12,complete,57.333285386666674,0.44234269122229625,0.4159911833333334,0.5710448977393056,0.7311688335118094,0.00045961970801504284,1.0,,,,,,
d2_10_a,d2_10,a,native,all5,mae,p08,complete,57.333285386666674,6.397119484324552,5.537671010684294,0.5801128440258014,0.7330835300349958,0.01499039289034238,0.0,,,,,,
d2_10_a,d2_10,a,native,all5,mae,p09,complete,57.333285386666674,6.77649922409037,1.173965726071885,0.5801128440258014,0.7330835300349958,0.09771868924367275,0.0,,,,,,
d2_10_a,d2_10,a,native,all5,mae,p10,complete,57.333285386666674,7.920815290156666,5.671895626815712,0.5801128440258014,0.7330835300349958,0.03922537576860993,0.0,,,,,,
d2_10_a,d2_10,a,native,all5,mae,p11,complete,57.333285386666674,2.5370302263926336,2.5036746000000005,0.5801128440258014,0.7330835300349958,0.0005817846678012017,1.0,,,,,,
d2_10_a,d2_10,a,native,all5,mae,p12,complete,57.333285386666674,0.44204591870032567,0.4159911833333334,0.5801128440258014,0.7330835300349958,0.0004544434387681462,1.0,,,,,,
d2_10_a,d2_10,a,native,all5,sam,p08,complete,57.333285386666674,7.664806949910984,5.740682056330796,0.5423638710306778,0.7090127934138846,0.03356034597709727,0.0,,,,,,
d2_10_a,d2_10,a,native,all5,sam,p09,complete,57.333285386666674,7.324805844796863,1.5983865289073673,0.5423638710306778,0.7090127934138846,0.09987949019961834,0.0,,,,,,
d2_10_a,d2_10,a,native,all5,sam,p10,complete,57.333285386666674,8.269298535569616,6.424518190499194,0.5423638710306778,0.7090127934138846,0.03217642827598084,0.0,,,,,,
d2_10_a,d2_10,a,native,all5,sam,p11,complete,57.333285386666674,2.534377952484638,2.5036746000000005,0.5423638710306778,0.7090127934138846,0.0005355240376958682,1.0,,,,,,
d2_10_a,d2_10,a,native,all5,sam,p12,complete,57.333285386666674,0.4444935026854407,0.4159911833333334,0.5423638710306778,0.7090127934138846,0.0004971338928143075,1.0,,,,,,
d2_10_a,d2_10,a,native,all5,pearson_r,p08,complete,57.333285386666674,7.376897327785567,6.096348136569285,0.5568947541363052,0.7155175144624522,0.02233517899035461,0.0,,,,,,
d2_10_a,d2_10,a,native,all5,pearson_r,p09,complete,57.333285386666674,7.051576272973968,1.2925783061087066,0.5568947541363052,0.7155175144624522,0.10044772295928056,0.0,,,,,,
d2_10_a,d2_10,a,native,all5,pearson_r,p10,complete,57.333285386666674,7.997243888776486,6.001723304821179,0.5568947541363052,0.7155175144624522,0.03480562068782791,0.0,,,,,,
d2_10_a,d2_10,a,native,all5,pearson_r,p11,complete,57.333285386666674,2.535886255465118,2.5036746000000005,0.5568947541363052,0.7155175144624522,0.0005618316698210481,1.0,,,,,,
d2_10_a,d2_10,a,native,all5,pearson_r,p12,complete,57.333285386666674,0.4430757724311856,0.4159911833333334,0.5568947541363052,0.7155175144624522,0.00047240601886301405,1.0,,,,,,
d2_10_a,d2_10,a,native,all5,nmse,p08,complete,57.333285386666674,7.716424766389494,6.815837733333334,0.5495337050255149,0.6861096376693232,0.015707926503468767,0.0,,,,,,
d2_10_a,d2_10,a,native,all5,nmse,p09,complete,57.333285386666674,6.853509583859412,1.5534963402955668,0.5495337050255149,0.6861096376693232,0.09244216876495982,0.0,,,,,,
d2_10_a,d2_10,a,native,all5,nmse,p10,complete,57.333285386666674,8.277911661695494,6.707365866666667,0.5495337050255149,0.6861096376693232,0.02739326351938086,0.0,,,,,,
d2_10_a,d2_10,a,native,all5,nmse,p11,complete,57.333285386666674,2.5342372358184098,2.5036746000000005,0.5495337050255149,0.6861096376693232,0.0005330696751858652,1.0,,,,,,
d2_10_a,d2_10,a,native,all5,nmse,p12,complete,57.333285386666674,0.44462939908371524,0.4159911833333334,0.5495337050255149,0.6861096376693232,0.0004995041808129464,1.0,,,,,,
d2_10_a,d2_10,a,native,all5,wasserstein_1_cm1,p08,complete,57.333285386666674,7.635596014451308,6.349010290944662,0.6535643278079817,0.6998984174965601,0.022440467432306817,0.0,,,,,,
d2_10_a,d2_10,a,native,all5,wasserstein_1_cm1,p09,complete,57.333285386666674,2.2572677274645128,1.6589204468874046,0.6535643278079817,0.6998984174965601,0.010436298505165703,0.0,,,,,,
d2_10_a,d2_10,a,native,all5,wasserstein_1_cm1,p10,complete,57.333285386666674,7.305826682871041,6.588214240148613,0.6535643278079817,0.6998984174965601,0.012516506561288311,0.0,,,,,,
d2_10_a,d2_10,a,native,all5,wasserstein_1_cm1,p11,complete,57.333285386666674,2.2515129635467597,2.206861223952061,0.6535643278079817,0.6998984174965601,0.0007788100628379928,0.0,,,,,,
d2_10_a,d2_10,a,native,all5,wasserstein_1_cm1,p12,complete,57.333285386666674,0.4120918735730662,0.40280347272727274,0.6535643278079817,0.6998984174965601,0.00016200712697956741,0.0,,,,,,
d2_10_a,d2_10,a,native,all5,is_like_structure_to_noise,p08,complete,57.333285386666674,19.787949083571853,14.100621583333334,7.489541341221262e-06,0.42163674597034206,0.09919765563550205,0.0,,,,,,
d2_10_a,d2_10,a,native,all5,is_like_structure_to_noise,p09,complete,57.333285386666674,4.188773173635804,2.812781400443575,7.489541341221262e-06,0.42163674597034206,0.02399987657976124,0.0,,,,,,
d2_10_a,d2_10,a,native,all5,is_like_structure_to_noise,p10,complete,57.333285386666674,20.804117960969684,13.326396733333333,7.489541341221262e-06,0.42163674597034206,0.13042547932156975,0.0,,,,,,
d2_10_a,d2_10,a,native,all5,is_like_structure_to_noise,p11,complete,57.333285386666674,6.567128029360035,2.5036746000000005,7.489541341221262e-06,0.42163674597034206,0.07087424699204527,1.0,,,,,,
d2_10_a,d2_10,a,native,all5,is_like_structure_to_noise,p12,complete,57.333285386666674,5.984887739118168,0.4159911833333334,7.489541341221262e-06,0.42163674597034206,0.09713199790012256,1.0,,,,,,
d2_10_a,d2_10,a,native,all5,precision,p08,complete,57.333285386666674,14.031191214176872,8.15390038875277,0.2265145263027647,0.6783721328910057,0.10251097221773572,0.0,,,,,,
d2_10_a,d2_10,a,native,all5,precision,p09,complete,57.333285386666674,7.320955369345369,1.557732417564103,0.2265145263027647,0.6783721328910057,0.1005214146182795,0.0,,,,,,
d2_10_a,d2_10,a,native,all5,precision,p10,complete,57.333285386666674,15.73433627774516,6.098447017978746,0.2265145263027647,0.6783721328910057,0.16806797647788937,0.0,,,,,,
d2_10_a,d2_10,a,native,all5,precision,p11,complete,57.333285386666674,3.9831131016593764,2.2385451478452234,0.2265145263027647,0.6783721328910057,0.030428536269087876,0.5,,,,,,
d2_10_a,d2_10,a,native,all5,precision,p12,complete,57.333285386666674,3.276867442997882,0.39135732112402877,0.2265145263027647,0.6783721328910057,0.05032870700524869,0.5,,,,,,
d2_10_a,d2_10,a,native,all5,recall,p08,complete,57.333285386666674,13.127766531119919,7.031702176050857,0.25072010342541295,0.7021797644937536,0.106326792786355,0.0,,,,,,
d2_10_a,d2_10,a,native,all5,recall,p09,complete,57.333285386666674,7.883502326139979,1.5250845634786672,0.25072010342541295,0.7021797644937536,0.11090272814088577,0.0,,,,,,
d2_10_a,d2_10,a,native,all5,recall,p10,complete,57.333285386666674,14.41684842196467,5.888323347705121,0.25072010342541295,0.7021797644937536,0.14875346871789288,0.0,,,,,,
d2_10_a,d2_10,a,native,all5,recall,p11,complete,57.333285386666674,4.009280205051705,2.2385451478452234,0.25072010342541295,0.7021797644937536,0.030884939616913715,0.5,,,,,,
d2_10_a,d2_10,a,native,all5,recall,p12,complete,57.333285386666674,3.52128066052662,0.39135732112402877,0.25072010342541295,0.7021797644937536,0.05459173180629346,0.5,,,,,,
d2_10_a,d2_10,a,native,all5,f1,p08,complete,57.333285386666674,13.227298401509552,6.764169434007999,0.24519503507941232,0.7060086658156308,0.11272908789218986,0.0,,,,,,
d2_10_a,d2_10,a,native,all5,f1,p09,complete,57.333285386666674,7.770149654821374,1.5216984629795214,0.24519503507941232,0.7060086658156308,0.10898470495282277,0.0,,,,,,
d2_10_a,d2_10,a,native,all5,f1,p10,complete,57.333285386666674,14.828785918017857,5.939718698042563,0.24519503507941232,0.7060086658156308,0.15504199977422747,0.0,,,,,,
d2_10_a,d2_10,a,native,all5,f1,p11,complete,57.333285386666674,3.9765257116183523,2.2385451478452234,0.24519503507941232,0.7060086658156308,0.030313639835077563,0.5,,,,,,
d2_10_a,d2_10,a,native,all5,f1,p12,complete,57.333285386666674,3.472688779097844,0.39135732112402877,0.24519503507941232,0.7060086658156308,0.05374419828190074,0.5,,,,,,
d2_10_a,d2_10,a,native,all5,artifact_peak_ratio,p08,complete,57.333285386666674,14.031191214176872,8.15390038875277,0.2265145263027647,0.6783721328910057,0.10251097221773572,0.0,,,,,,
d2_10_a,d2_10,a,native,all5,artifact_peak_ratio,p09,complete,57.333285386666674,7.320955369345369,1.557732417564103,0.2265145263027647,0.6783721328910057,0.1005214146182795,0.0,,,,,,
d2_10_a,d2_10,a,native,all5,artifact_peak_ratio,p10,complete,57.333285386666674,15.73433627774516,6.098447017978746,0.2265145263027647,0.6783721328910057,0.16806797647788937,0.0,,,,,,
d2_10_a,d2_10,a,native,all5,artifact_peak_ratio,p11,complete,57.333285386666674,3.9831131016593764,2.2385451478452234,0.2265145263027647,0.6783721328910057,0.030428536269087876,0.5,,,,,,
d2_10_a,d2_10,a,native,all5,artifact_peak_ratio,p12,complete,57.333285386666674,3.276867442997882,0.39135732112402877,0.2265145263027647,0.6783721328910057,0.05032870700524869,0.5,,,,,,
d2_10_a,d2_10,a,native,all5,missing_peak_ratio,p08,complete,57.333285386666674,13.127766531119919,7.031702176050857,0.25072010342541295,0.7021797644937536,0.106326792786355,0.0,,,,,,
d2_10_a,d2_10,a,native,all5,missing_peak_ratio,p09,complete,57.333285386666674,7.883502326139979,1.5250845634786672,0.25072010342541295,0.7021797644937536,0.11090272814088577,0.0,,,,,,
d2_10_a,d2_10,a,native,all5,missing_peak_ratio,p10,complete,57.333285386666674,14.41684842196467,5.888323347705121,0.25072010342541295,0.7021797644937536,0.14875346871789288,0.0,,,,,,
d2_10_a,d2_10,a,native,all5,missing_peak_ratio,p11,complete,57.333285386666674,4.009280205051705,2.2385451478452234,0.25072010342541295,0.7021797644937536,0.030884939616913715,0.5,,,,,,
d2_10_a,d2_10,a,native,all5,missing_peak_ratio,p12,complete,57.333285386666674,3.52128066052662,0.39135732112402877,0.25072010342541295,0.7021797644937536,0.05459173180629346,0.5,,,,,,
d2_10_a,d2_10,a,native,no_axis,mse,p08,complete,38.39525599444444,6.8060038016317055,5.622161733105974,0.4371431012280007,0.6744300184868279,0.03083302970286292,0.0,,,,,,
d2_10_a,d2_10,a,native,no_axis,mse,p09,complete,38.39525599444444,7.178919859029808,1.1810881322158369,0.4371431012280007,0.6744300184868279,0.1562128333688365,0.0,,,,,,
d2_10_a,d2_10,a,native,no_axis,mse,p10,complete,38.39525599444444,7.626111055928501,5.697092918982976,0.4371431012280007,0.6744300184868279,0.050241054187127696,0.0,,,,,,
d2_10_a,d2_10,a,native,no_axis,rmse,p08,complete,38.39525599444444,6.8059653932643585,5.621898952153593,0.43714381634610955,0.6746132332709981,0.030838873460879965,0.0,,,,,,
d2_10_a,d2_10,a,native,no_axis,rmse,p09,complete,38.39525599444444,7.179398494812119,1.1744157260718848,0.43714381634610955,0.6746132332709981,0.15639908142842227,0.0,,,,,,
d2_10_a,d2_10,a,native,no_axis,rmse,p10,complete,38.39525599444444,7.6256433713706775,5.696993527539127,0.43714381634610955,0.6746132332709981,0.050231462035586226,0.0,,,,,,
d2_10_a,d2_10,a,native,no_axis,mae,p08,complete,38.39525599444444,6.39653126724982,5.537671010684294,0.450707166595103,0.677472332379716,0.022368916011129024,0.0,,,,,,
d2_10_a,d2_10,a,native,no_axis,mae,p09,complete,38.39525599444444,6.774450438622384,1.173965726071885,0.450707166595103,0.677472332379716,0.14586397635585122,0.0,,,,,,
d2_10_a,d2_10,a,native,no_axis,mae,p10,complete,38.39525599444444,7.919257248622539,5.671895626815712,0.450707166595103,0.677472332379716,0.05853227341763277,0.0,,,,,,
d2_10_a,d2_10,a,native,no_axis,sam,p08,complete,38.39525599444444,7.664509781724181,5.740682056330796,0.3942430898176983,0.6415289748887502,0.05010587051878886,0.0,,,,,,
d2_10_a,d2_10,a,native,no_axis,sam,p09,complete,38.39525599444444,7.324388985738137,1.5983865289073673,0.3942430898176983,0.6415289748887502,0.1491330714830834,0.0,,,,,,
d2_10_a,d2_10,a,native,no_axis,sam,p10,complete,38.39525599444444,8.269292869390846,6.424518190499194,0.3942430898176983,0.6415289748887502,0.04804694306917962,0.0,,,,,,
d2_10_a,d2_10,a,native,no_axis,pearson_r,p08,complete,38.39525599444444,7.376749865760316,6.096348136569285,0.4159935979514352,0.6512420766399705,0.03334791489282682,0.0,,,,,,
d2_10_a,d2_10,a,native,no_axis,pearson_r,p09,complete,38.39525599444444,7.050393027262756,1.2925783061087066,0.4159935979514352,0.6512420766399705,0.14996161822666765,0.0,,,,,,
d2_10_a,d2_10,a,native,no_axis,pearson_r,p10,complete,38.39525599444444,7.995932416026019,6.001723304821179,0.4159935979514352,0.6512420766399705,0.05193894556904086,0.0,,,,,,
d2_10_a,d2_10,a,native,no_axis,nmse,p08,complete,38.39525599444444,7.716424766389494,6.815837733333334,0.40495042217503097,0.6073290944465359,0.02345568507699153,0.0,,,,,,
d2_10_a,d2_10,a,native,no_axis,nmse,p09,complete,38.39525599444444,6.852744441890788,1.5534963402955668,0.40495042217503097,0.6073290944465359,0.1380183036769436,0.0,,,,,,
d2_10_a,d2_10,a,native,no_axis,nmse,p10,complete,38.39525599444444,8.277911661695494,6.707365866666667,0.40495042217503097,0.6073290944465359,0.04090468351756989,0.0,,,,,,
d2_10_a,d2_10,a,native,no_axis,wasserstein_1_cm1,p08,complete,38.39525599444444,7.635596014451308,6.349010290944662,0.5528475082467766,0.619845092839265,0.03350897630928172,0.0,,,,,,
d2_10_a,d2_10,a,native,no_axis,wasserstein_1_cm1,p09,complete,38.39525599444444,2.245229850511728,1.6589204468874046,0.5528475082467766,0.619845092839265,0.01527036058072275,0.0,,,,,,
d2_10_a,d2_10,a,native,no_axis,wasserstein_1_cm1,p10,complete,38.39525599444444,7.287708524455681,6.588214240148613,0.5528475082467766,0.619845092839265,0.01821824770248391,0.0,,,,,,
d2_10_a,d2_10,a,native,no_axis,is_like_structure_to_noise,p08,complete,38.39525599444444,14.95775527962962,14.100621583333334,0.0,0.21240791514749224,0.022323947948681717,0.0,,,,,,
d2_10_a,d2_10,a,native,no_axis,is_like_structure_to_noise,p09,complete,38.39525599444444,8.484087535185203,2.812781400443575,0.0,0.21240791514749224,0.14770851210269917,0.0,,,,,,
d2_10_a,d2_10,a,native,no_axis,is_like_structure_to_noise,p10,complete,38.39525599444444,14.953413179629617,13.326396733333333,0.0,0.21240791514749224,0.04237545509611146,0.0,,,,,,
d2_10_a,d2_10,a,native,no_axis,precision,p08,complete,38.39525599444444,12.11652687201368,8.15390038875277,0.05784432562093822,0.5882283002206512,0.10320614827608592,0.0,,,,,,
d2_10_a,d2_10,a,native,no_axis,precision,p09,complete,38.39525599444444,9.77840406123175,1.557732417564103,0.05784432562093822,0.5882283002206512,0.214106441818154,0.0,,,,,,
d2_10_a,d2_10,a,native,no_axis,precision,p10,complete,38.39525599444444,14.279377371157086,6.098447017978746,0.05784432562093822,0.5882283002206512,0.21307138450547294,0.0,,,,,,
d2_10_a,d2_10,a,native,no_axis,recall,p08,complete,38.39525599444444,11.122414862211553,7.031702176050857,0.10208586698132116,0.6237787790938347,0.10654213861088978,0.0,,,,,,
d2_10_a,d2_10,a,native,no_axis,recall,p09,complete,38.39525599444444,10.842152891496013,1.5250845634786672,0.10208586698132116,0.6237787790938347,0.24266196660768374,0.0,,,,,,
d2_10_a,d2_10,a,native,no_axis,recall,p10,complete,38.39525599444444,12.511075244574247,5.888323347705121,0.10208586698132116,0.6237787790938347,0.17248880689394017,0.0,,,,,,
d2_10_a,d2_10,a,native,no_axis,f1,p08,complete,38.39525599444444,11.219249373144091,6.764169434007999,0.0911928449914099,0.629496243049182,0.11603204155692344,0.0,,,,,,
d2_10_a,d2_10,a,native,no_axis,f1,p09,complete,38.39525599444444,10.63027410699588,1.5216984629795214,0.0911928449914099,0.629496243049182,0.23723179877572156,0.0,,,,,,
d2_10_a,d2_10,a,native,no_axis,f1,p10,complete,38.39525599444444,13.044359885997594,5.939718698042563,0.0911928449914099,0.629496243049182,0.18503955772512698,0.0,,,,,,
d2_10_a,d2_10,a,native,no_axis,artifact_peak_ratio,p08,complete,38.39525599444444,12.11652687201368,8.15390038875277,0.05784432562093822,0.5882283002206512,0.10320614827608592,0.0,,,,,,
d2_10_a,d2_10,a,native,no_axis,artifact_peak_ratio,p09,complete,38.39525599444444,9.77840406123175,1.557732417564103,0.05784432562093822,0.5882283002206512,0.214106441818154,0.0,,,,,,
d2_10_a,d2_10,a,native,no_axis,artifact_peak_ratio,p10,complete,38.39525599444444,14.279377371157086,6.098447017978746,0.05784432562093822,0.5882283002206512,0.21307138450547294,0.0,,,,,,
d2_10_a,d2_10,a,native,no_axis,missing_peak_ratio,p08,complete,38.39525599444444,11.122414862211553,7.031702176050857,0.10208586698132116,0.6237787790938347,0.10654213861088978,0.0,,,,,,
d2_10_a,d2_10,a,native,no_axis,missing_peak_ratio,p09,complete,38.39525599444444,10.842152891496013,1.5250845634786672,0.10208586698132116,0.6237787790938347,0.24266196660768374,0.0,,,,,,
d2_10_a,d2_10,a,native,no_axis,missing_peak_ratio,p10,complete,38.39525599444444,12.511075244574247,5.888323347705121,0.10208586698132116,0.6237787790938347,0.17248880689394017,0.0,,,,,,
d2_10_a,d2_10,a,common_grid,all5,mse,p08,complete,57.333285386666674,7.968216858846958,5.622161733105974,0.5199576786456224,0.7333589753938538,0.040919600366850384,0.0,,,,,,
d2_10_a,d2_10,a,common_grid,all5,mse,p09,complete,57.333285386666674,5.837739498730569,1.1813190988825033,0.5199576786456224,0.7333589753938538,0.08121670280089958,0.0,,,,,,
d2_10_a,d2_10,a,common_grid,all5,mse,p10,complete,57.333285386666674,9.34556514868854,5.697092918982976,0.5199576786456224,0.7333589753938538,0.06363619675899548,0.0,,,,,,
d2_10_a,d2_10,a,common_grid,all5,mse,p11,complete,57.333285386666674,3.7096255635950017,2.3796950420067837,0.5199576786456224,0.7333589753938538,0.023196481984573393,0.0,,,,,,
d2_10_a,d2_10,a,common_grid,all5,mse,p12,complete,57.333285386666674,0.6612563380274201,0.4071371665591557,0.5199576786456224,0.7333589753938538,0.004432314836912555,0.0,,,,,,
d2_10_a,d2_10,a,common_grid,all5,rmse,p08,complete,57.333285386666674,7.92604510743959,5.621325005203992,0.5206699900133733,0.7334668580645206,0.04019864005162314,0.0,,,,,,
d2_10_a,d2_10,a,common_grid,all5,rmse,p09,complete,57.333285386666674,5.8712146648963905,1.1744157260718848,0.5206699900133733,0.7334668580645206,0.08192098023248438,0.0,,,,,,
d2_10_a,d2_10,a,common_grid,all5,rmse,p10,complete,57.333285386666674,9.322948353890531,5.696993527539127,0.5206699900133733,0.7334668580645206,0.0632434510232105,0.0,,,,,,
d2_10_a,d2_10,a,common_grid,all5,rmse,p11,complete,57.333285386666674,3.6943044886138336,2.3812738033938903,0.5206699900133733,0.7334668580645206,0.022901717150248982,0.0,,,,,,
d2_10_a,d2_10,a,common_grid,all5,rmse,p12,complete,57.333285386666674,0.6670516421167074,0.4072126293828817,0.5206699900133733,0.7334668580645206,0.004532079593580267,0.0,,,,,,
d2_10_a,d2_10,a,common_grid,all5,mae,p08,complete,57.333285386666674,7.214635548441833,5.537671010684295,0.5384696384417114,0.7353339192679158,0.029249405933181188,0.0,,,,,,
d2_10_a,d2_10,a,common_grid,all5,mae,p09,complete,57.333285386666674,5.554069874623988,1.173965726071885,0.5384696384417114,0.7353339192679158,0.07639722927112653,0.0,,,,,,
d2_10_a,d2_10,a,common_grid,all5,mae,p10,complete,57.333285386666674,9.422125138600192,5.671895626815712,0.5384696384417114,0.7353339192679158,0.06541103455858516,0.0,,,,,,
d2_10_a,d2_10,a,common_grid,all5,mae,p11,complete,57.333285386666674,3.7796908632976356,2.383750523529412,0.5384696384417114,0.7353339192679158,0.02434781698543409,0.0,,,,,,
d2_10_a,d2_10,a,common_grid,all5,mae,p12,complete,57.333285386666674,0.4905305088691735,0.40689305168184076,0.5384696384417114,0.7353339192679158,0.0014587940778775497,0.0,,,,,,
d2_10_a,d2_10,a,common_grid,all5,sam,p08,complete,57.333285386666674,8.678569173028372,5.747423491663509,0.49270703606467414,0.7109386058493506,0.0511246767317912,0.0,,,,,,
d2_10_a,d2_10,a,common_grid,all5,sam,p09,complete,57.333285386666674,6.370044823624669,1.5935126731396059,0.49270703606467414,0.7109386058493506,0.08331167694771395,0.0,,,,,,
d2_10_a,d2_10,a,common_grid,all5,sam,p10,complete,57.333285386666674,9.890849237489022,6.463692266530202,0.49270703606467414,0.7109386058493506,0.05977604366896849,0.0,,,,,,
d2_10_a,d2_10,a,common_grid,all5,sam,p11,complete,57.333285386666674,3.571758658245358,2.364340273003628,0.49270703606467414,0.7109386058493506,0.02105964061013893,0.0,,,,,,
d2_10_a,d2_10,a,common_grid,all5,sam,p12,complete,57.333285386666674,0.5735503835646215,0.4038707007699716,0.49270703606467414,0.7109386058493506,0.002959531826063999,0.0,,,,,,
d2_10_a,d2_10,a,common_grid,all5,pearson_r,p08,complete,57.333285386666674,10.082864921952767,6.09945752287158,0.4010546085306389,0.7184555158114,0.06947809413356176,0.0,,,,,,
d2_10_a,d2_10,a,common_grid,all5,pearson_r,p09,complete,57.333285386666674,3.790196977370914,1.2955697984163987,0.4010546085306389,0.7184555158114,0.043510975555129484,0.0,,,,,,
d2_10_a,d2_10,a,common_grid,all5,pearson_r,p10,complete,57.333285386666674,11.340444136250095,6.000941621026713,0.4010546085306389,0.7184555158114,0.0931309357071159,0.0,,,,,,
d2_10_a,d2_10,a,common_grid,all5,pearson_r,p11,complete,57.333285386666674,8.132081408059792,2.341857331711856,0.4010546085306389,0.7184555158114,0.10099236485921843,0.0,,,,,,
d2_10_a,d2_10,a,common_grid,all5,pearson_r,p12,complete,57.333285386666674,0.9939196165081023,0.4040439870003211,0.4010546085306389,0.7184555158114,0.010288537025735522,0.0,,,,,,
d2_10_a,d2_10,a,common_grid,all5,nmse,p08,complete,57.333285386666674,8.497057299432424,6.464594649281734,0.498311247856558,0.6991114845339697,0.03544995959054802,0.0,,,,,,
d2_10_a,d2_10,a,common_grid,all5,nmse,p09,complete,57.333285386666674,6.5112876614192885,1.5534963402955668,0.498311247856558,0.6991114845339697,0.08647317675391225,0.0,,,,,,
d2_10_a,d2_10,a,common_grid,all5,nmse,p10,complete,57.333285386666674,9.691305771242074,6.466975471578946,0.498311247856558,0.6991114845339697,0.05623836621113937,0.0,,,,,,
d2_10_a,d2_10,a,common_grid,all5,nmse,p11,complete,57.333285386666674,3.5374634202629234,2.3619876877061596,0.498311247856558,0.6991114845339697,0.020502500853197752,0.0,,,,,,
d2_10_a,d2_10,a,common_grid,all5,nmse,p12,complete,57.333285386666674,0.526350249563935,0.4038729779219809,0.498311247856558,0.6991114845339697,0.0021362332686142727,0.0,,,,,,
d2_10_a,d2_10,a,common_grid,all5,wasserstein_1_cm1,p08,complete,57.333285386666674,7.606273858399766,6.349012290944662,0.6519022811757327,0.7002220526596183,0.021928999166468316,0.0,,,,,,
d2_10_a,d2_10,a,common_grid,all5,wasserstein_1_cm1,p09,complete,57.333285386666674,2.312199803554553,1.64340427975358,0.6519022811757327,0.7002220526596183,0.01166504796106637,0.0,,,,,,
d2_10_a,d2_10,a,common_grid,all5,wasserstein_1_cm1,p10,complete,57.333285386666674,7.307599511893679,6.590657888633461,0.6519022811757327,0.7002220526596183,0.012504806212046398,0.0,,,,,,
d2_10_a,d2_10,a,common_grid,all5,wasserstein_1_cm1,p11,complete,57.333285386666674,2.3216519742480157,2.2012295537507245,0.6519022811757327,0.7002220526596183,0.00210039281169986,0.0,,,,,,
d2_10_a,d2_10,a,common_grid,all5,wasserstein_1_cm1,p12,complete,57.333285386666674,0.4098607077033556,0.40295059441280684,0.6519022811757327,0.7002220526596183,0.00012052533260470828,0.0,,,,,,
d2_10_a,d2_10,a,common_grid,all5,is_like_structure_to_noise,p08,complete,57.333285386666674,19.787949083571853,14.100621583333332,7.489541341221262e-06,0.4218798158184427,0.09919765563550198,0.0,,,,,,
d2_10_a,d2_10,a,common_grid,all5,is_like_structure_to_noise,p09,complete,57.333285386666674,4.188773173635805,2.8168793052054797,7.489541341221262e-06,0.4218798158184427,0.02392840143693161,0.0,,,,,,
d2_10_a,d2_10,a,common_grid,all5,is_like_structure_to_noise,p10,complete,57.333285386666674,20.804117960969684,13.326396733333333,7.489541341221262e-06,0.4218798158184427,0.1304254793215697,0.0,,,,,,
d2_10_a,d2_10,a,common_grid,all5,is_like_structure_to_noise,p11,complete,57.333285386666674,6.5671280293600365,2.4882443500208598,7.489541341221262e-06,0.4218798158184427,0.0711433794841932,0.0,,,,,,
d2_10_a,d2_10,a,common_grid,all5,is_like_structure_to_noise,p12,complete,57.333285386666674,5.98488773911817,0.4133875355805244,7.489541341221262e-06,0.4218798158184427,0.09717741039890491,0.0,,,,,,
d2_10_a,d2_10,a,common_grid,all5,precision,p08,complete,57.333285386666674,18.791145697734052,7.432339883995416,0.011172744084978814,0.6940300591976163,0.19811887173624657,0.0,,,,,,
d2_10_a,d2_10,a,common_grid,all5,precision,p09,complete,57.333285386666674,4.270603488400085,1.4074809320620394,0.011172744084978814,0.6940300591976163,0.04993822588446829,0.0,,,,,,
d2_10_a,d2_10,a,common_grid,all5,precision,p10,complete,57.333285386666674,20.41221641574867,6.0654565048748355,0.011172744084978814,0.6940300591976163,0.2502343937577715,0.0,,,,,,
d2_10_a,d2_10,a,common_grid,all5,precision,p11,complete,57.333285386666674,6.890397849857289,2.2376454828322823,0.011172744084978814,0.6940300591976163,0.08115272543071535,0.0,,,,,,
d2_10_a,d2_10,a,common_grid,all5,precision,p12,complete,57.333285386666674,6.328351809750295,0.39933913200000004,0.011172744084978814,0.6940300591976163,0.10341309830343572,0.0,,,,,,
d2_10_a,d2_10,a,common_grid,all5,recall,p08,complete,57.333285386666674,18.751848031703194,7.223821520024815,0.024127145357857094,0.7045225452533002,0.20107039800582083,0.0,,,,,,
d2_10_a,d2_10,a,common_grid,all5,recall,p09,complete,57.333285386666674,3.7687056949865947,1.3645925146669051,0.024127145357857094,0.7045225452533002,0.04193224170053903,0.0,,,,,,
d2_10_a,d2_10,a,common_grid,all5,recall,p10,complete,57.333285386666674,20.12361431255796,5.774052243245893,0.024127145357857094,0.7045225452533002,0.2502832686551254,0.0,,,,,,
d2_10_a,d2_10,a,common_grid,all5,recall,p11,complete,57.333285386666674,6.985084707368191,2.2028650692743286,0.024127145357857094,0.7045225452533002,0.08341087739594298,0.0,,,,,,
d2_10_a,d2_10,a,common_grid,all5,recall,p12,complete,57.333285386666674,6.3207441296831135,0.37536189110648965,0.024127145357857094,0.7045225452533002,0.10369861413801469,0.0,,,,,,
d2_10_a,d2_10,a,common_grid,all5,f1,p08,complete,57.333285386666674,18.763849196348602,7.08966499036562,0.016498070971375567,0.7034962181279789,0.20361966224768116,0.0,,,,,,
d2_10_a,d2_10,a,common_grid,all5,f1,p09,complete,57.333285386666674,3.9980489665514485,1.3679642234895035,0.016498070971375567,0.7034962181279789,0.04587360946305709,0.0,,,,,,
d2_10_a,d2_10,a,common_grid,all5,f1,p10,complete,57.333285386666674,20.244951339180982,5.927695991083246,0.016498070971375567,0.7034962181279789,0.24971977886038485,0.0,,,,,,
d2_10_a,d2_10,a,common_grid,all5,f1,p11,complete,57.333285386666674,7.0501037073419415,2.2242961180687675,0.016498070971375567,0.7034962181279789,0.08417113299415865,0.0,,,,,,
d2_10_a,d2_10,a,common_grid,all5,f1,p12,complete,57.333285386666674,6.330443565912342,0.3899146212874083,0.016498070971375567,0.7034962181279789,0.10361396359132165,0.0,,,,,,
d2_10_a,d2_10,a,common_grid,all5,artifact_peak_ratio,p08,complete,57.333285386666674,18.791145697734052,7.432339883995416,0.011172744084978814,0.6940300591976163,0.19811887173624657,0.0,,,,,,
d2_10_a,d2_10,a,common_grid,all5,artifact_peak_ratio,p09,complete,57.333285386666674,4.270603488400085,1.4074809320620394,0.011172744084978814,0.6940300591976163,0.04993822588446829,0.0,,,,,,
d2_10_a,d2_10,a,common_grid,all5,artifact_peak_ratio,p10,complete,57.333285386666674,20.41221641574867,6.0654565048748355,0.011172744084978814,0.6940300591976163,0.2502343937577715,0.0,,,,,,
d2_10_a,d2_10,a,common_grid,all5,artifact_peak_ratio,p11,complete,57.333285386666674,6.890397849857289,2.2376454828322823,0.011172744084978814,0.6940300591976163,0.08115272543071535,0.0,,,,,,
d2_10_a,d2_10,a,common_grid,all5,artifact_peak_ratio,p12,complete,57.333285386666674,6.328351809750295,0.39933913200000004,0.011172744084978814,0.6940300591976163,0.10341309830343572,0.0,,,,,,
d2_10_a,d2_10,a,common_grid,all5,missing_peak_ratio,p08,complete,57.333285386666674,18.751848031703194,7.223821520024815,0.024127145357857094,0.7045225452533002,0.20107039800582083,0.0,,,,,,
d2_10_a,d2_10,a,common_grid,all5,missing_peak_ratio,p09,complete,57.333285386666674,3.7687056949865947,1.3645925146669051,0.024127145357857094,0.7045225452533002,0.04193224170053903,0.0,,,,,,
d2_10_a,d2_10,a,common_grid,all5,missing_peak_ratio,p10,complete,57.333285386666674,20.12361431255796,5.774052243245893,0.024127145357857094,0.7045225452533002,0.2502832686551254,0.0,,,,,,
d2_10_a,d2_10,a,common_grid,all5,missing_peak_ratio,p11,complete,57.333285386666674,6.985084707368191,2.2028650692743286,0.024127145357857094,0.7045225452533002,0.08341087739594298,0.0,,,,,,
d2_10_a,d2_10,a,common_grid,all5,missing_peak_ratio,p12,complete,57.333285386666674,6.3207441296831135,0.37536189110648965,0.024127145357857094,0.7045225452533002,0.10369861413801469,0.0,,,,,,
d2_10_a,d2_10,a,common_grid,no_axis,mse,p08,complete,38.39525599444444,6.833855410937093,5.622161733105974,0.43506530215309536,0.6744240029867177,0.03155842164475849,0.0,,,,,,
d2_10_a,d2_10,a,common_grid,no_axis,mse,p09,complete,38.39525599444444,7.187738320731921,1.1813190988825033,0.43506530215309536,0.6744240029867177,0.1564364936834517,0.0,,,,,,
d2_10_a,d2_10,a,common_grid,no_axis,mse,p10,complete,38.39525599444444,7.66921861230701,5.697092918982976,0.43506530215309536,0.6744240029867177,0.05136378550541212,0.0,,,,,,
d2_10_a,d2_10,a,common_grid,no_axis,rmse,p08,complete,38.39525599444444,6.824735913873031,5.621325005203992,0.43521987005856966,0.6746281816528941,0.0313426978802581,0.0,,,,,,
d2_10_a,d2_10,a,common_grid,no_axis,rmse,p09,complete,38.39525599444444,7.205749575993312,1.1744157260718848,0.43521987005856966,0.6746281816528941,0.15708539228893603,0.0,,,,,,
d2_10_a,d2_10,a,common_grid,no_axis,rmse,p10,complete,38.39525599444444,7.654392179810468,5.696993527539127,0.43521987005856966,0.6746281816528941,0.05098022142513034,0.0,,,,,,
d2_10_a,d2_10,a,common_grid,no_axis,mae,p08,complete,38.39525599444444,6.40335309437489,5.537671010684295,0.4511173195556756,0.677472332379716,0.02254658970930821,0.0,,,,,,
d2_10_a,d2_10,a,common_grid,no_axis,mae,p09,complete,38.39525599444444,6.751953329441832,1.173965726071885,0.4511173195556756,0.677472332379716,0.14527804175018516,0.0,,,,,,
d2_10_a,d2_10,a,common_grid,no_axis,mae,p10,complete,38.39525599444444,7.919184602759956,5.671895626815712,0.4511173195556756,0.677472332379716,0.05853038136454705,0.0,,,,,,
d2_10_a,d2_10,a,common_grid,no_axis,sam,p08,complete,38.39525599444444,7.749836914919818,5.747423491663509,0.37941594801430956,0.6404600497173203,0.052152625927173055,0.0,,,,,,
d2_10_a,d2_10,a,common_grid,no_axis,sam,p09,complete,38.39525599444444,7.5534626101728115,1.5935126731396059,0.37941594801430956,0.6404600497173203,0.15522620653696317,0.0,,,,,,
d2_10_a,d2_10,a,common_grid,no_axis,sam,p10,complete,38.39525599444444,8.524184016967569,6.463692266530202,0.37941594801430956,0.6404600497173203,0.05366526923887439,0.0,,,,,,
d2_10_a,d2_10,a,common_grid,no_axis,pearson_r,p08,complete,38.39525599444444,7.3856402631115206,6.09945752287158,0.41419948854198707,0.6511035388264372,0.03349848065672604,0.0,,,,,,
d2_10_a,d2_10,a,common_grid,no_axis,pearson_r,p09,complete,38.39525599444444,7.084980742479335,1.2955697984163987,0.41419948854198707,0.6511035388264372,0.15078453819661025,0.0,,,,,,
d2_10_a,d2_10,a,common_grid,no_axis,pearson_r,p10,complete,38.39525599444444,8.021339593516032,6.000941621026713,0.41419948854198707,0.6511035388264372,0.05262103143111375,0.0,,,,,,
d2_10_a,d2_10,a,common_grid,no_axis,nmse,p08,complete,38.39525599444444,7.762965352487152,6.464594649281734,0.3791796691805075,0.6227381199580452,0.03381591474200055,0.0,,,,,,
d2_10_a,d2_10,a,common_grid,no_axis,nmse,p09,complete,38.39525599444444,7.539271501626564,1.5534963402955668,0.3791796691805075,0.6227381199580452,0.15589882151579096,0.0,,,,,,
d2_10_a,d2_10,a,common_grid,no_axis,nmse,p10,complete,38.39525599444444,8.534318674256387,6.466975471578946,0.3791796691805075,0.6227381199580452,0.05384371451974617,0.0,,,,,,
d2_10_a,d2_10,a,common_grid,no_axis,wasserstein_1_cm1,p08,complete,38.39525599444444,7.606273858399766,6.349012290944662,0.5533360120683569,0.6201855129852036,0.03274523205775791,0.0,,,,,,
d2_10_a,d2_10,a,common_grid,no_axis,wasserstein_1_cm1,p09,complete,38.39525599444444,2.2359047898414346,1.64340427975358,0.5533360120683569,0.6201855129852036,0.015431607232247273,0.0,,,,,,
d2_10_a,d2_10,a,common_grid,no_axis,wasserstein_1_cm1,p10,complete,38.39525599444444,7.307599511893679,6.590657888633461,0.5533360120683569,0.6201855129852036,0.01867266162684149,0.0,,,,,,
d2_10_a,d2_10,a,common_grid,no_axis,is_like_structure_to_noise,p08,complete,38.39525599444444,14.957755279629618,14.100621583333332,0.0,0.21230118569210077,0.022323947948681613,0.0,,,,,,
d2_10_a,d2_10,a,common_grid,no_axis,is_like_structure_to_noise,p09,complete,38.39525599444444,8.484087535185214,2.8168793052054797,0.0,0.21230118569210077,0.14760178264730794,0.0,,,,,,
d2_10_a,d2_10,a,common_grid,no_axis,is_like_structure_to_noise,p10,complete,38.39525599444444,14.95341317962961,13.326396733333333,0.0,0.21230118569210077,0.04237545509611132,0.0,,,,,,
d2_10_a,d2_10,a,common_grid,no_axis,precision,p08,complete,38.39525599444444,11.676946468753922,7.432339883995416,0.06818676307928118,0.6117937767340581,0.11055028739416857,0.0,,,,,,
d2_10_a,d2_10,a,common_grid,no_axis,precision,p09,complete,38.39525599444444,9.926089133707123,1.4074809320620394,0.06818676307928118,0.6117937767340581,0.2218661649990737,0.0,,,,,,
d2_10_a,d2_10,a,common_grid,no_axis,precision,p10,complete,38.39525599444444,14.17417216812186,6.0654565048748355,0.06818676307928118,0.6117937767340581,0.21119056126153463,0.0,,,,,,
d2_10_a,d2_10,a,common_grid,no_axis,recall,p08,complete,38.39525599444444,11.217035306181636,7.223821520024815,0.10243157190044971,0.6259312275449922,0.10400279104102376,0.0,,,,,,
d2_10_a,d2_10,a,common_grid,no_axis,recall,p09,complete,38.39525599444444,10.727396346534414,1.3645925146669051,0.10243157190044971,0.6259312275449922,0.24385314251381082,0.0,,,,,,
d2_10_a,d2_10,a,common_grid,no_axis,recall,p10,complete,38.39525599444444,12.517937916697282,5.774052243245893,0.10243157190044971,0.6259312275449922,0.17564372208970788,0.0,,,,,,
d2_10_a,d2_10,a,common_grid,no_axis,f1,p08,complete,38.39525599444444,11.3995739083716,7.08966499036562,0.0921103005624977,0.6253358694360616,0.11225107910804395,0.0,,,,,,
d2_10_a,d2_10,a,common_grid,no_axis,f1,p09,complete,38.39525599444444,10.460657952111742,1.3679642234895035,0.0921103005624977,0.6253358694360616,0.23681815612683751,0.0,,,,,,
d2_10_a,d2_10,a,common_grid,no_axis,f1,p10,complete,38.39525599444444,12.998425564138778,5.927695991083246,0.0921103005624977,0.6253358694360616,0.18415633363868242,0.0,,,,,,
d2_10_a,d2_10,a,common_grid,no_axis,artifact_peak_ratio,p08,complete,38.39525599444444,11.676946468753922,7.432339883995416,0.06818676307928118,0.6117937767340581,0.11055028739416857,0.0,,,,,,
d2_10_a,d2_10,a,common_grid,no_axis,artifact_peak_ratio,p09,complete,38.39525599444444,9.926089133707123,1.4074809320620394,0.06818676307928118,0.6117937767340581,0.2218661649990737,0.0,,,,,,
d2_10_a,d2_10,a,common_grid,no_axis,artifact_peak_ratio,p10,complete,38.39525599444444,14.17417216812186,6.0654565048748355,0.06818676307928118,0.6117937767340581,0.21119056126153463,0.0,,,,,,
d2_10_a,d2_10,a,common_grid,no_axis,missing_peak_ratio,p08,complete,38.39525599444444,11.217035306181636,7.223821520024815,0.10243157190044971,0.6259312275449922,0.10400279104102376,0.0,,,,,,
d2_10_a,d2_10,a,common_grid,no_axis,missing_peak_ratio,p09,complete,38.39525599444444,10.727396346534414,1.3645925146669051,0.10243157190044971,0.6259312275449922,0.24385314251381082,0.0,,,,,,
d2_10_a,d2_10,a,common_grid,no_axis,missing_peak_ratio,p10,complete,38.39525599444444,12.517937916697282,5.774052243245893,0.10243157190044971,0.6259312275449922,0.17564372208970788,0.0,,,,,,
d2_10_b,d2_10,b,native,all5,mse,p08,complete,60.87818191666667,9.028270591757295,0.5052470577321364,0.46345636951237046,0.7500423459454351,0.1400012823262681,0.0,,,,,,
d2_10_b,d2_10,b,native,all5,mse,p09,complete,60.87818191666667,6.181606057506394,5.252528639562966,0.46345636951237046,0.7500423459454351,0.015261254339283633,0.0,,,,,,
d2_10_b,d2_10,b,native,all5,mse,p10,complete,60.87818191666667,16.89729692712434,8.932584704368601,0.46345636951237046,0.7500423459454351,0.13083032331120312,0.0,,,,,,
d2_10_b,d2_10,b,native,all5,mse,p11,complete,60.87818191666667,0.3213457499999999,0.30633573333333314,0.46345636951237046,0.7500423459454351,0.0002465582281549283,1.0,-0.03736666666666668,-0.02945833333333333,240,0.015010016666666732,0.015010016666666737,5.204170427930421e-18
d2_10_b,d2_10,b,native,all5,mse,p12,complete,60.87818191666667,0.2352814166666664,0.22027139999999978,0.46345636951237046,0.7500423459454351,0.00024655822815492623,1.0,-0.021550000000000017,-0.02945833333333333,240,0.015010016666666588,0.015010016666666626,3.8163916471489756e-17
d2_10_b,d2_10,b,native,all5,rmse,p08,complete,60.87818191666667,9.035344676368382,0.5052470577321364,0.46363675669196014,0.7507147200982417,0.14011748298122148,0.0,,,,,,
d2_10_b,d2_10,b,native,all5,rmse,p09,complete,60.87818191666667,6.181474987634021,5.237588224210911,0.46363675669196014,0.7507147200982417,0.01550451629313033,0.0,,,,,,
d2_10_b,d2_10,b,native,all5,rmse,p10,complete,60.87818191666667,16.87937226885112,8.906592203730032,0.46363675669196014,0.7507147200982417,0.1309628476756198,0.0,,,,,,
d2_10_b,d2_10,b,native,all5,rmse,p11,complete,60.87818191666667,0.3213457499999999,0.30633573333333314,0.46363675669196014,0.7507147200982417,0.0002465582281549283,1.0,,,,,,
d2_10_b,d2_10,b,native,all5,rmse,p12,complete,60.87818191666667,0.2352814166666664,0.22027139999999978,0.46363675669196014,0.7507147200982417,0.00024655822815492623,1.0,,,,,,
d2_10_b,d2_10,b,native,all5,mae,p08,complete,60.87818191666667,9.118300712889052,0.504355724398803,0.4598873526970043,0.7510110486182788,0.14149478051564482,0.0,,,,,,
d2_10_b,d2_10,b,native,all5,mae,p09,complete,60.87818191666667,6.282992627086115,5.2293795813537685,0.4598873526970043,0.7510110486182788,0.017306907213073295,0.0,,,,,,
d2_10_b,d2_10,b,native,all5,mae,p10,complete,60.87818191666667,16.923155491362362,8.897652238370595,0.4598873526970043,0.7510110486182788,0.13182889173624646,0.0,,,,,,
d2_10_b,d2_10,b,native,all5,mae,p11,complete,60.87818191666667,0.3213457499999999,0.30633573333333314,0.4598873526970043,0.7510110486182788,0.0002465582281549283,1.0,,,,,,
d2_10_b,d2_10,b,native,all5,mae,p12,complete,60.87818191666667,0.2352814166666664,0.22027139999999978,0.4598873526970043,0.7510110486182788,0.00024655822815492623,1.0,,,,,,
d2_10_b,d2_10,b,native,all5,sam,p08,complete,60.87818191666667,8.477283074724927,0.49548436004140795,0.4487645640196126,0.7224577586477989,0.13111099023307618,0.0,,,,,,
d2_10_b,d2_10,b,native,all5,sam,p09,complete,60.87818191666667,6.891780770189531,6.0388321287282025,0.4487645640196126,0.7224577586477989,0.014010744319350588,0.0,,,,,,
d2_10_b,d2_10,b,native,all5,sam,p10,complete,60.87818191666667,17.632520138945967,9.835343436495759,0.4487645640196126,0.7224577586477989,0.1280783436194498,0.0,,,,,,
d2_10_b,d2_10,b,native,all5,sam,p11,complete,60.87818191666667,0.3213457499999999,0.30633573333333314,0.4487645640196126,0.7224577586477989,0.0002465582281549283,1.0,,,,,,
d2_10_b,d2_10,b,native,all5,sam,p12,complete,60.87818191666667,0.2352814166666664,0.22027139999999978,0.4487645640196126,0.7224577586477989,0.00024655822815492623,1.0,,,,,,
d2_10_b,d2_10,b,native,all5,pearson_r,p08,complete,60.87818191666667,8.76183801661955,0.5001238146878979,0.4577300372033477,0.7376356919008694,0.1357089509217067,0.0,,,,,,
d2_10_b,d2_10,b,native,all5,pearson_r,p09,complete,60.87818191666667,6.591631338594432,5.642957889267057,0.4577300372033477,0.7376356919008694,0.015583143573932133,0.0,,,,,,
d2_10_b,d2_10,b,native,all5,pearson_r,p10,complete,60.87818191666667,17.102312921198013,9.302573239610965,0.4577300372033477,0.7376356919008694,0.12812044374557302,0.0,,,,,,
d2_10_b,d2_10,b,native,all5,pearson_r,p11,complete,60.87818191666667,0.3213457499999999,0.30633573333333314,0.4577300372033477,0.7376356919008694,0.0002465582281549283,1.0,,,,,,
d2_10_b,d2_10,b,native,all5,pearson_r,p12,complete,60.87818191666667,0.2352814166666664,0.22027139999999978,0.4577300372033477,0.7376356919008694,0.00024655822815492623,1.0,,,,,,
d2_10_b,d2_10,b,native,all5,nmse,p08,complete,60.87818191666667,8.650739631766054,0.5394789333333335,0.44575081103189296,0.7189378979520853,0.13323756464238456,0.0,,,,,,
d2_10_b,d2_10,b,native,all5,nmse,p09,complete,60.87818191666667,6.649691006861453,5.880632245020347,0.44575081103189296,0.7189378979520853,0.012632748509044422,0.0,,,,,,
d2_10_b,d2_10,b,native,all5,nmse,p10,complete,60.87818191666667,17.884625147871205,10.163831466666668,0.44575081103189296,0.7189378979520853,0.12682365731245346,0.0,,,,,,
d2_10_b,d2_10,b,native,all5,nmse,p11,complete,60.87818191666667,0.3213457499999999,0.30633573333333314,0.44575081103189296,0.7189378979520853,0.0002465582281549283,1.0,,,,,,
d2_10_b,d2_10,b,native,all5,nmse,p12,complete,60.87818191666667,0.2352814166666664,0.22027139999999978,0.44575081103189296,0.7189378979520853,0.00024655822815492623,1.0,,,,,,
d2_10_b,d2_10,b,native,all5,wasserstein_1_cm1,p08,complete,60.87818191666667,10.338541173883039,0.5309893809438126,0.3682988541715406,0.7163617604293473,0.16110125966580818,0.0,,,,,,
d2_10_b,d2_10,b,native,all5,wasserstein_1_cm1,p09,complete,60.87818191666667,8.649273129317237,6.191448592279859,0.3682988541715406,0.7163617604293473,0.04037283078528498,0.0,,,,,,
d2_10_b,d2_10,b,native,all5,wasserstein_1_cm1,p10,complete,60.87818191666667,18.803325777532255,10.019849481507023,0.3682988541715406,0.7163617604293473,0.1442795434996486,0.0,,,,,,
d2_10_b,d2_10,b,native,all5,wasserstein_1_cm1,p11,complete,60.87818191666667,0.44143244177367147,0.3050621150696229,0.3682988541715406,0.7163617604293473,0.0022400525510226227,0.0,,,,,,
d2_10_b,d2_10,b,native,all5,wasserstein_1_cm1,p12,complete,60.87818191666667,0.22424475020553397,0.22003077730496434,0.3682988541715406,0.7163617604293473,6.921975604228705e-05,0.0,,,,,,
d2_10_b,d2_10,b,native,all5,is_like_structure_to_noise,p08,complete,60.87818191666667,0.8185887751004336,0.5870158652526515,0.08939110797230199,0.5564302494504487,0.0038038736137812343,0.0,,,,,,
d2_10_b,d2_10,b,native,all5,is_like_structure_to_noise,p09,complete,60.87818191666667,9.169131887300217,8.758841034766714,0.08939110797230199,0.5564302494504487,0.006739538527860955,0.0,,,,,,
d2_10_b,d2_10,b,native,all5,is_like_structure_to_noise,p10,complete,60.87818191666667,37.82566905742548,17.131255933333332,0.08939110797230199,0.5564302494504487,0.3399315234548195,0.0,,,,,,
d2_10_b,d2_10,b,native,all5,is_like_structure_to_noise,p11,complete,60.87818191666667,4.3150171748423185,0.30633573333333314,0.08939110797230199,0.5564302494504487,0.06584758800774117,1.0,,,,,,
d2_10_b,d2_10,b,native,all5,is_like_structure_to_noise,p12,complete,60.87818191666667,3.307806889128032,0.22027139999999978,0.08939110797230199,0.5564302494504487,0.05071661787394402,1.0,,,,,,
d2_10_b,d2_10,b,native,all5,precision,p08,complete,60.87818191666667,0.6136407839086966,0.5250283583502693,0.30729640788956214,0.7338338917739853,0.0014555695122387981,0.0,,,,,,
d2_10_b,d2_10,b,native,all5,precision,p09,complete,60.87818191666667,13.19343141977857,5.660942060958321,0.30729640788956214,0.7338338917739853,0.12373052416596678,0.0,,,,,,
d2_10_b,d2_10,b,native,all5,precision,p10,complete,60.87818191666667,20.179820728575447,9.493338456963333,0.30729640788956214,0.7338338917739853,0.17553878803805853,0.0,,,,,,
d2_10_b,d2_10,b,native,all5,precision,p11,complete,60.87818191666667,5.972877831384366,0.30448451014982114,0.30729640788956214,0.7338338917739853,0.09311042384599702,0.5,,,,,,
d2_10_b,d2_10,b,native,all5,precision,p12,complete,60.87818191666667,2.2107645311806268,0.21991537021276578,0.30729640788956214,0.7338338917739853,0.032702178322162156,0.5,,,,,,
d2_10_b,d2_10,b,native,all5,recall,p08,complete,60.87818191666667,0.582779146808208,0.5005232825790165,0.30418601066722295,0.7410884745923467,0.0013511550713158251,0.0,,,,,,
d2_10_b,d2_10,b,native,all5,recall,p09,complete,60.87818191666667,13.013252259832448,5.601571904465905,0.30418601066722295,0.7410884745923467,0.12174608574073464,0.0,,,,,,
d2_10_b,d2_10,b,native,all5,recall,p10,complete,60.87818191666667,20.27062183062857,9.135567876681277,0.30418601066722295,0.7410884745923467,0.1829071368982332,0.0,,,,,,
d2_10_b,d2_10,b,native,all5,recall,p11,complete,60.87818191666667,5.761831377252345,0.30448451014982114,0.30418601066722295,0.7410884745923467,0.0896437228459423,0.5,,,,,,
d2_10_b,d2_10,b,native,all5,recall,p12,complete,60.87818191666667,2.731406008240796,0.21991537021276578,0.30418601066722295,0.7410884745923467,0.04125436336889781,0.5,,,,,,
d2_10_b,d2_10,b,native,all5,f1,p08,complete,60.87818191666667,0.5590241802974352,0.4934396046296299,0.3121228039093519,0.7378994526582737,0.0010773083821323866,0.0,,,,,,
d2_10_b,d2_10,b,native,all5,f1,p09,complete,60.87818191666667,13.225648873698248,5.676811443600844,0.3121228039093519,0.7378994526582737,0.1239990616084866,0.0,,,,,,
d2_10_b,d2_10,b,native,all5,f1,p10,complete,60.87818191666667,19.967240546153466,9.261553872934456,0.3121228039093519,0.7378994526582737,0.17585424426559795,0.0,,,,,,
d2_10_b,d2_10,b,native,all5,f1,p11,complete,60.87818191666667,5.96566907646454,0.30448451014982114,0.3121228039093519,0.7378994526582737,0.09299201106340613,0.5,,,,,,
d2_10_b,d2_10,b,native,all5,f1,p12,complete,60.87818191666667,2.159130403319381,0.21991537021276578,0.3121228039093519,0.7378994526582737,0.03185402342929882,0.5,,,,,,
d2_10_b,d2_10,b,native,all5,artifact_peak_ratio,p08,complete,60.87818191666667,0.6136407839086966,0.5250283583502693,0.30729640788956214,0.7338338917739853,0.0014555695122387981,0.0,,,,,,
d2_10_b,d2_10,b,native,all5,artifact_peak_ratio,p09,complete,60.87818191666667,13.19343141977857,5.660942060958321,0.30729640788956214,0.7338338917739853,0.12373052416596678,0.0,,,,,,
d2_10_b,d2_10,b,native,all5,artifact_peak_ratio,p10,complete,60.87818191666667,20.179820728575447,9.493338456963333,0.30729640788956214,0.7338338917739853,0.17553878803805853,0.0,,,,,,
d2_10_b,d2_10,b,native,all5,artifact_peak_ratio,p11,complete,60.87818191666667,5.972877831384366,0.30448451014982114,0.30729640788956214,0.7338338917739853,0.09311042384599702,0.5,,,,,,
d2_10_b,d2_10,b,native,all5,artifact_peak_ratio,p12,complete,60.87818191666667,2.2107645311806268,0.21991537021276578,0.30729640788956214,0.7338338917739853,0.032702178322162156,0.5,,,,,,
d2_10_b,d2_10,b,native,all5,missing_peak_ratio,p08,complete,60.87818191666667,0.582779146808208,0.5005232825790165,0.30418601066722295,0.7410884745923467,0.0013511550713158251,0.0,,,,,,
d2_10_b,d2_10,b,native,all5,missing_peak_ratio,p09,complete,60.87818191666667,13.013252259832448,5.601571904465905,0.30418601066722295,0.7410884745923467,0.12174608574073464,0.0,,,,,,
d2_10_b,d2_10,b,native,all5,missing_peak_ratio,p10,complete,60.87818191666667,20.27062183062857,9.135567876681277,0.30418601066722295,0.7410884745923467,0.1829071368982332,0.0,,,,,,
d2_10_b,d2_10,b,native,all5,missing_peak_ratio,p11,complete,60.87818191666667,5.761831377252345,0.30448451014982114,0.30418601066722295,0.7410884745923467,0.0896437228459423,0.5,,,,,,
d2_10_b,d2_10,b,native,all5,missing_peak_ratio,p12,complete,60.87818191666667,2.731406008240796,0.21991537021276578,0.30418601066722295,0.7410884745923467,0.04125436336889781,0.5,,,,,,
d2_10_b,d2_10,b,native,no_axis,mse,p08,complete,42.711420527777776,9.028270591757295,0.5052470577321364,0.24827661595786,0.6560554479308482,0.19954905336108247,0.0,,,,,,
d2_10_b,d2_10,b,native,no_axis,mse,p09,complete,42.711420527777776,6.181606057506394,5.252528639562966,0.24827661595786,0.6560554479308482,0.021752435448481357,0.0,,,,,,
d2_10_b,d2_10,b,native,no_axis,mse,p10,complete,42.711420527777776,16.89729692712434,8.932584704368601,0.24827661595786,0.6560554479308482,0.18647734316342426,0.0,,,,,,
d2_10_b,d2_10,b,native,no_axis,rmse,p08,complete,42.711420527777776,9.035344676368382,0.5052470577321364,0.24853372853802747,0.6570138079077541,0.19971467849187124,0.0,,,,,,
d2_10_b,d2_10,b,native,no_axis,rmse,p09,complete,42.711420527777776,6.181474987634021,5.237588224210911,0.24853372853802747,0.6570138079077541,0.02209916579124885,0.0,,,,,,
d2_10_b,d2_10,b,native,no_axis,rmse,p10,complete,42.711420527777776,16.87937226885112,8.906592203730032,0.24853372853802747,0.6570138079077541,0.1866662350866068,0.0,,,,,,
d2_10_b,d2_10,b,native,no_axis,mae,p08,complete,42.711420527777776,9.118300712889052,0.504355724398803,0.24318956307447048,0.6574361760080655,0.20167779207643274,0.0,,,,,,
d2_10_b,d2_10,b,native,no_axis,mae,p09,complete,42.711420527777776,6.282992627086115,5.2293795813537685,0.24318956307447048,0.6574361760080655,0.024668180845147013,0.0,,,,,,
d2_10_b,d2_10,b,native,no_axis,mae,p10,complete,42.711420527777776,16.923155491362362,8.897652238370595,0.24318956307447048,0.6574361760080655,0.18790064001201517,0.0,,,,,,
d2_10_b,d2_10,b,native,no_axis,sam,p08,complete,42.711420527777776,8.477283074724927,0.49548436004140795,0.22733583720547212,0.6167381060384258,0.18687738820329053,0.0,,,,,,
d2_10_b,d2_10,b,native,no_axis,sam,p09,complete,42.711420527777776,6.891780770189531,6.0388321287282025,0.22733583720547212,0.6167381060384258,0.019970036840769697,0.0,,,,,,
d2_10_b,d2_10,b,native,no_axis,sam,p10,complete,42.711420527777776,17.632520138945967,9.835343436495759,0.22733583720547212,0.6167381060384258,0.18255484378889344,0.0,,,,,,
d2_10_b,d2_10,b,native,no_axis,pearson_r,p08,complete,42.711420527777776,8.76183801661955,0.5001238146878979,0.24011466077781074,0.6383717808327005,0.19343103319540883,0.0,,,,,,
d2_10_b,d2_10,b,native,no_axis,pearson_r,p09,complete,42.711420527777776,6.591631338594432,5.642957889267057,0.24011466077781074,0.6383717808327005,0.02221123618940271,0.0,,,,,,
d2_10_b,d2_10,b,native,no_axis,pearson_r,p10,complete,42.711420527777776,17.102312921198013,9.302573239610965,0.24011466077781074,0.6383717808327005,0.18261485067007824,0.0,,,,,,
d2_10_b,d2_10,b,native,no_axis,nmse,p08,complete,42.711420527777776,8.650739631766054,0.5394789333333335,0.22304022258130018,0.6117211172071689,0.18990847408499298,0.0,,,,,,
d2_10_b,d2_10,b,native,no_axis,nmse,p09,complete,42.711420527777776,6.649691006861453,5.880632245020347,0.22304022258130018,0.6117211172071689,0.018005927977528664,0.0,,,,,,
d2_10_b,d2_10,b,native,no_axis,nmse,p10,complete,42.711420527777776,17.884625147871205,10.163831466666668,0.22304022258130018,0.6117211172071689,0.18076649256334718,0.0,,,,,,
d2_10_b,d2_10,b,native,no_axis,wasserstein_1_cm1,p08,complete,42.711420527777776,10.338541173883039,0.5309893809438126,0.1193365269946347,0.6080137994042556,0.22962363863690255,0.0,,,,,,
d2_10_b,d2_10,b,native,no_axis,wasserstein_1_cm1,p09,complete,42.711420527777776,8.472520987570137,6.191448592279859,0.1193365269946347,0.6080137994042556,0.05340661507164722,0.0,,,,,,
d2_10_b,d2_10,b,native,no_axis,wasserstein_1_cm1,p10,complete,42.711420527777776,18.803325777532255,10.019849481507023,0.1193365269946347,0.6080137994042556,0.20564701870107113,0.0,,,,,,
d2_10_b,d2_10,b,native,no_axis,is_like_structure_to_noise,p08,complete,42.711420527777776,5.134897760125535,0.5870158652526515,0.02664701676721537,0.3800929000679558,0.10647929379719707,0.0,,,,,,
d2_10_b,d2_10,b,native,no_axis,is_like_structure_to_noise,p09,complete,42.711420527777776,10.949876422576411,8.758841034766714,0.02664701676721537,0.3800929000679558,0.05129858386200794,0.0,,,,,,
d2_10_b,d2_10,b,native,no_axis,is_like_structure_to_noise,p10,complete,42.711420527777776,25.48851440612055,17.131255933333332,0.02664701676721537,0.3800929000679558,0.19566800564153547,0.0,,,,,,
d2_10_b,d2_10,b,native,no_axis,precision,p08,complete,42.711420527777776,0.5348904225610063,0.5250283583502693,0.2861260334976109,0.6329012549213919,0.00023089993469833705,0.0,,,,,,
d2_10_b,d2_10,b,native,no_axis,precision,p09,complete,42.711420527777776,13.37835282238263,5.660942060958321,0.2861260334976109,0.6329012549213919,0.18068728845965723,0.0,,,,,,
d2_10_b,d2_10,b,native,no_axis,precision,p10,complete,42.711420527777776,16.577327942172648,9.493338456963333,0.2861260334976109,0.6329012549213919,0.16585703302942548,0.0,,,,,,
d2_10_b,d2_10,b,native,no_axis,recall,p08,complete,42.711420527777776,0.5572972095125125,0.5005232825790165,0.2863846850402516,0.6432414825955919,0.0013292446430474621,0.0,,,,,,
d2_10_b,d2_10,b,native,no_axis,recall,p09,complete,42.711420527777776,13.44068298247096,5.601571904465905,0.2863846850402516,0.6432414825955919,0.18353665088022103,0.0,,,,,,
d2_10_b,d2_10,b,native,no_axis,recall,p10,complete,42.711420527777776,16.481543620324928,9.135567876681277,0.2863846850402516,0.6432414825955919,0.17199090203207193,0.0,,,,,,
d2_10_b,d2_10,b,native,no_axis,f1,p08,complete,42.711420527777776,0.5470536202186512,0.4934396046296299,0.2880472050548185,0.6386960506001267,0.001255261822868969,0.0,,,,,,
d2_10_b,d2_10,b,native,no_axis,f1,p09,complete,42.711420527777776,13.45735236705235,5.676811443600844,0.2880472050548185,0.6386960506001267,0.18216535126457234,0.0,,,,,,
d2_10_b,d2_10,b,native,no_axis,f1,p10,complete,42.711420527777776,16.404109233559392,9.261553872934456,0.2880472050548185,0.6386960506001267,0.167228232457867,0.0,,,,,,
d2_10_b,d2_10,b,native,no_axis,artifact_peak_ratio,p08,complete,42.711420527777776,0.5348904225610063,0.5250283583502693,0.2861260334976109,0.6329012549213919,0.00023089993469833705,0.0,,,,,,
d2_10_b,d2_10,b,native,no_axis,artifact_peak_ratio,p09,complete,42.711420527777776,13.37835282238263,5.660942060958321,0.2861260334976109,0.6329012549213919,0.18068728845965723,0.0,,,,,,
d2_10_b,d2_10,b,native,no_axis,artifact_peak_ratio,p10,complete,42.711420527777776,16.577327942172648,9.493338456963333,0.2861260334976109,0.6329012549213919,0.16585703302942548,0.0,,,,,,
d2_10_b,d2_10,b,native,no_axis,missing_peak_ratio,p08,complete,42.711420527777776,0.5572972095125125,0.5005232825790165,0.2863846850402516,0.6432414825955919,0.0013292446430474621,0.0,,,,,,
d2_10_b,d2_10,b,native,no_axis,missing_peak_ratio,p09,complete,42.711420527777776,13.44068298247096,5.601571904465905,0.2863846850402516,0.6432414825955919,0.18353665088022103,0.0,,,,,,
d2_10_b,d2_10,b,native,no_axis,missing_peak_ratio,p10,complete,42.711420527777776,16.481543620324928,9.135567876681277,0.2863846850402516,0.6432414825955919,0.17199090203207193,0.0,,,,,,
d2_10_b,d2_10,b,common_grid,all5,mse,p08,complete,60.87818191666667,7.75265226075378,0.5052470577321364,0.3746415357299092,0.7495708273428672,0.11904766165557112,0.0,,,,,,
d2_10_b,d2_10,b,common_grid,all5,mse,p09,complete,60.87818191666667,5.903501416155515,5.284281888058914,0.3746415357299092,0.7495708273428672,0.010171452375897509,0.0,,,,,,
d2_10_b,d2_10,b,common_grid,all5,mse,p10,complete,60.87818191666667,20.987804575683707,8.932584704368601,0.3746415357299092,0.7495708273428672,0.19802200873569023,0.0,,,,,,
d2_10_b,d2_10,b,common_grid,all5,mse,p11,complete,60.87818191666667,2.857537040847159,0.30442086161421067,0.3746415357299092,0.7495708273428672,0.041938114753948985,0.0,,,,,,
d2_10_b,d2_10,b,common_grid,all5,mse,p12,complete,60.87818191666667,0.5691910575217156,0.2191382184873948,0.3746415357299092,0.7495708273428672,0.0057500540918500485,0.0,,,,,,
d2_10_b,d2_10,b,common_grid,all5,rmse,p08,complete,60.87818191666667,7.764681435904212,0.5052470577321364,0.3756310225069577,0.7507647881708379,0.11924525584731127,0.0,,,,,,
d2_10_b,d2_10,b,common_grid,all5,rmse,p09,complete,60.87818191666667,5.870754764227338,5.237588224210911,0.3756310225069577,0.7507647881708379,0.010400549426445407,0.0,,,,,,
d2_10_b,d2_10,b,common_grid,all5,rmse,p10,complete,60.87818191666667,20.954982316730543,8.906592203730032,0.3756310225069577,0.7507647881708379,0.19790982144461863,0.0,,,,,,
d2_10_b,d2_10,b,common_grid,all5,rmse,p11,complete,60.87818191666667,2.8644174616304094,0.30442086161421067,0.3756310225069577,0.7507647881708379,0.04205113423920017,0.0,,,,,,
d2_10_b,d2_10,b,common_grid,all5,rmse,p12,complete,60.87818191666667,0.5556122164520823,0.2191382184873948,0.3756310225069577,0.7507647881708379,0.0055270047063046505,0.0,,,,,,
d2_10_b,d2_10,b,common_grid,all5,mae,p08,complete,60.87818191666667,8.070602815034885,0.504355724398803,0.37329053772562626,0.751043778795342,0.12428503697750315,0.0,,,,,,
d2_10_b,d2_10,b,common_grid,all5,mae,p09,complete,60.87818191666667,5.964478130759021,5.23054686273905,0.37329053772562626,0.751043778795342,0.012055735649671946,0.0,,,,,,
d2_10_b,d2_10,b,common_grid,all5,mae,p10,complete,60.87818191666667,20.707514805017247,8.897652238370595,0.37329053772562626,0.751043778795342,0.1939917092598564,0.0,,,,,,
d2_10_b,d2_10,b,common_grid,all5,mae,p11,complete,60.87818191666667,2.994890109785353,0.30430907978723387,0.37329053772562626,0.751043778795342,0.044196146226592826,0.0,,,,,,
d2_10_b,d2_10,b,common_grid,all5,mae,p12,complete,60.87818191666667,0.41544679263916845,0.21913821848739476,0.37329053772562626,0.751043778795342,0.0032246129560914187,0.0,,,,,,
d2_10_b,d2_10,b,common_grid,all5,sam,p08,complete,60.87818191666667,6.308199887730699,0.5032494616933455,0.3987133447647778,0.7205352797060243,0.09535354446004125,0.0,,,,,,
d2_10_b,d2_10,b,common_grid,all5,sam,p09,complete,60.87818191666667,6.399065259463894,6.110156941429159,0.3987133447647778,0.7205352797060243,0.004745679140520444,0.0,,,,,,
d2_10_b,d2_10,b,common_grid,all5,sam,p10,complete,60.87818191666667,20.643785598744625,9.877781714639086,0.3987133447647778,0.7205352797060243,0.1768450296173861,0.0,,,,,,
d2_10_b,d2_10,b,common_grid,all5,sam,p11,complete,60.87818191666667,2.8071873026880185,0.30246574509803903,0.3987133447647778,0.7205352797060243,0.041143172787560855,0.0,,,,,,
d2_10_b,d2_10,b,common_grid,all5,sam,p12,complete,60.87818191666667,0.4470003328466521,0.21965021848739474,0.3987133447647778,0.7205352797060243,0.0037345089357377057,0.0,,,,,,
d2_10_b,d2_10,b,common_grid,all5,pearson_r,p08,complete,60.87818191666667,5.044857259803109,0.5006058605975439,0.26109517169303553,0.7373400820889724,0.07464499195173045,0.0,,,,,,
d2_10_b,d2_10,b,common_grid,all5,pearson_r,p09,complete,60.87818191666667,7.093014731649699,5.650539304587968,0.26109517169303553,0.7373400820889724,0.023694456398784543,0.0,,,,,,
d2_10_b,d2_10,b,common_grid,all5,pearson_r,p10,complete,60.87818191666667,24.18625185163482,9.31944962478579,0.26109517169303553,0.7373400820889724,0.24420575251737173,0.0,,,,,,
d2_10_b,d2_10,b,common_grid,all5,pearson_r,p11,complete,60.87818191666667,7.661357781798829,0.3007980233561816,0.26109517169303553,0.7373400820889724,0.12090636623344268,0.0,,,,,,
d2_10_b,d2_10,b,common_grid,all5,pearson_r,p12,complete,60.87818191666667,0.9977009318882737,0.21886545147679307,0.26109517169303553,0.7373400820889724,0.012793343294607455,0.0,,,,,,
d2_10_b,d2_10,b,common_grid,all5,nmse,p08,complete,60.87818191666667,5.7081047815733195,0.5263662666666669,0.4265553400373918,0.7231833616702685,0.08511651221778757,0.0,,,,,,
d2_10_b,d2_10,b,common_grid,all5,nmse,p09,complete,60.87818191666667,6.417836737927134,5.887459825287357,0.4265553400373918,0.7231833616702685,0.008712101707731448,0.0,,,,,,
d2_10_b,d2_10,b,common_grid,all5,nmse,p10,complete,60.87818191666667,19.899814303320692,9.916151610258058,0.4265553400373918,0.7231833616702685,0.1639941006570927,0.0,,,,,,
d2_10_b,d2_10,b,common_grid,all5,nmse,p11,complete,60.87818191666667,2.478238105722523,0.30246574509803903,0.4265553400373918,0.7231833616702685,0.03573977231453459,0.0,,,,,,
d2_10_b,d2_10,b,common_grid,all5,nmse,p12,complete,60.87818191666667,0.4062743998010503,0.21965021848739474,0.4265553400373918,0.7231833616702685,0.003065534735730392,0.0,,,,,,
d2_10_b,d2_10,b,common_grid,all5,wasserstein_1_cm1,p08,complete,60.87818191666667,10.354094914437603,0.5309893809438126,0.37360345861427624,0.7155661112985023,0.16135674923637147,0.0,,,,,,
d2_10_b,d2_10,b,common_grid,all5,wasserstein_1_cm1,p09,complete,60.87818191666667,8.427891609215894,6.243197067989854,0.37360345861427624,0.7155661112985023,0.03588633024909597,0.0,,,,,,
d2_10_b,d2_10,b,common_grid,all5,wasserstein_1_cm1,p10,complete,60.87818191666667,18.794109693769215,10.026110948173692,0.37360345861427624,0.7155661112985023,0.14402530544682876,0.0,,,,,,
d2_10_b,d2_10,b,common_grid,all5,wasserstein_1_cm1,p11,complete,60.87818191666667,0.32436469181529637,0.2979091836627139,0.37360345861427624,0.7155661112985023,0.00043456468836070304,0.0,,,,,,
d2_10_b,d2_10,b,common_grid,all5,wasserstein_1_cm1,p12,complete,60.87818191666667,0.23342168921290302,0.21761143886462864,0.37360345861427624,0.7155661112985023,0.0002597030635690844,0.0,,,,,,
d2_10_b,d2_10,b,common_grid,all5,is_like_structure_to_noise,p08,complete,60.87818191666667,0.8189669340209955,0.5870158652526514,0.08945923922480814,0.5568147557440297,0.003810085345285956,0.0,,,,,,
d2_10_b,d2_10,b,common_grid,all5,is_like_structure_to_noise,p09,complete,60.87818191666667,9.165232966233386,8.75973835379791,0.08945923922480814,0.5568147557440297,0.00666075430752087,0.0,,,,,,
d2_10_b,d2_10,b,common_grid,all5,is_like_structure_to_noise,p10,complete,60.87818191666667,37.82205541308594,17.131255933333332,0.08945923922480814,0.5568147557440297,0.3398721648434785,0.0,,,,,,
d2_10_b,d2_10,b,common_grid,all5,is_like_structure_to_noise,p11,complete,60.87818191666667,4.3166078505859335,0.3011844146578565,0.08945923922480814,0.5568147557440297,0.06595833366746408,0.0,,,,,,
d2_10_b,d2_10,b,common_grid,all5,is_like_structure_to_noise,p12,complete,60.87818191666667,3.309202913085934,0.2011173555555554,0.08945923922480814,0.5568147557440297,0.051054178355472137,0.0,,,,,,
d2_10_b,d2_10,b,common_grid,all5,precision,p08,complete,60.87818191666667,0.5247664882208662,0.5157021422402162,0.05171056443257083,0.7403508489952253,0.0001488931780692447,0.0,,,,,,
d2_10_b,d2_10,b,common_grid,all5,precision,p09,complete,60.87818191666667,9.262549756522132,5.3184669335757695,0.05171056443257083,0.7403508489952253,0.06478647519969033,0.0,,,,,,
d2_10_b,d2_10,b,common_grid,all5,precision,p10,complete,60.87818191666667,34.749598754282815,9.446833163631663,0.05171056443257083,0.7403508489952253,0.41562945531597734,0.0,,,,,,
d2_10_b,d2_10,b,common_grid,all5,precision,p11,complete,60.87818191666667,8.647449829650613,0.3056946099290778,0.05171056443257083,0.7403508489952253,0.13702372438027433,0.0,,,,,,
d2_10_b,d2_10,b,common_grid,all5,precision,p12,complete,60.87818191666667,4.545771939450686,0.22027139999999978,0.05171056443257083,0.7403508489952253,0.07105173648864324,0.0,,,,,,
d2_10_b,d2_10,b,common_grid,all5,recall,p08,complete,60.87818191666667,0.5398278983321384,0.5258481680740315,0.08405800056352175,0.749595384246244,0.00022963449002539463,0.0,,,,,,
d2_10_b,d2_10,b,common_grid,all5,recall,p09,complete,60.87818191666667,8.167562853145217,5.212244074238299,0.08405800056352175,0.749595384246244,0.04854479364959216,0.0,,,,,,
d2_10_b,d2_10,b,common_grid,all5,recall,p10,complete,60.87818191666667,34.75473058696491,8.980033598915464,0.08405800056352175,0.749595384246244,0.4233815166052632,0.0,,,,,,
d2_10_b,d2_10,b,common_grid,all5,recall,p11,complete,60.87818191666667,7.829712008451147,0.30578050940238377,0.08405800056352175,0.749595384246244,0.12358995065502985,0.0,,,,,,
d2_10_b,d2_10,b,common_grid,all5,recall,p12,complete,60.87818191666667,4.469050319915913,0.22027139999999978,0.08405800056352175,0.749595384246244,0.06979148828281155,0.0,,,,,,
d2_10_b,d2_10,b,common_grid,all5,f1,p08,complete,60.87818191666667,0.5314786765366548,0.5165539312586497,0.05619661131368736,0.7427596487005854,0.0002451575393370794,0.0,,,,,,
d2_10_b,d2_10,b,common_grid,all5,f1,p09,complete,60.87818191666667,9.01575396694135,5.293356879476345,0.05619661131368736,0.7427596487005854,0.061145010745564325,0.0,,,,,,
d2_10_b,d2_10,b,common_grid,all5,f1,p10,complete,60.87818191666667,34.610330594987616,9.324785197990963,0.05619661131368736,0.7427596487005854,0.41534659217663344,0.0,,,,,,
d2_10_b,d2_10,b,common_grid,all5,f1,p11,complete,60.87818191666667,8.772397708893726,0.3053574939870488,0.05619661131368736,0.7427596487005854,0.13908168654735478,0.0,,,,,,
d2_10_b,d2_10,b,common_grid,all5,f1,p12,complete,60.87818191666667,4.527073442652455,0.22027139999999978,0.05619661131368736,0.7427596487005854,0.07074459037800829,0.0,,,,,,
d2_10_b,d2_10,b,common_grid,all5,artifact_peak_ratio,p08,complete,60.87818191666667,0.5247664882208662,0.5157021422402162,0.05171056443257083,0.7403508489952253,0.0001488931780692447,0.0,,,,,,
d2_10_b,d2_10,b,common_grid,all5,artifact_peak_ratio,p09,complete,60.87818191666667,9.262549756522132,5.3184669335757695,0.05171056443257083,0.7403508489952253,0.06478647519969033,0.0,,,,,,
d2_10_b,d2_10,b,common_grid,all5,artifact_peak_ratio,p10,complete,60.87818191666667,34.749598754282815,9.446833163631663,0.05171056443257083,0.7403508489952253,0.41562945531597734,0.0,,,,,,
d2_10_b,d2_10,b,common_grid,all5,artifact_peak_ratio,p11,complete,60.87818191666667,8.647449829650613,0.3056946099290778,0.05171056443257083,0.7403508489952253,0.13702372438027433,0.0,,,,,,
d2_10_b,d2_10,b,common_grid,all5,artifact_peak_ratio,p12,complete,60.87818191666667,4.545771939450686,0.22027139999999978,0.05171056443257083,0.7403508489952253,0.07105173648864324,0.0,,,,,,
d2_10_b,d2_10,b,common_grid,all5,missing_peak_ratio,p08,complete,60.87818191666667,0.5398278983321384,0.5258481680740315,0.08405800056352175,0.749595384246244,0.00022963449002539463,0.0,,,,,,
d2_10_b,d2_10,b,common_grid,all5,missing_peak_ratio,p09,complete,60.87818191666667,8.167562853145217,5.212244074238299,0.08405800056352175,0.749595384246244,0.04854479364959216,0.0,,,,,,
d2_10_b,d2_10,b,common_grid,all5,missing_peak_ratio,p10,complete,60.87818191666667,34.75473058696491,8.980033598915464,0.08405800056352175,0.749595384246244,0.4233815166052632,0.0,,,,,,
d2_10_b,d2_10,b,common_grid,all5,missing_peak_ratio,p11,complete,60.87818191666667,7.829712008451147,0.30578050940238377,0.08405800056352175,0.749595384246244,0.12358995065502985,0.0,,,,,,
d2_10_b,d2_10,b,common_grid,all5,missing_peak_ratio,p12,complete,60.87818191666667,4.469050319915913,0.22027139999999978,0.08405800056352175,0.749595384246244,0.06979148828281155,0.0,,,,,,
d2_10_b,d2_10,b,common_grid,no_axis,mse,p08,complete,42.711420527777776,8.824325481446813,0.5052470577321364,0.2533980261941007,0.655312010974091,0.19477409837737159,0.0,,,,,,
d2_10_b,d2_10,b,common_grid,no_axis,mse,p09,complete,42.711420527777776,6.199860752004338,5.284281888058914,0.2533980261941007,0.655312010974091,0.02143639459029391,0.0,,,,,,
d2_10_b,d2_10,b,common_grid,no_axis,mse,p10,complete,42.711420527777776,16.864244636641544,8.932584704368601,0.2533980261941007,0.655312010974091,0.18570349181232476,0.0,,,,,,
d2_10_b,d2_10,b,common_grid,no_axis,rmse,p08,complete,42.711420527777776,8.82608035831483,0.5052470577321364,0.25399709265948345,0.6570138079077541,0.1948151852072249,0.0,,,,,,
d2_10_b,d2_10,b,common_grid,no_axis,rmse,p09,complete,42.711420527777776,6.181452140855818,5.237588224210911,0.25399709265948345,0.6570138079077541,0.022098630880962058,0.0,,,,,,
d2_10_b,d2_10,b,common_grid,no_axis,rmse,p10,complete,42.711420527777776,16.855311391194995,8.906592203730032,0.25399709265948345,0.6570138079077541,0.18610289916008388,0.0,,,,,,
d2_10_b,d2_10,b,common_grid,no_axis,mae,p08,complete,42.711420527777776,9.117511219857706,0.504355724398803,0.24425602536477453,0.6574088465170099,0.20165930772209406,0.0,,,,,,
d2_10_b,d2_10,b,common_grid,no_axis,mae,p09,complete,42.711420527777776,6.278328448977521,5.23054686273905,0.24425602536477453,0.6574088465170099,0.02453164922381913,0.0,,,,,,
d2_10_b,d2_10,b,common_grid,no_axis,mae,p10,complete,42.711420527777776,16.883059043144108,8.897652238370595,0.24425602536477453,0.6574088465170099,0.1869618642063223,0.0,,,,,,
d2_10_b,d2_10,b,common_grid,no_axis,sam,p08,complete,42.711420527777776,7.222416850829719,0.5032494616933455,0.2747837900542225,0.6138927735490232,0.15731547455244435,0.0,,,,,,
d2_10_b,d2_10,b,common_grid,no_axis,sam,p09,complete,42.711420527777776,6.827095356209826,6.110156941429159,0.2747837900542225,0.6138927735490232,0.016785637328882573,0.0,,,,,,
d2_10_b,d2_10,b,common_grid,no_axis,sam,p10,complete,42.711420527777776,16.925502309515732,9.877781714639086,0.2747837900542225,0.6138927735490232,0.16500787161347386,0.0,,,,,,
d2_10_b,d2_10,b,common_grid,no_axis,pearson_r,p08,complete,42.711420527777776,8.744991637839709,0.5006058605975439,0.240539970307323,0.6377878656620691,0.19302532379789034,0.0,,,,,,
d2_10_b,d2_10,b,common_grid,no_axis,pearson_r,p09,complete,42.711420527777776,6.57668046701143,5.650539304587968,0.240539970307323,0.6377878656620691,0.02168368906908955,0.0,,,,,,
d2_10_b,d2_10,b,common_grid,no_axis,pearson_r,p10,complete,42.711420527777776,17.11594459739138,9.31944962478579,0.240539970307323,0.6377878656620691,0.18253888248776617,0.0,,,,,,
d2_10_b,d2_10,b,common_grid,no_axis,nmse,p08,complete,42.711420527777776,6.437481481802877,0.5263662666666669,0.2986137527488134,0.6176671836144685,0.13839659608820223,0.0,,,,,,
d2_10_b,d2_10,b,common_grid,no_axis,nmse,p09,complete,42.711420527777776,6.867448834564312,5.887459825287357,0.2986137527488134,0.6176671836144685,0.022944425569728144,0.0,,,,,,
d2_10_b,d2_10,b,common_grid,no_axis,nmse,p10,complete,42.711420527777776,16.652272642378158,9.916151610258058,0.2986137527488134,0.6176671836144685,0.15771240920772467,0.0,,,,,,
d2_10_b,d2_10,b,common_grid,no_axis,wasserstein_1_cm1,p08,complete,42.711420527777776,10.354094914437603,0.5309893809438126,0.12052081256546676,0.6066556160036605,0.2299877974581819,0.0,,,,,,
d2_10_b,d2_10,b,common_grid,no_axis,wasserstein_1_cm1,p09,complete,42.711420527777776,8.415600811737827,6.243197067989854,0.12052081256546676,0.6066556160036605,0.05086236226526652,0.0,,,,,,
d2_10_b,d2_10,b,common_grid,no_axis,wasserstein_1_cm1,p10,complete,42.711420527777776,18.794109693769215,10.026110948173692,0.12052081256546676,0.6066556160036605,0.2052846437147454,0.0,,,,,,
d2_10_b,d2_10,b,common_grid,no_axis,is_like_structure_to_noise,p08,complete,42.711420527777776,5.134897760125535,0.5870158652526514,0.02675218022074377,0.3800718911897657,0.10647929379719707,0.0,,,,,,
d2_10_b,d2_10,b,common_grid,no_axis,is_like_structure_to_noise,p09,complete,42.711420527777776,10.945384742088606,8.75973835379791,0.02675218022074377,0.3800718911897657,0.051172411530289424,0.0,,,,,,
d2_10_b,d2_10,b,common_grid,no_axis,is_like_structure_to_noise,p10,complete,42.711420527777776,25.48851440612055,17.131255933333332,0.02675218022074377,0.3800718911897657,0.19566800564153547,0.0,,,,,,
d2_10_b,d2_10,b,common_grid,no_axis,precision,p08,complete,42.711420527777776,0.5239098289548711,0.5157021422402162,0.2920313340892542,0.6422267849998221,0.00019216609078401002,0.0,,,,,,
d2_10_b,d2_10,b,common_grid,no_axis,precision,p09,complete,42.711420527777776,13.109913652410619,5.3184669335757695,0.2920313340892542,0.6422267849998221,0.18242068801639616,0.0,,,,,,
d2_10_b,d2_10,b,common_grid,no_axis,precision,p10,complete,42.711420527777776,16.604523928838187,9.446833163631663,0.2920313340892542,0.6422267849998221,0.16758259680338786,0.0,,,,,,
d2_10_b,d2_10,b,common_grid,no_axis,recall,p08,complete,42.711420527777776,0.6105449834979844,0.5258481680740315,0.28967368491889856,0.6554053773122408,0.0019830016041931836,0.0,,,,,,
d2_10_b,d2_10,b,common_grid,no_axis,recall,p09,complete,42.711420527777776,13.05696202856124,5.212244074238299,0.28967368491889856,0.6554053773122408,0.18366792434873608,0.0,,,,,,
d2_10_b,d2_10,b,common_grid,no_axis,recall,p10,complete,42.711420527777776,16.671538943316477,8.980033598915464,0.28967368491889856,0.6554053773122408,0.18008076644041307,0.0,,,,,,
d2_10_b,d2_10,b,common_grid,no_axis,f1,p08,complete,42.711420527777776,0.5633011232303651,0.5165539312586497,0.2942306335505037,0.6456522442543684,0.0010944892816503933,0.0,,,,,,
d2_10_b,d2_10,b,common_grid,no_axis,f1,p09,complete,42.711420527777776,13.076860317194036,5.293356879476345,0.2942306335505037,0.6456522442543684,0.18223471243845932,0.0,,,,,,
d2_10_b,d2_10,b,common_grid,no_axis,f1,p10,complete,42.711420527777776,16.504250765623333,9.324785197990963,0.2942306335505037,0.6456522442543684,0.168092408983755,0.0,,,,,,
d2_10_b,d2_10,b,common_grid,no_axis,artifact_peak_ratio,p08,complete,42.711420527777776,0.5239098289548711,0.5157021422402162,0.2920313340892542,0.6422267849998221,0.00019216609078401002,0.0,,,,,,
d2_10_b,d2_10,b,common_grid,no_axis,artifact_peak_ratio,p09,complete,42.711420527777776,13.109913652410619,5.3184669335757695,0.2920313340892542,0.6422267849998221,0.18242068801639616,0.0,,,,,,
d2_10_b,d2_10,b,common_grid,no_axis,artifact_peak_ratio,p10,complete,42.711420527777776,16.604523928838187,9.446833163631663,0.2920313340892542,0.6422267849998221,0.16758259680338786,0.0,,,,,,
d2_10_b,d2_10,b,common_grid,no_axis,missing_peak_ratio,p08,complete,42.711420527777776,0.6105449834979844,0.5258481680740315,0.28967368491889856,0.6554053773122408,0.0019830016041931836,0.0,,,,,,
d2_10_b,d2_10,b,common_grid,no_axis,missing_peak_ratio,p09,complete,42.711420527777776,13.05696202856124,5.212244074238299,0.28967368491889856,0.6554053773122408,0.18366792434873608,0.0,,,,,,
d2_10_b,d2_10,b,common_grid,no_axis,missing_peak_ratio,p10,complete,42.711420527777776,16.671538943316477,8.980033598915464,0.28967368491889856,0.6554053773122408,0.18008076644041307,0.0,,,,,,
d2_20_a,d2_20,a,native,all5,mse,p08,complete,72.33741854666667,9.506321606255565,7.968277445051788,0.54631292838426,0.7159527251399542,0.021262082503145246,0.0,,,,,,
d2_20_a,d2_20,a,native,all5,mse,p09,complete,72.33741854666667,9.41644243044124,1.469071827750411,0.54631292838426,0.7159527251399542,0.10986527805887601,0.0,,,,,,
d2_20_a,d2_20,a,native,all5,mse,p10,complete,72.33741854666667,9.88070727275563,7.221590669122335,0.54631292838426,0.7159527251399542,0.03675990458406852,0.0,,,,,,
d2_20_a,d2_20,a,native,all5,mse,p11,complete,72.33741854666667,3.484773838243574,3.4153989333333334,0.54631292838426,0.7159527251399542,0.0009590459032690566,1.0,0.037933333333333354,0.020931506849315076,240,0.06937490491023968,0.06937490491024034,6.661338147750939e-16
d2_20_a,d2_20,a,native,all5,mse,p12,complete,72.33741854666667,0.5303064409832994,0.4729077333333338,0.54631292838426,0.7159527251399542,0.0007934857063351832,1.0,0.005466666666666677,0.020931506849315076,240,0.057398707649965575,0.05739870764996563,5.551115123125783e-17
d2_20_a,d2_20,a,native,all5,rmse,p08,complete,72.33741854666667,9.506321606255565,7.96827744505179,0.5463129283842603,0.7159798632141214,0.02126208250314526,0.0,,,,,,
d2_20_a,d2_20,a,native,all5,rmse,p09,complete,72.33741854666667,9.416442430441236,1.467906757799672,0.5463129283842603,0.7159798632141214,0.10988138410708931,0.0,,,,,,
d2_20_a,d2_20,a,native,all5,rmse,p10,complete,72.33741854666667,9.880707272755632,7.220792640843489,0.5463129283842603,0.7159798632141214,0.03677093661002248,0.0,,,,,,
d2_20_a,d2_20,a,native,all5,rmse,p11,complete,72.33741854666667,3.484773838243574,3.4153989333333334,0.5463129283842603,0.7159798632141214,0.0009590459032690566,1.0,,,,,,
d2_20_a,d2_20,a,native,all5,rmse,p12,complete,72.33741854666667,0.5303064409832994,0.4729077333333338,0.5463129283842603,0.7159798632141214,0.0007934857063351832,1.0,,,,,,
d2_20_a,d2_20,a,native,all5,mae,p08,complete,72.33741854666667,9.081185488452547,7.911729181228129,0.5542984165553556,0.7167616947498976,0.01616668566172256,0.0,,,,,,
d2_20_a,d2_20,a,native,all5,mae,p09,complete,72.33741854666667,8.977207456218185,1.4715163577996722,0.5542984165553556,0.7167616947498976,0.10375945463932201,0.0,,,,,,
d2_20_a,d2_20,a,native,all5,mae,p10,complete,72.33741854666667,10.167373524065187,7.217175629630732,0.5542984165553556,0.7167616947498976,0.040783842632305306,0.0,,,,,,
d2_20_a,d2_20,a,native,all5,mae,p11,complete,72.33741854666667,3.485358947282425,3.4153989333333334,0.5542984165553556,0.7167616947498976,0.0009671345114970972,1.0,,,,,,
d2_20_a,d2_20,a,native,all5,mae,p12,complete,72.33741854666667,0.5297765725289736,0.4729077333333338,0.5542984165553556,0.7167616947498976,0.00078616074969488,1.0,,,,,,
d2_20_a,d2_20,a,native,all5,sam,p08,complete,72.33741854666667,10.572827502290718,8.172572833120011,0.5180970579738133,0.6935770616385202,0.03318137026996953,0.0,,,,,,
d2_20_a,d2_20,a,native,all5,sam,p09,complete,72.33741854666667,9.621477657047505,2.000342314923443,0.5180970579738133,0.6935770616385202,0.10535536787516792,0.0,,,,,,
d2_20_a,d2_20,a,native,all5,sam,p10,complete,72.33741854666667,10.650351653105949,8.104622529843684,0.5180970579738133,0.6935770616385202,0.0351924242585454,0.0,,,,,,
d2_20_a,d2_20,a,native,all5,sam,p11,complete,72.33741854666667,3.483240206706344,3.4153989333333334,0.5180970579738133,0.6935770616385202,0.0009378448213388214,1.0,,,,,,
d2_20_a,d2_20,a,native,all5,sam,p12,complete,72.33741854666667,0.5317177970677897,0.4729077333333338,0.5180970579738133,0.6935770616385202,0.0008129964396851687,1.0,,,,,,
d2_20_a,d2_20,a,native,all5,pearson_r,p08,complete,72.33741854666667,10.232887284735513,8.61441775460592,0.5321414449527453,0.6998479491171405,0.02237389117065988,0.0,,,,,,
d2_20_a,d2_20,a,native,all5,pearson_r,p09,complete,72.33741854666667,9.282923651028721,1.6163954416694422,0.5321414449527453,0.6998479491171405,0.1059828835945177,0.0,,,,,,
d2_20_a,d2_20,a,native,all5,pearson_r,p10,complete,72.33741854666667,10.31279941531071,7.593104669411765,0.5321414449527453,0.6998479491171405,0.03759734312532041,0.0,,,,,,
d2_20_a,d2_20,a,native,all5,pearson_r,p11,complete,72.33741854666667,3.484656494230947,3.4153989333333334,0.5321414449527453,0.6998479491171405,0.00095742372743,1.0,,,,,,
d2_20_a,d2_20,a,native,all5,pearson_r,p12,complete,72.33741854666667,0.5304132717860575,0.4729077333333338,0.5321414449527453,0.6998479491171405,0.0007949625464672271,1.0,,,,,,
d2_20_a,d2_20,a,native,all5,nmse,p08,complete,72.33741854666667,10.660436413324568,9.52582866666667,0.5262024801158751,0.6704424074421205,0.015684935534794293,0.0,,,,,,
d2_20_a,d2_20,a,native,all5,nmse,p09,complete,72.33741854666667,8.976777175401946,1.9578147080911688,0.5262024801158751,0.6704424074421205,0.09703086740346795,0.0,,,,,,
d2_20_a,d2_20,a,native,all5,nmse,p10,complete,72.33741854666667,10.621170163751918,8.467395466666668,0.5262024801158751,0.6704424074421205,0.029774005491995784,0.0,,,,,,
d2_20_a,d2_20,a,native,all5,nmse,p11,complete,72.33741854666667,3.482410761054928,3.4153989333333334,0.5262024801158751,0.6704424074421205,0.0009263784783578271,1.0,,,,,,
d2_20_a,d2_20,a,native,all5,nmse,p12,complete,72.33741854666667,0.5324949886972046,0.4729077333333338,0.5262024801158751,0.6704424074421205,0.0008237404176294946,1.0,,,,,,
d2_20_a,d2_20,a,native,all5,wasserstein_1_cm1,p08,complete,72.33741854666667,10.381006969277642,8.893036205660291,0.6426950820131274,0.6861235438742985,0.02056986264525633,0.0,,,,,,
d2_20_a,d2_20,a,native,all5,wasserstein_1_cm1,p09,complete,72.33741854666667,2.764880080655624,2.0803515251526257,0.6426950820131274,0.6861235438742985,0.009462993969869025,0.0,,,,,,
d2_20_a,d2_20,a,native,all5,wasserstein_1_cm1,p10,complete,72.33741854666667,9.18346572195503,8.337661221911066,0.6426950820131274,0.6861235438742985,0.011692489406410255,0.0,,,,,,
d2_20_a,d2_20,a,native,all5,wasserstein_1_cm1,p11,complete,72.33741854666667,3.0484234390903135,2.9370177877395376,0.6426950820131274,0.6861235438742985,0.0015400833149569067,0.0,,,,,,
d2_20_a,d2_20,a,native,all5,wasserstein_1_cm1,p12,complete,72.33741854666667,0.46873919022020716,0.4569458382458126,0.6426950820131274,0.6861235438742985,0.0001630325246785855,0.0,,,,,,
d2_20_a,d2_20,a,native,all5,is_like_structure_to_noise,p08,complete,72.33741854666667,25.25503041066664,18.22062785,0.0,0.417131865186268,0.0972443128604123,0.0,,,,,,
d2_20_a,d2_20,a,native,all5,is_like_structure_to_noise,p09,complete,72.33741854666667,5.369533264000008,3.509103108869192,0.0,0.417131865186268,0.025718780024346685,0.0,,,,,,
d2_20_a,d2_20,a,native,all5,is_like_structure_to_noise,p10,complete,72.33741854666667,26.147698770666643,16.5451386,0.0,0.417131865186268,0.1327467908530879,0.0,,,,,,
d2_20_a,d2_20,a,native,all5,is_like_structure_to_noise,p11,complete,72.33741854666667,8.04510263733335,3.4153989333333334,0.0,0.417131865186268,0.06400150568012432,1.0,,,,,,
d2_20_a,d2_20,a,native,all5,is_like_structure_to_noise,p12,complete,72.33741854666667,7.520053464000023,0.4729077333333338,0.0,0.417131865186268,0.09742047576829686,1.0,,,,,,
d2_20_a,d2_20,a,native,all5,precision,p08,complete,72.33741854666667,18.102606255247636,10.731799996635942,0.22256473638714258,0.6693475217674132,0.10189479258036557,0.0,,,,,,
d2_20_a,d2_20,a,native,all5,precision,p09,complete,72.33741854666667,9.53783043718076,1.981924161399124,0.22256473638714258,0.6693475217674132,0.10445363447559484,0.0,,,,,,
d2_20_a,d2_20,a,native,all5,precision,p10,complete,72.33741854666667,19.747767209017862,7.781196227304038,0.22256473638714258,0.6693475217674132,0.16542712225753384,0.0,,,,,,
d2_20_a,d2_20,a,native,all5,precision,p11,complete,72.33741854666667,4.845781567156136,2.982876842757243,0.22256473638714258,0.6693475217674132,0.025752988727363646,0.5,,,,,,
d2_20_a,d2_20,a,native,all5,precision,p12,complete,72.33741854666667,4.003674588299011,0.44074948330686736,0.22256473638714258,0.6693475217674132,0.049254247339412756,0.5,,,,,,
d2_20_a,d2_20,a,native,all5,recall,p08,complete,72.33741854666667,17.044494784681987,9.54346704856918,0.24530484115697715,0.6918489202523308,0.1036949878336301,0.0,,,,,,
d2_20_a,d2_20,a,native,all5,recall,p09,complete,72.33741854666667,10.247623959239188,1.962215596446466,0.24530484115697715,0.6918489202523308,0.11453834722409395,0.0,,,,,,
d2_20_a,d2_20,a,native,all5,recall,p10,complete,72.33741854666667,18.113744080740357,7.361544660234653,0.24530484115697715,0.6918489202523308,0.14863952345174156,0.0,,,,,,
d2_20_a,d2_20,a,native,all5,recall,p11,complete,72.33741854666667,4.890305078757015,2.982876842757243,0.24530484115697715,0.6918489202523308,0.02636848638397625,0.5,,,,,,
d2_20_a,d2_20,a,native,all5,recall,p12,complete,72.33741854666667,4.2965316769522754,0.44074948330686736,0.24530484115697715,0.6918489202523308,0.05330273420191165,0.5,,,,,,
d2_20_a,d2_20,a,native,all5,f1,p08,complete,72.33741854666667,17.138437585023226,9.181256711735523,0.2398736178422315,0.6945092117009553,0.11000089626027124,0.0,,,,,,
d2_20_a,d2_20,a,native,all5,f1,p09,complete,72.33741854666667,10.09529798385237,1.9562124335325248,0.2398736178422315,0.6945092117009553,0.11251556544099126,0.0,,,,,,
d2_20_a,d2_20,a,native,all5,f1,p10,complete,72.33741854666667,18.664996671896965,7.5373195440069845,0.2398736178422315,0.6945092117009553,0.15383016634345667,0.0,,,,,,
d2_20_a,d2_20,a,native,all5,f1,p11,complete,72.33741854666667,4.8525339085508845,2.982876842757243,0.2398736178422315,0.6945092117009553,0.025846333797320657,0.5,,,,,,
d2_20_a,d2_20,a,native,all5,f1,p12,complete,72.33741854666667,4.234314105186561,0.44074948330686736,0.2398736178422315,0.6945092117009553,0.052442632016684,0.5,,,,,,
d2_20_a,d2_20,a,native,all5,artifact_peak_ratio,p08,complete,72.33741854666667,18.102606255247636,10.731799996635942,0.22256473638714258,0.6693475217674132,0.10189479258036557,0.0,,,,,,
d2_20_a,d2_20,a,native,all5,artifact_peak_ratio,p09,complete,72.33741854666667,9.53783043718076,1.981924161399124,0.22256473638714258,0.6693475217674132,0.10445363447559484,0.0,,,,,,
d2_20_a,d2_20,a,native,all5,artifact_peak_ratio,p10,complete,72.33741854666667,19.747767209017862,7.781196227304038,0.22256473638714258,0.6693475217674132,0.16542712225753384,0.0,,,,,,
d2_20_a,d2_20,a,native,all5,artifact_peak_ratio,p11,complete,72.33741854666667,4.845781567156136,2.982876842757243,0.22256473638714258,0.6693475217674132,0.025752988727363646,0.5,,,,,,
d2_20_a,d2_20,a,native,all5,artifact_peak_ratio,p12,complete,72.33741854666667,4.003674588299011,0.44074948330686736,0.22256473638714258,0.6693475217674132,0.049254247339412756,0.5,,,,,,
d2_20_a,d2_20,a,native,all5,missing_peak_ratio,p08,complete,72.33741854666667,17.044494784681987,9.54346704856918,0.24530484115697715,0.6918489202523308,0.1036949878336301,0.0,,,,,,
d2_20_a,d2_20,a,native,all5,missing_peak_ratio,p09,complete,72.33741854666667,10.247623959239188,1.962215596446466,0.24530484115697715,0.6918489202523308,0.11453834722409395,0.0,,,,,,
d2_20_a,d2_20,a,native,all5,missing_peak_ratio,p10,complete,72.33741854666667,18.113744080740357,7.361544660234653,0.24530484115697715,0.6918489202523308,0.14863952345174156,0.0,,,,,,
d2_20_a,d2_20,a,native,all5,missing_peak_ratio,p11,complete,72.33741854666667,4.890305078757015,2.982876842757243,0.24530484115697715,0.6918489202523308,0.02636848638397625,0.5,,,,,,
d2_20_a,d2_20,a,native,all5,missing_peak_ratio,p12,complete,72.33741854666667,4.2965316769522754,0.44074948330686736,0.24530484115697715,0.6918489202523308,0.05330273420191165,0.5,,,,,,
d2_20_a,d2_20,a,native,no_axis,mse,p08,complete,49.07202291111112,9.504561974713342,7.968277445051788,0.4131666132813854,0.6605206194148451,0.03130672914064239,0.0,,,,,,
d2_20_a,d2_20,a,native,no_axis,mse,p09,complete,49.07202291111112,9.412917661420053,1.469071827750411,0.4131666132813854,0.6605206194148451,0.16188136054751798,0.0,,,,,,
d2_20_a,d2_20,a,native,no_axis,mse,p10,complete,49.07202291111112,9.879621761927398,7.221590669122335,0.4131666132813854,0.6605206194148451,0.054165916445299375,0.0,,,,,,
d2_20_a,d2_20,a,native,no_axis,rmse,p08,complete,49.07202291111112,9.504561974713344,7.96827744505179,0.4131666132813854,0.660560623843298,0.031306729140642406,0.0,,,,,,
d2_20_a,d2_20,a,native,no_axis,rmse,p09,complete,49.07202291111112,9.41291766142005,1.467906757799672,0.4131666132813854,0.660560623843298,0.1619051025879235,0.0,,,,,,
d2_20_a,d2_20,a,native,no_axis,rmse,p10,complete,49.07202291111112,9.8796217619274,7.220792640843489,0.4131666132813854,0.660560623843298,0.05418217883334673,0.0,,,,,,
d2_20_a,d2_20,a,native,no_axis,mae,p08,complete,49.07202291111112,9.079458666238239,7.911729181228129,0.424944603999151,0.6617131272797032,0.023796236954105852,0.0,,,,,,
d2_20_a,d2_20,a,native,no_axis,mae,p09,complete,49.07202291111112,8.9734233275397,1.4715163577996722,0.424944603999151,0.6617131272797032,0.15287543746319474,0.0,,,,,,
d2_20_a,d2_20,a,native,no_axis,mae,p10,complete,49.07202291111112,10.166249573933804,7.217175629630732,0.424944603999151,0.6617131272797032,0.06009684886325173,0.0,,,,,,
d2_20_a,d2_20,a,native,no_axis,sam,p08,complete,49.07202291111112,10.571764800450397,8.172572833120011,0.37153021761198923,0.6275364944503103,0.04889123832690321,0.0,,,,,,
d2_20_a,d2_20,a,native,no_axis,sam,p09,complete,49.07202291111112,9.61865536578454,2.000342314923443,0.37153021761198923,0.6275364944503103,0.15524758505800507,0.0,,,,,,
d2_20_a,d2_20,a,native,no_axis,sam,p10,complete,49.07202291111112,10.649863394050541,8.104622529843684,0.37153021761198923,0.6275364944503103,0.051867453453412704,0.0,,,,,,
d2_20_a,d2_20,a,native,no_axis,pearson_r,p08,complete,49.07202291111112,10.23095270964611,8.61441775460592,0.3922870983090392,0.6367804543543414,0.03294208918120972,0.0,,,,,,
d2_20_a,d2_20,a,native,no_axis,pearson_r,p09,complete,49.07202291111112,9.280317309549394,1.6163954416694422,0.3922870983090392,0.6367804543543414,0.1561770111202131,0.0,,,,,,
d2_20_a,d2_20,a,native,no_axis,pearson_r,p10,complete,49.07202291111112,10.310431415961146,7.593104669411765,0.3922870983090392,0.6367804543543414,0.05537425574387946,0.0,,,,,,
d2_20_a,d2_20,a,native,no_axis,nmse,p08,complete,49.07202291111112,10.660436413324568,9.52582866666667,0.38347721322288375,0.5934335358955194,0.023121275206304907,0.0,,,,,,
d2_20_a,d2_20,a,native,no_axis,nmse,p09,complete,49.07202291111112,8.972413740872234,1.9578147080911688,0.38347721322288375,0.5934335358955194,0.1429449738700865,0.0,,,,,,
d2_20_a,d2_20,a,native,no_axis,nmse,p10,complete,49.07202291111112,10.621170163751918,8.467395466666668,0.38347721322288375,0.5934335358955194,0.04389007359624425,0.0,,,,,,
d2_20_a,d2_20,a,native,no_axis,wasserstein_1_cm1,p08,complete,49.07202291111112,10.381006969277642,8.893036205660291,0.5462934519764926,0.6064753844017405,0.030322181058495507,0.0,,,,,,
d2_20_a,d2_20,a,native,no_axis,wasserstein_1_cm1,p09,complete,49.07202291111112,2.7320963392543423,2.0803515251526257,0.5462934519764926,0.6064753844017405,0.01328139284745372,0.0,,,,,,
d2_20_a,d2_20,a,native,no_axis,wasserstein_1_cm1,p10,complete,49.07202291111112,9.151194810998714,8.337661221911066,0.5462934519764926,0.6064753844017405,0.016578358519298855,0.0,,,,,,
d2_20_a,d2_20,a,native,no_axis,is_like_structure_to_noise,p08,complete,49.07202291111112,19.32341749629628,18.22062785,1.1102230246251565e-16,0.22002666105287416,0.022472879267558834,0.0,,,,,,
d2_20_a,d2_20,a,native,no_axis,is_like_structure_to_noise,p09,complete,49.07202291111112,10.963377185185223,3.509103108869192,1.1102230246251565e-16,0.22002666105287416,0.15190476434645203,0.0,,,,,,
d2_20_a,d2_20,a,native,no_axis,is_like_structure_to_noise,p10,complete,49.07202291111112,18.78522822962961,16.5451386,1.1102230246251565e-16,0.22002666105287416,0.04564901743886323,0.0,,,,,,
d2_20_a,d2_20,a,native,no_axis,precision,p08,complete,49.07202291111112,15.772496380591315,10.731799996635942,0.05592214334405332,0.5823502034455859,0.1027203706903641,0.0,,,,,,
d2_20_a,d2_20,a,native,no_axis,precision,p09,complete,49.07202291111112,12.651761558599837,1.981924161399124,0.05592214334405332,0.5823502034455859,0.21743218975357947,0.0,,,,,,
d2_20_a,d2_20,a,native,no_axis,precision,p10,complete,49.07202291111112,17.903552272502147,7.781196227304038,0.05592214334405332,0.5823502034455859,0.20627549965758918,0.0,,,,,,
d2_20_a,d2_20,a,native,no_axis,recall,p08,complete,49.07202291111112,14.669933075542382,9.54346704856918,0.09698238908548062,0.6155196752449694,0.1044682025083674,0.0,,,,,,
d2_20_a,d2_20,a,native,no_axis,recall,p09,complete,49.07202291111112,13.887105450947066,1.962215596446466,0.09698238908548062,0.6155196752449694,0.24300791259617113,0.0,,,,,,
d2_20_a,d2_20,a,native,no_axis,recall,p10,complete,49.07202291111112,15.755862365444672,7.361544660234653,0.09698238908548062,0.6155196752449694,0.1710611710549503,0.0,,,,,,
d2_20_a,d2_20,a,native,no_axis,f1,p08,complete,49.07202291111112,14.724876285167,9.181256711735523,0.08699161388700571,0.6194412298204524,0.11296904518228584,0.0,,,,,,
d2_20_a,d2_20,a,native,no_axis,f1,p09,complete,49.07202291111112,13.670288604292093,1.9562124335325248,0.08699161388700571,0.6194412298204524,0.23871190702650272,0.0,,,,,,
d2_20_a,d2_20,a,native,no_axis,f1,p10,complete,49.07202291111112,16.408003551914348,7.5373195440069845,0.08699161388700571,0.6194412298204524,0.1807686637246582,0.0,,,,,,
d2_20_a,d2_20,a,native,no_axis,artifact_peak_ratio,p08,complete,49.07202291111112,15.772496380591315,10.731799996635942,0.05592214334405332,0.5823502034455859,0.1027203706903641,0.0,,,,,,
d2_20_a,d2_20,a,native,no_axis,artifact_peak_ratio,p09,complete,49.07202291111112,12.651761558599837,1.981924161399124,0.05592214334405332,0.5823502034455859,0.21743218975357947,0.0,,,,,,
d2_20_a,d2_20,a,native,no_axis,artifact_peak_ratio,p10,complete,49.07202291111112,17.903552272502147,7.781196227304038,0.05592214334405332,0.5823502034455859,0.20627549965758918,0.0,,,,,,
d2_20_a,d2_20,a,native,no_axis,missing_peak_ratio,p08,complete,49.07202291111112,14.669933075542382,9.54346704856918,0.09698238908548062,0.6155196752449694,0.1044682025083674,0.0,,,,,,
d2_20_a,d2_20,a,native,no_axis,missing_peak_ratio,p09,complete,49.07202291111112,13.887105450947066,1.962215596446466,0.09698238908548062,0.6155196752449694,0.24300791259617113,0.0,,,,,,
d2_20_a,d2_20,a,native,no_axis,missing_peak_ratio,p10,complete,49.07202291111112,15.755862365444672,7.361544660234653,0.09698238908548062,0.6155196752449694,0.1710611710549503,0.0,,,,,,
d2_20_a,d2_20,a,common_grid,all5,mse,p08,complete,72.33741854666667,10.947406444526349,7.968277445051788,0.5003712539790722,0.7197403525140216,0.04118378923838222,0.0,,,,,,
d2_20_a,d2_20,a,common_grid,all5,mse,p09,complete,72.33741854666667,7.6418885203154145,1.4693568658456493,0.5003712539790722,0.7197403525140216,0.08532971978378952,0.0,,,,,,
d2_20_a,d2_20,a,common_grid,all5,mse,p10,complete,72.33741854666667,12.034606719591023,7.221581145312811,0.5003712539790722,0.7197403525140216,0.06653576628772297,0.0,,,,,,
d2_20_a,d2_20,a,common_grid,all5,mse,p11,complete,72.33741854666667,4.727120768661645,3.1621545343138955,0.5003712539790722,0.7197403525140216,0.02163425604326965,0.0,,,,,,
d2_20_a,d2_20,a,common_grid,all5,mse,p12,complete,72.33741854666667,0.7908312657676463,0.45188943141033266,0.5003712539790722,0.7197403525140216,0.0046855671817850894,0.0,,,,,,
d2_20_a,d2_20,a,common_grid,all5,rmse,p08,complete,72.33741854666667,10.906417725195793,7.96827744505179,0.5010448911986264,0.7197609264868312,0.040617156917875596,0.0,,,,,,
d2_20_a,d2_20,a,common_grid,all5,rmse,p09,complete,72.33741854666667,7.672093783423637,1.467906757799672,0.5010448911986264,0.7197609264868312,0.08576732692806131,0.0,,,,,,
d2_20_a,d2_20,a,common_grid,all5,rmse,p10,complete,72.33741854666667,12.009975126900274,7.220792640843489,0.5010448911986264,0.7197609264868312,0.06620615695550658,0.0,,,,,,
d2_20_a,d2_20,a,common_grid,all5,rmse,p11,complete,72.33741854666667,4.710134264824319,3.1626930615252187,0.5010448911986264,0.7197609264868312,0.02139198819074264,0.0,,,,,,
d2_20_a,d2_20,a,common_grid,all5,rmse,p12,complete,72.33741854666667,0.7945036410185518,0.45210124863200873,0.5010448911986264,0.7197609264868312,0.004733406296018854,0.0,,,,,,
d2_20_a,d2_20,a,common_grid,all5,mae,p08,complete,72.33741854666667,10.086487404876271,7.911729181228129,0.5184241115743943,0.7205464314070364,0.03006408394633481,0.0,,,,,,
d2_20_a,d2_20,a,common_grid,all5,mae,p09,complete,72.33741854666667,7.344722165276625,1.4715163577996722,0.5184241115743943,0.7205464314070364,0.08119180813299277,0.0,,,,,,
d2_20_a,d2_20,a,common_grid,all5,mae,p10,complete,72.33741854666667,12.043252195676226,7.217175629630732,0.5184241115743943,0.7205464314070364,0.06671618455574377,0.0,,,,,,
d2_20_a,d2_20,a,common_grid,all5,mae,p11,complete,72.33741854666667,4.809081424864635,3.1640217717648182,0.5184241115743943,0.7205464314070364,0.02274147579704615,0.0,,,,,,
d2_20_a,d2_20,a,common_grid,all5,mae,p12,complete,72.33741854666667,0.5524134123321393,0.4505068152454784,0.5184241115743943,0.7205464314070364,0.0014087674005247817,0.0,,,,,,
d2_20_a,d2_20,a,common_grid,all5,sam,p08,complete,72.33741854666667,11.867457071743374,8.053303580904604,0.4733456753839693,0.6992704723764972,0.05272725468324758,0.0,,,,,,
d2_20_a,d2_20,a,common_grid,all5,sam,p09,complete,72.33741854666667,8.357965629717441,1.9802524639968673,0.4733456753839693,0.6992704723764972,0.08816617034247848,0.0,,,,,,
d2_20_a,d2_20,a,common_grid,all5,sam,p10,complete,72.33741854666667,12.662907391504776,8.143369729441885,0.4733456753839693,0.6992704723764972,0.06247855885467109,0.0,,,,,,
d2_20_a,d2_20,a,common_grid,all5,sam,p11,complete,72.33741854666667,4.546789270107064,3.129741354449472,0.4733456753839693,0.6992704723764972,0.01958941781622217,0.0,,,,,,
d2_20_a,d2_20,a,common_grid,all5,sam,p12,complete,72.33741854666667,0.6616949460892085,0.44733058024985073,0.4733456753839693,0.6992704723764972,0.0029633952959085214,0.0,,,,,,
d2_20_a,d2_20,a,common_grid,all5,pearson_r,p08,complete,72.33741854666667,13.53155871203834,8.622574463881675,0.3934420766522998,0.7048135553001584,0.06786230897899344,0.0,,,,,,
d2_20_a,d2_20,a,common_grid,all5,pearson_r,p09,complete,72.33741854666667,5.149455603271587,1.6151582800932405,0.3934420766522998,0.7048135553001584,0.04885849390517417,0.0,,,,,,
d2_20_a,d2_20,a,common_grid,all5,pearson_r,p10,complete,72.33741854666667,14.458473070500293,7.593072972268908,0.3934420766522998,0.7048135553001584,0.09490800523663069,0.0,,,,,,
d2_20_a,d2_20,a,common_grid,all5,pearson_r,p11,complete,72.33741854666667,9.558005312865602,3.0805654166038243,0.3934420766522998,0.7048135553001584,0.08954480304108473,0.0,,,,,,
d2_20_a,d2_20,a,common_grid,all5,pearson_r,p12,complete,72.33741854666667,1.1793416753237331,0.4416542667072662,0.3934420766522998,0.7048135553001584,0.01019786748597569,0.0,,,,,,
d2_20_a,d2_20,a,common_grid,all5,nmse,p08,complete,72.33741854666667,11.67389358002258,9.0580609112673,0.4782018885990721,0.6846758832704545,0.0361615429650388,0.0,,,,,,
d2_20_a,d2_20,a,common_grid,all5,nmse,p09,complete,72.33741854666667,8.553647365279009,1.9571111058201067,0.4782018885990721,0.6846758832704545,0.09119120355674999,0.0,,,,,,
d2_20_a,d2_20,a,common_grid,all5,nmse,p10,complete,72.33741854666667,12.404134736280163,8.219259739428772,0.4782018885990721,0.6846758832704545,0.057852147352364026,0.0,,,,,,
d2_20_a,d2_20,a,common_grid,all5,nmse,p11,complete,72.33741854666667,4.516890228217759,3.1279295875315376,0.4782018885990721,0.6846758832704545,0.019201136404807816,0.0,,,,,,
d2_20_a,d2_20,a,common_grid,all5,nmse,p12,complete,72.33741854666667,0.5969624714696156,0.4473712656753982,0.4782018885990721,0.6846758832704545,0.0020679643924217794,0.0,,,,,,
d2_20_a,d2_20,a,common_grid,all5,wasserstein_1_cm1,p08,complete,72.33741854666667,10.368487100265346,8.893036205660291,0.6399319493206003,0.6857121677063611,0.020396786673458695,0.0,,,,,,
d2_20_a,d2_20,a,common_grid,all5,wasserstein_1_cm1,p09,complete,72.33741854666667,2.865968707936573,2.0634299838161847,0.6399319493206003,0.6857121677063611,0.011094378818655947,0.0,,,,,,
d2_20_a,d2_20,a,common_grid,all5,wasserstein_1_cm1,p10,complete,72.33741854666667,9.162374618086945,8.338433280790717,0.6399319493206003,0.6857121677063611,0.011390250769934275,0.0,,,,,,
d2_20_a,d2_20,a,common_grid,all5,wasserstein_1_cm1,p11,complete,72.33741854666667,3.1787925362272045,2.980744578566619,0.6399319493206003,0.6857121677063611,0.0027378355716802345,0.0,,,,,,
d2_20_a,d2_20,a,common_grid,all5,wasserstein_1_cm1,p12,complete,72.33741854666667,0.47077032476205694,0.459126419915729,0.6399319493206003,0.6857121677063611,0.00016096655203165887,0.0,,,,,,
d2_20_a,d2_20,a,common_grid,all5,is_like_structure_to_noise,p08,complete,72.33741854666667,25.25503041066664,18.22062785,0.0,0.41770256557693286,0.09724431286041224,0.0,,,,,,
d2_20_a,d2_20,a,common_grid,all5,is_like_structure_to_noise,p09,complete,72.33741854666667,5.36953326400001,3.5120892838612177,0.0,0.41770256557693286,0.025677498830574234,0.0,,,,,,
d2_20_a,d2_20,a,common_grid,all5,is_like_structure_to_noise,p10,complete,72.33741854666667,26.147698770666636,16.5451386,0.0,0.41770256557693286,0.1327467908530878,0.0,,,,,,
d2_20_a,d2_20,a,common_grid,all5,is_like_structure_to_noise,p11,complete,72.33741854666667,8.045102637333356,3.3788611467207574,0.0,0.41770256557693286,0.06450660784366101,0.0,,,,,,
d2_20_a,d2_20,a,common_grid,all5,is_like_structure_to_noise,p12,complete,72.33741854666667,7.520053464000027,0.46517635192961726,0.0,0.41770256557693286,0.09752735518919758,0.0,,,,,,
d2_20_a,d2_20,a,common_grid,all5,precision,p08,complete,72.33741854666667,23.987178616665503,9.944857456969697,0.01145643513757888,0.6841555480019454,0.19412250867974715,0.0,,,,,,
d2_20_a,d2_20,a,common_grid,all5,precision,p09,complete,72.33741854666667,5.491735891247327,1.7878625874047414,0.01145643513757888,0.6841555480019454,0.05120272990462225,0.0,,,,,,
d2_20_a,d2_20,a,common_grid,all5,precision,p10,complete,72.33741854666667,25.657159449833863,7.70904477226603,0.01145643513757888,0.6841555480019454,0.24811660463096374,0.0,,,,,,
d2_20_a,d2_20,a,common_grid,all5,precision,p11,complete,72.33741854666667,8.424090295596688,2.9679114352219447,0.01145643513757888,0.6841555480019454,0.0754267842286192,0.0,,,,,,
d2_20_a,d2_20,a,common_grid,all5,precision,p12,complete,72.33741854666667,7.948525349723502,0.4376960679634283,0.01145643513757888,0.6841555480019454,0.1038304854204142,0.0,,,,,,
d2_20_a,d2_20,a,common_grid,all5,recall,p08,complete,72.33741854666667,23.946552874497655,10.039757908179812,0.023663745948406922,0.6895135978377953,0.19224898048229663,0.0,,,,,,
d2_20_a,d2_20,a,common_grid,all5,recall,p09,complete,72.33741854666667,4.915475321907097,1.751709643036584,0.023663745948406922,0.6895135978377953,0.043736225904017975,0.0,,,,,,
d2_20_a,d2_20,a,common_grid,all5,recall,p10,complete,72.33741854666667,25.25784726735487,7.304092908497118,0.023663745948406922,0.6895135978377953,0.24819456817186997,0.0,,,,,,
d2_20_a,d2_20,a,common_grid,all5,recall,p11,complete,72.33741854666667,8.54894966957206,2.9407575618095207,0.023663745948406922,0.6895135978377953,0.07752823117602067,0.0,,,,,,
d2_20_a,d2_20,a,common_grid,all5,recall,p12,complete,72.33741854666667,7.956819118283091,0.42346680473304515,0.023663745948406922,0.6895135978377953,0.10414184615518306,0.0,,,,,,
d2_20_a,d2_20,a,common_grid,all5,f1,p08,complete,72.33741854666667,24.00836541254038,9.87037317504117,0.01636484369183,0.6878591622836336,0.19544507561295454,0.0,,,,,,
d2_20_a,d2_20,a,common_grid,all5,f1,p09,complete,72.33741854666667,5.1498371007244925,1.7734838864285722,0.01636484369183,0.6878591622836336,0.046675058111421974,0.0,,,,,,
d2_20_a,d2_20,a,common_grid,all5,f1,p10,complete,72.33741854666667,25.501847000376507,7.54584807965215,0.01636484369183,0.6878591622836336,0.24822559722863902,0.0,,,,,,
d2_20_a,d2_20,a,common_grid,all5,f1,p11,complete,72.33741854666667,8.573498707355114,2.961190820527565,0.01636484369183,0.6878591622836336,0.07758512813402248,0.0,,,,,,
d2_20_a,d2_20,a,common_grid,all5,f1,p12,complete,72.33741854666667,7.9200797780835,0.42856646174649765,0.01636484369183,0.6878591622836336,0.10356345950476574,0.0,,,,,,
d2_20_a,d2_20,a,common_grid,all5,artifact_peak_ratio,p08,complete,72.33741854666667,23.987178616665503,9.944857456969697,0.01145643513757888,0.6841555480019454,0.19412250867974715,0.0,,,,,,
d2_20_a,d2_20,a,common_grid,all5,artifact_peak_ratio,p09,complete,72.33741854666667,5.491735891247327,1.7878625874047414,0.01145643513757888,0.6841555480019454,0.05120272990462225,0.0,,,,,,
d2_20_a,d2_20,a,common_grid,all5,artifact_peak_ratio,p10,complete,72.33741854666667,25.657159449833863,7.70904477226603,0.01145643513757888,0.6841555480019454,0.24811660463096374,0.0,,,,,,
d2_20_a,d2_20,a,common_grid,all5,artifact_peak_ratio,p11,complete,72.33741854666667,8.424090295596688,2.9679114352219447,0.01145643513757888,0.6841555480019454,0.0754267842286192,0.0,,,,,,
d2_20_a,d2_20,a,common_grid,all5,artifact_peak_ratio,p12,complete,72.33741854666667,7.948525349723502,0.4376960679634283,0.01145643513757888,0.6841555480019454,0.1038304854204142,0.0,,,,,,
d2_20_a,d2_20,a,common_grid,all5,missing_peak_ratio,p08,complete,72.33741854666667,23.946552874497655,10.039757908179812,0.023663745948406922,0.6895135978377953,0.19224898048229663,0.0,,,,,,
d2_20_a,d2_20,a,common_grid,all5,missing_peak_ratio,p09,complete,72.33741854666667,4.915475321907097,1.751709643036584,0.023663745948406922,0.6895135978377953,0.043736225904017975,0.0,,,,,,
d2_20_a,d2_20,a,common_grid,all5,missing_peak_ratio,p10,complete,72.33741854666667,25.25784726735487,7.304092908497118,0.023663745948406922,0.6895135978377953,0.24819456817186997,0.0,,,,,,
d2_20_a,d2_20,a,common_grid,all5,missing_peak_ratio,p11,complete,72.33741854666667,8.54894966957206,2.9407575618095207,0.023663745948406922,0.6895135978377953,0.07752823117602067,0.0,,,,,,
d2_20_a,d2_20,a,common_grid,all5,missing_peak_ratio,p12,complete,72.33741854666667,7.956819118283091,0.42346680473304515,0.023663745948406922,0.6895135978377953,0.10414184615518306,0.0,,,,,,
d2_20_a,d2_20,a,common_grid,no_axis,mse,p08,complete,49.07202291111112,9.5185607490099,7.968277445051788,0.4113272490938109,0.6605150049268055,0.0315919991064214,0.0,,,,,,
d2_20_a,d2_20,a,common_grid,no_axis,mse,p09,complete,49.07202291111112,9.450216641207394,1.4693568658456493,0.4113272490938109,0.6605150049268055,0.16263563843329315,0.0,,,,,,
d2_20_a,d2_20,a,common_grid,no_axis,mse,p10,complete,49.07202291111112,9.918585329398018,7.221581145312811,0.4113272490938109,0.6605150049268055,0.054960118293279875,0.0,,,,,,
d2_20_a,d2_20,a,common_grid,no_axis,rmse,p08,complete,49.07202291111112,9.505260358651526,7.96827744505179,0.41157770519225356,0.660560623843298,0.03132096095536602,0.0,,,,,,
d2_20_a,d2_20,a,common_grid,no_axis,rmse,p09,complete,49.07202291111112,9.460762525551406,1.467906757799672,0.41157770519225356,0.660560623843298,0.16288009528830638,0.0,,,,,,
d2_20_a,d2_20,a,common_grid,no_axis,rmse,p10,complete,49.07202291111112,9.909049448011384,7.220792640843489,0.41157770519225356,0.660560623843298,0.05478186240737197,0.0,,,,,,
d2_20_a,d2_20,a,common_grid,no_axis,mae,p08,complete,49.07202291111112,9.081157261998225,7.911729181228129,0.4257133402489415,0.6617131272797032,0.023830851295623057,0.0,,,,,,
d2_20_a,d2_20,a,common_grid,no_axis,mae,p09,complete,49.07202291111112,8.940085710279941,1.4715163577996722,0.4257133402489415,0.6617131272797032,0.1521960764896285,0.0,,,,,,
d2_20_a,d2_20,a,common_grid,no_axis,mae,p10,complete,49.07202291111112,10.160165152571253,7.217175629630732,0.4257133402489415,0.6617131272797032,0.05997285924551024,0.0,,,,,,
d2_20_a,d2_20,a,common_grid,no_axis,sam,p08,complete,49.07202291111112,10.70779338429982,8.053303580904604,0.35636655581552135,0.6295867849738135,0.0540937513051693,0.0,,,,,,
d2_20_a,d2_20,a,common_grid,no_axis,sam,p09,complete,49.07202291111112,9.924243605651736,1.9802524639968673,0.35636655581552135,0.6295867849738135,0.16188432166419112,0.0,,,,,,
d2_20_a,d2_20,a,common_grid,no_axis,sam,p10,complete,49.07202291111112,10.952358129426544,8.143369729441885,0.35636655581552135,0.6295867849738135,0.05724215618893174,0.0,,,,,,
d2_20_a,d2_20,a,common_grid,no_axis,pearson_r,p08,complete,49.07202291111112,10.281047801179797,8.622574463881675,0.39024086556115434,0.6366400922875652,0.033796718352171386,0.0,,,,,,
d2_20_a,d2_20,a,common_grid,no_axis,pearson_r,p09,complete,49.07202291111112,9.332934178473216,1.6151582800932405,0.39024086556115434,0.6366400922875652,0.1572744598762502,0.0,,,,,,
d2_20_a,d2_20,a,common_grid,no_axis,pearson_r,p10,complete,49.07202291111112,10.308132235789309,7.593072972268908,0.39024086556115434,0.6366400922875652,0.055328048497989356,0.0,,,,,,
d2_20_a,d2_20,a,common_grid,no_axis,nmse,p08,complete,49.07202291111112,10.74252897970234,9.0580609112673,0.3558729193988074,0.6080367057343987,0.03432644444852579,0.0,,,,,,
d2_20_a,d2_20,a,common_grid,no_axis,nmse,p09,complete,49.07202291111112,9.891390678937842,1.9571111058201067,0.3558729193988074,0.6080367057343987,0.16168641727873867,0.0,,,,,,
d2_20_a,d2_20,a,common_grid,no_axis,nmse,p10,complete,49.07202291111112,10.974699198288658,8.219259739428772,0.3558729193988074,0.6080367057343987,0.056150924608326824,0.0,,,,,,
d2_20_a,d2_20,a,common_grid,no_axis,wasserstein_1_cm1,p08,complete,49.07202291111112,10.368487100265346,8.893036205660291,0.5463396523511311,0.6068044819505831,0.030067048535530744,0.0,,,,,,
d2_20_a,d2_20,a,common_grid,no_axis,wasserstein_1_cm1,p09,complete,49.07202291111112,2.7311692553356384,2.0634299838161847,0.5463396523511311,0.6068044819505831,0.013607331263457277,0.0,,,,,,
d2_20_a,d2_20,a,common_grid,no_axis,wasserstein_1_cm1,p10,complete,49.07202291111112,9.162374618086945,8.338433280790717,0.5463396523511311,0.6068044819505831,0.016790449800463948,0.0,,,,,,
d2_20_a,d2_20,a,common_grid,no_axis,is_like_structure_to_noise,p08,complete,49.07202291111112,19.323417496296287,18.22062785,1.1102230246251565e-16,0.21996580815106026,0.022472879267558893,0.0,,,,,,
d2_20_a,d2_20,a,common_grid,no_axis,is_like_structure_to_noise,p09,complete,49.07202291111112,10.963377185185212,3.5120892838612177,1.1102230246251565e-16,0.21996580815106026,0.15184391144463782,0.0,,,,,,
d2_20_a,d2_20,a,common_grid,no_axis,is_like_structure_to_noise,p10,complete,49.07202291111112,18.785228229629617,16.5451386,1.1102230246251565e-16,0.21996580815106026,0.045649017438863335,0.0,,,,,,
d2_20_a,d2_20,a,common_grid,no_axis,precision,p08,complete,49.07202291111112,15.235701228182217,9.944857456969697,0.06611259715411932,0.6038116290445736,0.10781792673997433,0.0,,,,,,
d2_20_a,d2_20,a,common_grid,no_axis,precision,p09,complete,49.07202291111112,12.805308085605484,1.7878625874047414,0.06611259715411932,0.6038116290445736,0.2245158207184102,0.0,,,,,,
d2_20_a,d2_20,a,common_grid,no_axis,precision,p10,complete,49.07202291111112,17.78673471506341,7.70904477226603,0.06611259715411932,0.6038116290445736,0.2053652844320698,0.0,,,,,,
d2_20_a,d2_20,a,common_grid,no_axis,recall,p08,complete,49.07202291111112,14.768709583133642,10.039757908179812,0.09723011709322715,0.610866654217554,0.09636757146775539,0.0,,,,,,
d2_20_a,d2_20,a,common_grid,no_axis,recall,p09,complete,49.07202291111112,13.700720236468262,1.751709643036584,0.09723011709322715,0.610866654217554,0.24349945008535864,0.0,,,,,,
d2_20_a,d2_20,a,common_grid,no_axis,recall,p10,complete,49.07202291111112,15.831314557860356,7.304092908497118,0.09723011709322715,0.610866654217554,0.17376951557121287,0.0,,,,,,
d2_20_a,d2_20,a,common_grid,no_axis,f1,p08,complete,49.07202291111112,15.012141627629077,9.87037317504117,0.08641149072373566,0.6089481541064232,0.10478003855479297,0.0,,,,,,
d2_20_a,d2_20,a,common_grid,no_axis,f1,p09,complete,49.07202291111112,13.45824291683502,1.7734838864285722,0.08641149072373566,0.6089481541064232,0.2381144761766226,0.0,,,,,,
d2_20_a,d2_20,a,common_grid,no_axis,f1,p10,complete,49.07202291111112,16.361251714068604,7.54584807965215,0.08641149072373566,0.6089481541064232,0.17964214865127207,0.0,,,,,,
d2_20_a,d2_20,a,common_grid,no_axis,artifact_peak_ratio,p08,complete,49.07202291111112,15.235701228182217,9.944857456969697,0.06611259715411932,0.6038116290445736,0.10781792673997433,0.0,,,,,,
d2_20_a,d2_20,a,common_grid,no_axis,artifact_peak_ratio,p09,complete,49.07202291111112,12.805308085605484,1.7878625874047414,0.06611259715411932,0.6038116290445736,0.2245158207184102,0.0,,,,,,
d2_20_a,d2_20,a,common_grid,no_axis,artifact_peak_ratio,p10,complete,49.07202291111112,17.78673471506341,7.70904477226603,0.06611259715411932,0.6038116290445736,0.2053652844320698,0.0,,,,,,
d2_20_a,d2_20,a,common_grid,no_axis,missing_peak_ratio,p08,complete,49.07202291111112,14.768709583133642,10.039757908179812,0.09723011709322715,0.610866654217554,0.09636757146775539,0.0,,,,,,
d2_20_a,d2_20,a,common_grid,no_axis,missing_peak_ratio,p09,complete,49.07202291111112,13.700720236468262,1.751709643036584,0.09723011709322715,0.610866654217554,0.24349945008535864,0.0,,,,,,
d2_20_a,d2_20,a,common_grid,no_axis,missing_peak_ratio,p10,complete,49.07202291111112,15.831314557860356,7.304092908497118,0.09723011709322715,0.610866654217554,0.17376951557121287,0.0,,,,,,
d2_20_b,d2_20,b,native,all5,mse,p08,complete,67.56042023666666,12.390491568996994,0.24195021993284926,0.38364051855599923,0.7546272500438036,0.17981743314365647,0.0,,,,,,
d2_20_b,d2_20,b,native,all5,mse,p09,complete,67.56042023666666,6.8006896108052,5.656951600028995,0.38364051855599923,0.7546272500438036,0.016929113329515258,0.0,,,,,,
d2_20_b,d2_20,b,native,all5,mse,p10,complete,67.56042023666666,22.17534853674178,10.414706048371979,0.38364051855599923,0.7546272500438036,0.17407592266554633,0.0,,,,,,
d2_20_b,d2_20,b,native,all5,mse,p11,complete,67.56042023666666,0.15786039999999968,0.15231158333333306,0.38364051855599923,0.7546272500438036,8.213117454315569e-05,1.0,-0.02029166666666666,-0.015483333333333347,240,0.0055488166666666176,0.005548816666666623,5.204170427930421e-18
d2_20_b,d2_20,b,native,all5,mse,p12,complete,67.56042023666666,0.11711546666666656,0.11156664999999985,0.38364051855599923,0.7546272500438036,8.213117454315711e-05,1.0,-0.010674999999999995,-0.015483333333333347,240,0.0055488166666667095,0.005548816666666692,-1.734723475976807e-17
d2_20_b,d2_20,b,native,all5,rmse,p08,complete,67.56042023666666,12.390491568996993,0.24195021993284926,0.38364051855599923,0.754667297308801,0.17981743314365647,0.0,,,,,,
d2_20_b,d2_20,b,native,all5,rmse,p09,complete,67.56042023666666,6.8006896108052,5.65547920722496,0.38364051855599923,0.754667297308801,0.016950907048365396,0.0,,,,,,
d2_20_b,d2_20,b,native,all5,rmse,p10,complete,67.56042023666666,22.17534853674178,10.413472831123462,0.38364051855599923,0.754667297308801,0.17409417621169362,0.0,,,,,,
d2_20_b,d2_20,b,native,all5,rmse,p11,complete,67.56042023666666,0.15786039999999968,0.15231158333333306,0.38364051855599923,0.754667297308801,8.213117454315569e-05,1.0,,,,,,
d2_20_b,d2_20,b,native,all5,rmse,p12,complete,67.56042023666666,0.11711546666666656,0.11156664999999985,0.38364051855599923,0.754667297308801,8.213117454315711e-05,1.0,,,,,,
d2_20_b,d2_20,b,native,all5,mae,p08,complete,67.56042023666666,12.489121920489449,0.24013219326618257,0.380109696192499,0.7547801894222823,0.18130422641414312,0.0,,,,,,
d2_20_b,d2_20,b,native,all5,mae,p09,complete,67.56042023666666,6.922895709198887,5.652965302463055,0.380109696192499,0.7547801894222823,0.018796958371295174,0.0,,,,,,
d2_20_b,d2_20,b,native,all5,mae,p10,complete,67.56042023666666,22.19305592951473,10.41017772392384,0.380109696192499,0.7547801894222823,0.1744050460952586,0.0,,,,,,
d2_20_b,d2_20,b,native,all5,mae,p11,complete,67.56042023666666,0.15786039999999968,0.15231158333333306,0.380109696192499,0.7547801894222823,8.213117454315569e-05,1.0,,,,,,
d2_20_b,d2_20,b,native,all5,mae,p12,complete,67.56042023666666,0.11711546666666656,0.11156664999999985,0.380109696192499,0.7547801894222823,8.213117454315711e-05,1.0,,,,,,
d2_20_b,d2_20,b,native,all5,sam,p08,complete,67.56042023666666,11.535288139818284,0.23194918037409906,0.37148399132451093,0.725572632440578,0.1673071144295457,0.0,,,,,,
d2_20_b,d2_20,b,native,all5,sam,p09,complete,67.56042023666666,7.633905441195114,6.5950823041089635,0.37148399132451093,0.725572632440578,0.015376208931902937,0.0,,,,,,
d2_20_b,d2_20,b,native,all5,sam,p10,complete,67.56042023666666,23.01863622390841,11.449518558940337,0.37148399132451093,0.725572632440578,0.17124105540553214,0.0,,,,,,
d2_20_b,d2_20,b,native,all5,sam,p11,complete,67.56042023666666,0.15786039999999968,0.15231158333333306,0.37148399132451093,0.725572632440578,8.213117454315569e-05,1.0,,,,,,
d2_20_b,d2_20,b,native,all5,sam,p12,complete,67.56042023666666,0.11711546666666656,0.11156664999999985,0.37148399132451093,0.725572632440578,8.213117454315711e-05,1.0,,,,,,
d2_20_b,d2_20,b,native,all5,pearson_r,p08,complete,67.56042023666666,11.996115015940408,0.23882975511982613,0.37975659156891384,0.7415714926395132,0.17402623044134974,0.0,,,,,,
d2_20_b,d2_20,b,native,all5,pearson_r,p09,complete,67.56042023666666,7.254261405466343,6.129914752181238,0.37975659156891384,0.7415714926395132,0.01664209087726923,0.0,,,,,,
d2_20_b,d2_20,b,native,all5,pearson_r,p10,complete,67.56042023666666,22.378553034553235,10.826915817774601,0.37975659156891384,0.7415714926395132,0.17098231740289394,0.0,,,,,,
d2_20_b,d2_20,b,native,all5,pearson_r,p11,complete,67.56042023666666,0.15786039999999968,0.15231158333333306,0.37975659156891384,0.7415714926395132,8.213117454315569e-05,1.0,,,,,,
d2_20_b,d2_20,b,native,all5,pearson_r,p12,complete,67.56042023666666,0.11711546666666656,0.11156664999999985,0.37975659156891384,0.7415714926395132,8.213117454315711e-05,1.0,,,,,,
d2_20_b,d2_20,b,native,all5,nmse,p08,complete,67.56042023666666,11.777766037180818,0.24888264761904805,0.36742787831653223,0.7225159527134131,0.1706455251340306,0.0,,,,,,
d2_20_b,d2_20,b,native,all5,nmse,p09,complete,67.56042023666666,7.363284758069504,6.367820896033852,0.36742787831653223,0.7225159527134131,0.014734423772802286,0.0,,,,,,
d2_20_b,d2_20,b,native,all5,nmse,p10,complete,67.56042023666666,23.320811709017924,11.86635706666667,0.36742787831653223,0.7225159527134131,0.1695438631409615,0.0,,,,,,
d2_20_b,d2_20,b,native,all5,nmse,p11,complete,67.56042023666666,0.15786039999999968,0.15231158333333306,0.36742787831653223,0.7225159527134131,8.213117454315569e-05,1.0,,,,,,
d2_20_b,d2_20,b,native,all5,nmse,p12,complete,67.56042023666666,0.11711546666666656,0.11156664999999985,0.36742787831653223,0.7225159527134131,8.213117454315711e-05,1.0,,,,,,
d2_20_b,d2_20,b,native,all5,wasserstein_1_cm1,p08,complete,67.56042023666666,13.82938577342663,0.2421662256630829,0.2999308123191292,0.7174134451475975,0.20111212304729625,0.0,,,,,,
d2_20_b,d2_20,b,native,all5,wasserstein_1_cm1,p09,complete,67.56042023666666,9.301878885079088,6.874769435717424,0.2999308123191292,0.7174134451475975,0.03592502001703676,0.0,,,,,,
d2_20_b,d2_20,b,native,all5,wasserstein_1_cm1,p10,complete,67.56042023666666,23.828661369684347,11.713665748556835,0.2999308123191292,0.7174134451475975,0.1793209038470784,0.0,,,,,,
d2_20_b,d2_20,b,native,all5,wasserstein_1_cm1,p11,complete,67.56042023666666,0.22325642719388641,0.14988046146324402,0.2999308123191292,0.7174134451475975,0.0010860791788091856,0.0,,,,,,
d2_20_b,d2_20,b,native,all5,wasserstein_1_cm1,p12,complete,67.56042023666666,0.11378605907753768,0.11118452765957434,0.2999308123191292,0.7174134451475975,3.850673824777993e-05,0.0,,,,,,
d2_20_b,d2_20,b,native,all5,is_like_structure_to_noise,p08,complete,67.56042023666666,1.5635355393553199,0.24287876438356207,0.06858328336180286,0.552021487489425,0.019547788044323115,0.0,,,,,,
d2_20_b,d2_20,b,native,all5,is_like_structure_to_noise,p09,complete,67.56042023666666,10.297428774161611,9.896160964494381,0.06858328336180286,0.552021487489425,0.005939391854899272,0.0,,,,,,
d2_20_b,d2_20,b,native,all5,is_like_structure_to_noise,p10,complete,67.56042023666666,44.5939407177209,19.8626986,0.06858328336180286,0.552021487489425,0.3660611054680601,0.0,,,,,,
d2_20_b,d2_20,b,native,all5,is_like_structure_to_noise,p11,complete,67.56042023666666,3.518617077799184,0.15231158333333306,0.06858328336180286,0.552021487489425,0.04982659199977676,1.0,,,,,,
d2_20_b,d2_20,b,native,all5,is_like_structure_to_noise,p12,complete,67.56042023666666,2.953382682495857,0.11156664999999985,0.06858328336180286,0.552021487489425,0.04206332676056291,1.0,,,,,,
d2_20_b,d2_20,b,native,all5,precision,p08,complete,67.56042023666666,0.2855454083960751,0.24705767092594838,0.30805302534869927,0.7345244825650505,0.0005696787754620648,0.0,,,,,,
d2_20_b,d2_20,b,native,all5,precision,p09,complete,67.56042023666666,14.548983719129374,6.143992689275105,0.30805302534869927,0.7345244825650505,0.12440702707903938,0.0,,,,,,
d2_20_b,d2_20,b,native,all5,precision,p10,complete,67.56042023666666,24.0266938153108,11.28794989460037,0.30805302534869927,0.7345244825650505,0.18855335529421127,0.0,,,,,,
d2_20_b,d2_20,b,native,all5,precision,p11,complete,67.56042023666666,5.53935915773936,0.1468302337662335,0.30805302534869927,0.7345244825650505,0.0798178712489191,0.5,,,,,,
d2_20_b,d2_20,b,native,all5,precision,p12,complete,67.56042023666666,2.347646288356395,0.10980703188405783,0.30805302534869927,0.7345244825650505,0.03312352481871936,0.5,,,,,,
d2_20_b,d2_20,b,native,all5,recall,p08,complete,67.56042023666666,0.36051032080638507,0.2393521504799883,0.3005498659278941,0.7428843228697599,0.0017933306202355635,0.0,,,,,,
d2_20_b,d2_20,b,native,all5,recall,p09,complete,67.56042023666666,14.363516800386671,6.014956818120654,0.3005498659278941,0.7428843228697599,0.12357175921968369,0.0,,,,,,
d2_20_b,d2_20,b,native,all5,recall,p10,complete,67.56042023666666,24.47885391004352,10.859896962103187,0.3005498659278941,0.7428843228697599,0.20158188626169904,0.0,,,,,,
d2_20_b,d2_20,b,native,all5,recall,p11,complete,67.56042023666666,5.370216737727954,0.1468302337662335,0.3005498659278941,0.7428843228697599,0.07731429860359078,0.5,,,,,,
d2_20_b,d2_20,b,native,all5,recall,p12,complete,67.56042023666666,2.6820472235397803,0.10980703188405783,0.3005498659278941,0.7428843228697599,0.038073182236656754,0.5,,,,,,
d2_20_b,d2_20,b,native,all5,f1,p08,complete,67.56042023666666,0.3192305361838391,0.24108344503845713,0.3102152922666277,0.7392511173602978,0.0011566993051794203,0.0,,,,,,
d2_20_b,d2_20,b,native,all5,f1,p09,complete,67.56042023666666,14.59229185797085,6.127687918538052,0.3102152922666277,0.7392511173602978,0.12528939147774654,0.0,,,,,,
d2_20_b,d2_20,b,native,all5,f1,p10,complete,67.56042023666666,23.955649364188922,10.990895458152758,0.3102152922666277,0.7392511173602978,0.19189865694470443,0.0,,,,,,
d2_20_b,d2_20,b,native,all5,f1,p11,complete,67.56042023666666,5.570459488308449,0.1468302337662335,0.3102152922666277,0.7392511173602978,0.08027820483565735,0.5,,,,,,
d2_20_b,d2_20,b,native,all5,f1,p12,complete,67.56042023666666,2.164513480640867,0.10980703188405783,0.3102152922666277,0.7392511173602978,0.030412872530382374,0.5,,,,,,
d2_20_b,d2_20,b,native,all5,artifact_peak_ratio,p08,complete,67.56042023666666,0.2855454083960751,0.24705767092594838,0.30805302534869927,0.7345244825650505,0.0005696787754620648,0.0,,,,,,
d2_20_b,d2_20,b,native,all5,artifact_peak_ratio,p09,complete,67.56042023666666,14.548983719129374,6.143992689275105,0.30805302534869927,0.7345244825650505,0.12440702707903938,0.0,,,,,,
d2_20_b,d2_20,b,native,all5,artifact_peak_ratio,p10,complete,67.56042023666666,24.0266938153108,11.28794989460037,0.30805302534869927,0.7345244825650505,0.18855335529421127,0.0,,,,,,
d2_20_b,d2_20,b,native,all5,artifact_peak_ratio,p11,complete,67.56042023666666,5.53935915773936,0.1468302337662335,0.30805302534869927,0.7345244825650505,0.0798178712489191,0.5,,,,,,
d2_20_b,d2_20,b,native,all5,artifact_peak_ratio,p12,complete,67.56042023666666,2.347646288356395,0.10980703188405783,0.30805302534869927,0.7345244825650505,0.03312352481871936,0.5,,,,,,
d2_20_b,d2_20,b,native,all5,missing_peak_ratio,p08,complete,67.56042023666666,0.36051032080638507,0.2393521504799883,0.3005498659278941,0.7428843228697599,0.0017933306202355635,0.0,,,,,,
d2_20_b,d2_20,b,native,all5,missing_peak_ratio,p09,complete,67.56042023666666,14.363516800386671,6.014956818120654,0.3005498659278941,0.7428843228697599,0.12357175921968369,0.0,,,,,,
d2_20_b,d2_20,b,native,all5,missing_peak_ratio,p10,complete,67.56042023666666,24.47885391004352,10.859896962103187,0.3005498659278941,0.7428843228697599,0.20158188626169904,0.0,,,,,,
d2_20_b,d2_20,b,native,all5,missing_peak_ratio,p11,complete,67.56042023666666,5.370216737727954,0.1468302337662335,0.3005498659278941,0.7428843228697599,0.07731429860359078,0.5,,,,,,
d2_20_b,d2_20,b,native,all5,missing_peak_ratio,p12,complete,67.56042023666666,2.6820472235397803,0.10980703188405783,0.3005498659278941,0.7428843228697599,0.038073182236656754,0.5,,,,,,
d2_20_b,d2_20,b,native,no_axis,mse,p08,complete,51.97175955,12.390491568996994,0.24195021993284926,0.2040575482777941,0.6861063006219918,0.23375274291755516,0.0,,,,,,
d2_20_b,d2_20,b,native,no_axis,mse,p09,complete,51.97175955,6.8006896108052,5.656951600028995,0.2040575482777941,0.6861063006219918,0.02200691338294714,0.0,,,,,,
d2_20_b,d2_20,b,native,no_axis,mse,p10,complete,51.97175955,22.17534853674178,10.414706048371979,0.2040575482777941,0.6861063006219918,0.22628909604369546,0.0,,,,,,
d2_20_b,d2_20,b,native,no_axis,rmse,p08,complete,51.97175955,12.390491568996993,0.24195021993284926,0.2040575482777941,0.6861583598571607,0.23375274291755516,0.0,,,,,,
d2_20_b,d2_20,b,native,no_axis,rmse,p09,complete,51.97175955,6.8006896108052,5.65547920722496,0.2040575482777941,0.6861583598571607,0.022035244015136315,0.0,,,,,,
d2_20_b,d2_20,b,native,no_axis,rmse,p10,complete,51.97175955,22.17534853674178,10.413472831123462,0.2040575482777941,0.6861583598571607,0.2263128246466752,0.0,,,,,,
d2_20_b,d2_20,b,native,no_axis,mae,p08,complete,51.97175955,12.489121920489449,0.24013219326618257,0.19946767399367238,0.6863051133766535,0.235685492145768,0.0,,,,,,
d2_20_b,d2_20,b,native,no_axis,mae,p09,complete,51.97175955,6.922895709198887,5.652965302463055,0.19946767399367238,0.6863051133766535,0.024435008891974894,0.0,,,,,,
d2_20_b,d2_20,b,native,no_axis,mae,p10,complete,51.97175955,22.19305592951473,10.41017772392384,0.19946767399367238,0.6863051133766535,0.22671693834523812,0.0,,,,,,
d2_20_b,d2_20,b,native,no_axis,sam,p08,complete,51.97175955,11.535288139818284,0.23194918037409906,0.1882547335282243,0.6483369006231117,0.21749001875854682,0.0,,,,,,
d2_20_b,d2_20,b,native,no_axis,sam,p09,complete,51.97175955,7.633905441195114,6.5950823041089635,0.1882547335282243,0.6483369006231117,0.01998822333668997,0.0,,,,,,
d2_20_b,d2_20,b,native,no_axis,sam,p10,complete,51.97175955,23.01863622390841,11.449518558940337,0.1882547335282243,0.6483369006231117,0.2226039249996505,0.0,,,,,,
d2_20_b,d2_20,b,native,no_axis,pearson_r,p08,complete,51.97175955,11.996115015940408,0.23882975511982613,0.1990086574630897,0.6691345362565146,0.2262244988936608,0.0,,,,,,
d2_20_b,d2_20,b,native,no_axis,pearson_r,p09,complete,51.97175955,7.254261405466343,6.129914752181238,0.1990086574630897,0.6691345362565146,0.02163380002948362,0.0,,,,,,
d2_20_b,d2_20,b,native,no_axis,pearson_r,p10,complete,51.97175955,22.378553034553235,10.826915817774601,0.1990086574630897,0.6691345362565146,0.22226757987028048,0.0,,,,,,
d2_20_b,d2_20,b,native,no_axis,nmse,p08,complete,51.97175955,11.777766037180818,0.24888264761904805,0.1829820103855182,0.6443633856087221,0.22182976850091599,0.0,,,,,,
d2_20_b,d2_20,b,native,no_axis,nmse,p09,complete,51.97175955,7.363284758069504,6.367820896033852,0.1829820103855182,0.6443633856087221,0.019153938035866517,0.0,,,,,,
d2_20_b,d2_20,b,native,no_axis,nmse,p10,complete,51.97175955,23.320811709017924,11.86635706666667,0.1829820103855182,0.6443633856087221,0.2203976686864214,0.0,,,,,,
d2_20_b,d2_20,b,native,no_axis,wasserstein_1_cm1,p08,complete,51.97175955,13.82938577342663,0.2421662256630829,0.09845162293420429,0.6376762770207702,0.26143466500671037,0.0,,,,,,
d2_20_b,d2_20,b,native,no_axis,wasserstein_1_cm1,p09,complete,51.97175955,9.197008332445298,6.874769435717424,0.09845162293420429,0.6376762770207702,0.0446827068553209,0.0,,,,,,
d2_20_b,d2_20,b,native,no_axis,wasserstein_1_cm1,p10,complete,51.97175955,23.828661369684347,11.713665748556835,0.09845162293420429,0.6376762770207702,0.2331072822245348,0.0,,,,,,
d2_20_b,d2_20,b,native,no_axis,is_like_structure_to_noise,p08,complete,51.97175955,7.451662311260474,0.24287876438356207,0.01886096598628917,0.4227299866571874,0.13870578193416028,0.0,,,,,,
d2_20_b,d2_20,b,native,no_axis,is_like_structure_to_noise,p09,complete,51.97175955,11.896829690977057,9.896160964494381,0.01886096598628917,0.4227299866571874,0.03849530483103828,0.0,,,,,,
d2_20_b,d2_20,b,native,no_axis,is_like_structure_to_noise,p10,complete,51.97175955,31.643029958642323,19.8626986,0.01886096598628917,0.4227299866571874,0.2266679339056998,0.0,,,,,,
d2_20_b,d2_20,b,native,no_axis,precision,p08,complete,51.97175955,0.26261858641692226,0.24705767092594838,0.317650786652101,0.6598344868852641,0.00029941098061156207,0.0,,,,,,
d2_20_b,d2_20,b,native,no_axis,precision,p09,complete,51.97175955,15.223085327394587,6.143992689275105,0.317650786652101,0.6598344868852641,0.17469280849313637,0.0,,,,,,
d2_20_b,d2_20,b,native,no_axis,precision,p10,complete,51.97175955,19.977185331437152,11.28794989460037,0.317650786652101,0.6598344868852641,0.16719148075941526,0.0,,,,,,
d2_20_b,d2_20,b,native,no_axis,recall,p08,complete,51.97175955,0.40466863429337485,0.2393521504799883,0.310767016548233,0.6707018180856679,0.0031808906460890933,0.0,,,,,,
d2_20_b,d2_20,b,native,no_axis,recall,p09,complete,51.97175955,15.230390104601886,6.014956818120654,0.310767016548233,0.6707018180856679,0.17731616874767198,0.0,,,,,,
d2_20_b,d2_20,b,native,no_axis,recall,p10,complete,51.97175955,20.185592150989102,10.859896962103187,0.310767016548233,0.6707018180856679,0.1794377421436737,0.0,,,,,,
d2_20_b,d2_20,b,native,no_axis,f1,p08,complete,51.97175955,0.38094490638222334,0.24108344503845713,0.31656456523902476,0.6659788513600697,0.0026911049876849166,0.0,,,,,,
d2_20_b,d2_20,b,native,no_axis,f1,p09,complete,51.97175955,15.318784492451805,6.127687918538052,0.31656456523902476,0.6659788513600697,0.17684790073484732,0.0,,,,,,
d2_20_b,d2_20,b,native,no_axis,f1,p10,complete,51.97175955,19.819612684513093,10.990895458152758,0.31656456523902476,0.6659788513600697,0.16987528039851277,0.0,,,,,,
d2_20_b,d2_20,b,native,no_axis,artifact_peak_ratio,p08,complete,51.97175955,0.26261858641692226,0.24705767092594838,0.317650786652101,0.6598344868852641,0.00029941098061156207,0.0,,,,,,
d2_20_b,d2_20,b,native,no_axis,artifact_peak_ratio,p09,complete,51.97175955,15.223085327394587,6.143992689275105,0.317650786652101,0.6598344868852641,0.17469280849313637,0.0,,,,,,
d2_20_b,d2_20,b,native,no_axis,artifact_peak_ratio,p10,complete,51.97175955,19.977185331437152,11.28794989460037,0.317650786652101,0.6598344868852641,0.16719148075941526,0.0,,,,,,
d2_20_b,d2_20,b,native,no_axis,missing_peak_ratio,p08,complete,51.97175955,0.40466863429337485,0.2393521504799883,0.310767016548233,0.6707018180856679,0.0031808906460890933,0.0,,,,,,
d2_20_b,d2_20,b,native,no_axis,missing_peak_ratio,p09,complete,51.97175955,15.230390104601886,6.014956818120654,0.310767016548233,0.6707018180856679,0.17731616874767198,0.0,,,,,,
d2_20_b,d2_20,b,native,no_axis,missing_peak_ratio,p10,complete,51.97175955,20.185592150989102,10.859896962103187,0.310767016548233,0.6707018180856679,0.1794377421436737,0.0,,,,,,
d2_20_b,d2_20,b,common_grid,all5,mse,p08,complete,67.56042023666666,10.580141207920477,0.24195021993284926,0.3219764438363739,0.7543551079302777,0.15302141330341879,0.0,,,,,,
d2_20_b,d2_20,b,common_grid,all5,mse,p09,complete,67.56042023666666,6.303267272825311,5.675897301660697,0.3219764438363739,0.7543551079302777,0.009286057857054676,0.0,,,,,,
d2_20_b,d2_20,b,common_grid,all5,mse,p10,complete,67.56042023666666,26.33699446008933,10.414706048371979,0.3219764438363739,0.7543551079302777,0.23567479829078894,0.0,,,,,,
d2_20_b,d2_20,b,common_grid,all5,mse,p11,complete,67.56042023666666,2.1804458842885226,0.15181258577405832,0.3219764438363739,0.7543551079302777,0.030026949083621537,0.0,,,,,,
d2_20_b,d2_20,b,common_grid,all5,mse,p12,complete,67.56042023666666,0.4067075596501002,0.11150598148148133,0.3219764438363739,0.7543551079302777,0.004369445559019863,0.0,,,,,,
d2_20_b,d2_20,b,common_grid,all5,rmse,p08,complete,67.56042023666666,10.590973612108884,0.24195021993284926,0.3224921125903516,0.754675581243031,0.15318174984588645,0.0,,,,,,
d2_20_b,d2_20,b,common_grid,all5,rmse,p09,complete,67.56042023666666,6.288849404425569,5.65547920722496,0.3224921125903516,0.754675581243031,0.009374870597043228,0.0,,,,,,
d2_20_b,d2_20,b,common_grid,all5,rmse,p10,complete,67.56042023666666,26.308397523286782,10.413472831123462,0.3224921125903516,0.754675581243031,0.23526977239754884,0.0,,,,,,
d2_20_b,d2_20,b,common_grid,all5,rmse,p11,complete,67.56042023666666,2.187090790496649,0.15181258577405832,0.3224921125903516,0.754675581243031,0.030125304099544316,0.0,,,,,,
d2_20_b,d2_20,b,common_grid,all5,rmse,p12,complete,67.56042023666666,0.3974062567341998,0.11150598148148133,0.3224921125903516,0.754675581243031,0.004231771712656599,0.0,,,,,,
d2_20_b,d2_20,b,common_grid,all5,mae,p08,complete,67.56042023666666,11.020872213472469,0.24013219326618257,0.3180302535250945,0.7547875753674484,0.15957183188679044,0.0,,,,,,
d2_20_b,d2_20,b,common_grid,all5,mae,p09,complete,67.56042023666666,6.431614306375472,5.652965302463055,0.3180302535250945,0.7547875753674484,0.011525224401872878,0.0,,,,,,
d2_20_b,d2_20,b,common_grid,all5,mae,p10,complete,67.56042023666666,26.069897740012067,10.41017772392384,0.3180302535250945,0.7547875753674484,0.23178837492768176,0.0,,,,,,
d2_20_b,d2_20,b,common_grid,all5,mae,p11,complete,67.56042023666666,2.276934274369985,0.15181258577405832,0.3180302535250945,0.7547875753674484,0.031455128330338186,0.0,,,,,,
d2_20_b,d2_20,b,common_grid,all5,mae,p12,complete,67.56042023666666,0.2748441263076424,0.11156664999999986,0.3180302535250945,0.7547875753674484,0.0024167622956706818,0.0,,,,,,
d2_20_b,d2_20,b,common_grid,all5,sam,p08,complete,67.56042023666666,8.49425457113639,0.2391468241863404,0.3520302906641579,0.7241185916899524,0.12218851981725547,0.0,,,,,,
d2_20_b,d2_20,b,common_grid,all5,sam,p09,complete,67.56042023666666,6.9536484372274385,6.6283405452713975,0.3520302906641579,0.7241185916899524,0.004815066141040519,0.0,,,,,,
d2_20_b,d2_20,b,common_grid,all5,sam,p10,complete,67.56042023666666,25.853985493743703,11.507797275678445,0.3520302906641579,0.7241185916899524,0.2123460476978981,0.0,,,,,,
d2_20_b,d2_20,b,common_grid,all5,sam,p11,complete,67.56042023666666,2.162815626902628,0.15181258577405832,0.3520302906641579,0.7241185916899524,0.029765993670316907,0.0,,,,,,
d2_20_b,d2_20,b,common_grid,all5,sam,p12,complete,67.56042023666666,0.3124017343500826,0.11156664999999985,0.3520302906641579,0.7241185916899524,0.002972673699283545,0.0,,,,,,
d2_20_b,d2_20,b,common_grid,all5,pearson_r,p08,complete,67.56042023666666,7.487221561192541,0.2388613106753817,0.22935471911909155,0.7413579082925603,0.10728708058839606,0.0,,,,,,
d2_20_b,d2_20,b,common_grid,all5,pearson_r,p09,complete,67.56042023666666,7.563342400355211,6.1419546999754715,0.22935471911909155,0.7413579082925603,0.021038763456481847,0.0,,,,,,
d2_20_b,d2_20,b,common_grid,all5,pearson_r,p10,complete,67.56042023666666,29.811529475911158,10.829836311620756,0.22935471911909155,0.7413579082925603,0.28095877879084863,0.0,,,,,,
d2_20_b,d2_20,b,common_grid,all5,pearson_r,p11,complete,67.56042023666666,6.436313102939103,0.15181258577405832,0.22935471911909155,0.7413579082925603,0.09302044740323115,0.0,,,,,,
d2_20_b,d2_20,b,common_grid,all5,pearson_r,p12,complete,67.56042023666666,0.766712489320171,0.11150349859943964,0.22935471911909155,0.7413579082925603,0.009698118934510917,0.0,,,,,,
d2_20_b,d2_20,b,common_grid,all5,nmse,p08,complete,67.56042023666666,7.582059404250035,0.24634733777777823,0.3816504750565014,0.7266024768432622,0.10858002423275322,0.0,,,,,,
d2_20_b,d2_20,b,common_grid,all5,nmse,p09,complete,67.56042023666666,7.028323595457239,6.367188762315272,0.3816504750565014,0.7266024768432622,0.009785830680537328,0.0,,,,,,
d2_20_b,d2_20,b,common_grid,all5,nmse,p10,complete,67.56042023666666,24.98927391364672,11.593936990142527,0.3816504750565014,0.7266024768432622,0.19827195977437428,0.0,,,,,,
d2_20_b,d2_20,b,common_grid,all5,nmse,p11,complete,67.56042023666666,1.9046211928402048,0.1518118158974356,0.3816504750565014,0.7266024768432622,0.025944323182162173,0.0,,,,,,
d2_20_b,d2_20,b,common_grid,all5,nmse,p12,complete,67.56042023666666,0.2716756521317527,0.11156664999999986,0.3816504750565014,0.7266024768432622,0.0023698639169336877,0.0,,,,,,
d2_20_b,d2_20,b,common_grid,all5,wasserstein_1_cm1,p08,complete,67.56042023666666,13.822483324543532,0.2421662256630829,0.3025970377126874,0.717494737527451,0.20100995599654495,0.0,,,,,,
d2_20_b,d2_20,b,common_grid,all5,wasserstein_1_cm1,p09,complete,67.56042023666666,9.194987766485333,6.868754411353027,0.3025970377126874,0.717494737527451,0.034431895879028354,0.0,,,,,,
d2_20_b,d2_20,b,common_grid,all5,wasserstein_1_cm1,p10,complete,67.56042023666666,23.824416756904963,11.719176141126422,0.3025970377126874,0.717494737527451,0.17917651449433608,0.0,,,,,,
d2_20_b,d2_20,b,common_grid,all5,wasserstein_1_cm1,p11,complete,67.56042023666666,0.15754300793092185,0.14631313580246888,0.3025970377126874,0.717494737527451,0.00016621969030261068,0.0,,,,,,
d2_20_b,d2_20,b,common_grid,all5,wasserstein_1_cm1,p12,complete,67.56042023666666,0.11740635056228359,0.1097643377702255,0.3025970377126874,0.717494737527451,0.00011311375455167152,0.0,,,,,,
d2_20_b,d2_20,b,common_grid,all5,is_like_structure_to_noise,p08,complete,67.56042023666666,1.56428711672592,0.24389837492354785,0.06862310900506119,0.5520532613123126,0.019543820733752118,0.0,,,,,,
d2_20_b,d2_20,b,common_grid,all5,is_like_structure_to_noise,p09,complete,67.56042023666666,10.294940757033597,9.896220083542003,0.06862310900506119,0.5520532613123126,0.005901690251405515,0.0,,,,,,
d2_20_b,d2_20,b,common_grid,all5,is_like_structure_to_noise,p10,complete,67.56042023666666,44.59067282269288,19.8626986,0.06862310900506119,0.5520532613123126,0.36601273550504676,0.0,,,,,,
d2_20_b,d2_20,b,common_grid,all5,is_like_structure_to_noise,p11,complete,67.56042023666666,3.5198228773803684,0.15154530821381978,0.06862310900506119,0.5520532613123126,0.049855781793057934,0.0,,,,,,
d2_20_b,d2_20,b,common_grid,all5,is_like_structure_to_noise,p12,complete,67.56042023666666,2.954490580505369,0.10910754270509963,0.06862310900506119,0.5520532613123126,0.04211612402398899,0.0,,,,,,
d2_20_b,d2_20,b,common_grid,all5,precision,p08,complete,67.56042023666666,0.25946366808346977,0.24108986038394464,0.0684722722954959,0.7434591813038844,0.0002719611221357272,0.0,,,,,,
d2_20_b,d2_20,b,common_grid,all5,precision,p09,complete,67.56042023666666,9.98706391457252,5.597940660842907,0.0684722722954959,0.7434591813038844,0.06496589628001646,0.0,,,,,,
d2_20_b,d2_20,b,common_grid,all5,precision,p10,complete,67.56042023666666,39.50534245394272,11.229904757714479,0.0684722722954959,0.7434591813038844,0.4185207492371767,0.0,,,,,,
d2_20_b,d2_20,b,common_grid,all5,precision,p11,complete,67.56042023666666,8.309536717039371,0.15150359002674463,0.0684722722954959,0.7434591813038844,0.12075166345080053,0.0,,,,,,
d2_20_b,d2_20,b,common_grid,all5,precision,p12,complete,67.56042023666666,4.8729979921854,0.11156664999999986,0.0684722722954959,0.7434591813038844,0.07047663891825909,0.0,,,,,,
d2_20_b,d2_20,b,common_grid,all5,recall,p08,complete,67.56042023666666,0.32783865515364596,0.24567029898381232,0.10285121973978328,0.7520391406823448,0.0012162203237042462,0.0,,,,,,
d2_20_b,d2_20,b,common_grid,all5,recall,p09,complete,67.56042023666666,8.463133381324118,5.482565364182493,0.10285121973978328,0.7520391406823448,0.04411707337965905,0.0,,,,,,
d2_20_b,d2_20,b,common_grid,all5,recall,p10,complete,67.56042023666666,39.6982302060908,10.761142628249093,0.10285121973978328,0.7520391406823448,0.4283142034415123,0.0,,,,,,
d2_20_b,d2_20,b,common_grid,all5,recall,p11,complete,67.56042023666666,7.4354655669041305,0.1513949163303737,0.10285121973978328,0.7520391406823448,0.10781565042161353,0.0,,,,,,
d2_20_b,d2_20,b,common_grid,all5,recall,p12,complete,67.56042023666666,4.6870807997204675,0.11156664999999985,0.10285121973978328,0.7520391406823448,0.06772477337607243,0.0,,,,,,
d2_20_b,d2_20,b,common_grid,all5,f1,p08,complete,67.56042023666666,0.2922936306441376,0.24227443838383886,0.07302123486836198,0.7455296606922797,0.0007403623613512118,0.0,,,,,,
d2_20_b,d2_20,b,common_grid,all5,f1,p09,complete,67.56042023666666,9.541238729510223,5.597869540016861,0.07302123486836198,0.7455296606922797,0.058368038204611436,0.0,,,,,,
d2_20_b,d2_20,b,common_grid,all5,f1,p10,complete,67.56042023666666,39.50568891240735,11.088647655853183,0.07302123486836198,0.7455296606922797,0.42061670364109943,0.0,,,,,,
d2_20_b,d2_20,b,common_grid,all5,f1,p11,complete,67.56042023666666,8.513462853350076,0.15176477714285685,0.07302123486836198,0.7455296606922797,0.12376622358055027,0.0,,,,,,
d2_20_b,d2_20,b,common_grid,all5,f1,p12,complete,67.56042023666666,4.774390796848008,0.11156664999999985,0.07302123486836198,0.7455296606922797,0.06901709803630532,0.0,,,,,,
d2_20_b,d2_20,b,common_grid,all5,artifact_peak_ratio,p08,complete,67.56042023666666,0.25946366808346977,0.24108986038394464,0.0684722722954959,0.7434591813038844,0.0002719611221357272,0.0,,,,,,
d2_20_b,d2_20,b,common_grid,all5,artifact_peak_ratio,p09,complete,67.56042023666666,9.98706391457252,5.597940660842907,0.0684722722954959,0.7434591813038844,0.06496589628001646,0.0,,,,,,
d2_20_b,d2_20,b,common_grid,all5,artifact_peak_ratio,p10,complete,67.56042023666666,39.50534245394272,11.229904757714479,0.0684722722954959,0.7434591813038844,0.4185207492371767,0.0,,,,,,
d2_20_b,d2_20,b,common_grid,all5,artifact_peak_ratio,p11,complete,67.56042023666666,8.309536717039371,0.15150359002674463,0.0684722722954959,0.7434591813038844,0.12075166345080053,0.0,,,,,,
d2_20_b,d2_20,b,common_grid,all5,artifact_peak_ratio,p12,complete,67.56042023666666,4.8729979921854,0.11156664999999986,0.0684722722954959,0.7434591813038844,0.07047663891825909,0.0,,,,,,
d2_20_b,d2_20,b,common_grid,all5,missing_peak_ratio,p08,complete,67.56042023666666,0.32783865515364596,0.24567029898381232,0.10285121973978328,0.7520391406823448,0.0012162203237042462,0.0,,,,,,
d2_20_b,d2_20,b,common_grid,all5,missing_peak_ratio,p09,complete,67.56042023666666,8.463133381324118,5.482565364182493,0.10285121973978328,0.7520391406823448,0.04411707337965905,0.0,,,,,,
d2_20_b,d2_20,b,common_grid,all5,missing_peak_ratio,p10,complete,67.56042023666666,39.6982302060908,10.761142628249093,0.10285121973978328,0.7520391406823448,0.4283142034415123,0.0,,,,,,
d2_20_b,d2_20,b,common_grid,all5,missing_peak_ratio,p11,complete,67.56042023666666,7.4354655669041305,0.1513949163303737,0.10285121973978328,0.7520391406823448,0.10781565042161353,0.0,,,,,,
d2_20_b,d2_20,b,common_grid,all5,missing_peak_ratio,p12,complete,67.56042023666666,4.6870807997204675,0.11156664999999985,0.10285121973978328,0.7520391406823448,0.06772477337607243,0.0,,,,,,
d2_20_b,d2_20,b,common_grid,no_axis,mse,p08,complete,51.97175955,12.105991119045541,0.24195021993284926,0.2101332135283026,0.6857417622304549,0.22827860749449438,0.0,,,,,,
d2_20_b,d2_20,b,common_grid,no_axis,mse,p09,complete,51.97175955,6.804249781020812,5.675897301660697,0.2101332135283026,0.6857417622304549,0.02171087700570483,0.0,,,,,,
d2_20_b,d2_20,b,common_grid,no_axis,mse,p10,complete,51.97175955,22.1405258029719,10.414706048371979,0.2101332135283026,0.6857417622304549,0.22561906420195313,0.0,,,,,,
d2_20_b,d2_20,b,common_grid,no_axis,rmse,p08,complete,51.97175955,12.106740402350248,0.24195021993284926,0.21023463142618926,0.6861583598571607,0.22829302461854784,0.0,,,,,,
d2_20_b,d2_20,b,common_grid,no_axis,rmse,p09,complete,51.97175955,6.795051970635995,5.65547920722496,0.21023463142618926,0.6861583598571607,0.02192676894679114,0.0,,,,,,
d2_20_b,d2_20,b,common_grid,no_axis,rmse,p10,complete,51.97175955,22.143703463448972,10.413472831123462,0.21023463142618926,0.6861583598571607,0.22570393486563242,0.0,,,,,,
d2_20_b,d2_20,b,common_grid,no_axis,mae,p08,complete,51.97175955,12.476894466618695,0.24013219326618257,0.19953292594401706,0.6863051133766535,0.23545022102974988,0.0,,,,,,
d2_20_b,d2_20,b,common_grid,no_axis,mae,p09,complete,51.97175955,6.935683730250143,5.652965302463055,0.19953292594401706,0.6863051133766535,0.02468106600379838,0.0,,,,,,
d2_20_b,d2_20,b,common_grid,no_axis,mae,p10,complete,51.97175955,22.189104103660743,10.41017772392384,0.19953292594401706,0.6863051133766535,0.22664090039908805,0.0,,,,,,
d2_20_b,d2_20,b,common_grid,no_axis,sam,p08,complete,51.97175955,9.87845737378999,0.2391468241863404,0.24155112717482952,0.6464371265425787,0.18547208393685508,0.0,,,,,,
d2_20_b,d2_20,b,common_grid,no_axis,sam,p09,complete,51.97175955,7.516398477025042,6.6283405452713975,0.24155112717482952,0.6464371265425787,0.017087317024532922,0.0,,,,,,
d2_20_b,d2_20,b,common_grid,no_axis,sam,p10,complete,51.97175955,22.02306659862326,11.507797275678445,0.24155112717482952,0.6464371265425787,0.2023265984063612,0.0,,,,,,
d2_20_b,d2_20,b,common_grid,no_axis,pearson_r,p08,complete,51.97175955,11.99189955815158,0.2388613106753817,0.19958923990959576,0.6688460719573308,0.22614278118040354,0.0,,,,,,
d2_20_b,d2_20,b,common_grid,no_axis,pearson_r,p09,complete,51.97175955,7.230212543723375,6.1419546999754715,0.19958923990959576,0.6688460719573308,0.020939407346809796,0.0,,,,,,
d2_20_b,d2_20,b,common_grid,no_axis,pearson_r,p10,complete,51.97175955,22.37664346277627,10.829836311620756,0.19958923990959576,0.6688460719573308,0.22217464352052163,0.0,,,,,,
d2_20_b,d2_20,b,common_grid,no_axis,nmse,p08,complete,51.97175955,8.766465810016092,0.24634733777777823,0.2690201081366381,0.6496660253975262,0.16393746423077016,0.0,,,,,,
d2_20_b,d2_20,b,common_grid,no_axis,nmse,p09,complete,51.97175955,7.5437225673837425,6.367188762315272,0.2690201081366381,0.6496660253975262,0.02263794443858638,0.0,,,,,,
d2_20_b,d2_20,b,common_grid,no_axis,nmse,p10,complete,51.97175955,21.68012279840781,11.593936990142527,0.2690201081366381,0.6496660253975262,0.1940705085915315,0.0,,,,,,
d2_20_b,d2_20,b,common_grid,no_axis,wasserstein_1_cm1,p08,complete,51.97175955,13.822483324543532,0.2421662256630829,0.09879506050211462,0.6376859867515774,0.26130185347708607,0.0,,,,,,
d2_20_b,d2_20,b,common_grid,no_axis,wasserstein_1_cm1,p09,complete,51.97175955,9.1903063394079,6.868754411353027,0.09879506050211462,0.6376859867515774,0.04466948874073426,0.0,,,,,,
d2_20_b,d2_20,b,common_grid,no_axis,wasserstein_1_cm1,p10,complete,51.97175955,23.824416756904963,11.719176141126422,0.09879506050211462,0.6376859867515774,0.23291958403164242,0.0,,,,,,
d2_20_b,d2_20,b,common_grid,no_axis,is_like_structure_to_noise,p08,complete,51.97175955,7.451662311260483,0.24389837492354785,0.0189172661133582,0.42270923058510246,0.13868616338460943,0.0,,,,,,
d2_20_b,d2_20,b,common_grid,no_axis,is_like_structure_to_noise,p09,complete,51.97175955,11.893903674310394,9.896220083542003,0.0189172661133582,0.42270923058510246,0.0384378671814353,0.0,,,,,,
d2_20_b,d2_20,b,common_grid,no_axis,is_like_structure_to_noise,p10,complete,51.97175955,31.64302995864231,19.8626986,0.0189172661133582,0.42270923058510246,0.22666793390569956,0.0,,,,,,
d2_20_b,d2_20,b,common_grid,no_axis,precision,p08,complete,51.97175955,0.27046784441000044,0.24108986038394464,0.3236397663637366,0.6715728806041293,0.0005652682202878346,0.0,,,,,,
d2_20_b,d2_20,b,common_grid,no_axis,precision,p09,complete,51.97175955,14.810743657958778,5.597940660842907,0.3236397663637366,0.6715728806041293,0.17726555877432995,0.0,,,,,,
d2_20_b,d2_20,b,common_grid,no_axis,precision,p10,complete,51.97175955,20.070419929356937,11.229904757714479,0.3236397663637366,0.6715728806041293,0.17010228724577514,0.0,,,,,,
d2_20_b,d2_20,b,common_grid,no_axis,recall,p08,complete,51.97175955,0.42299610720428227,0.24567029898381232,0.3157297352343875,0.6827242634425027,0.003411964685357086,0.0,,,,,,
d2_20_b,d2_20,b,common_grid,no_axis,recall,p09,complete,51.97175955,14.693559601216036,5.482565364182493,0.3157297352343875,0.6827242634425027,0.17723075602572208,0.0,,,,,,
d2_20_b,d2_20,b,common_grid,no_axis,recall,p10,complete,51.97175955,20.446173959192926,10.761142628249093,0.3157297352343875,0.6827242634425027,0.18635180749703587,0.0,,,,,,
d2_20_b,d2_20,b,common_grid,no_axis,f1,p08,complete,51.97175955,0.3776061407892599,0.24227443838383886,0.3232811418297207,0.6742694151432884,0.002603946904572736,0.0,,,,,,
d2_20_b,d2_20,b,common_grid,no_axis,f1,p09,complete,51.97175955,14.784458176077415,5.597869540016861,0.3232811418297207,0.6742694151432884,0.17676116251601015,0.0,,,,,,
d2_20_b,d2_20,b,common_grid,no_axis,f1,p10,complete,51.97175955,20.00820546290964,11.088647655853183,0.3232811418297207,0.6742694151432884,0.17162316389298493,0.0,,,,,,
d2_20_b,d2_20,b,common_grid,no_axis,artifact_peak_ratio,p08,complete,51.97175955,0.27046784441000044,0.24108986038394464,0.3236397663637366,0.6715728806041293,0.0005652682202878346,0.0,,,,,,
d2_20_b,d2_20,b,common_grid,no_axis,artifact_peak_ratio,p09,complete,51.97175955,14.810743657958778,5.597940660842907,0.3236397663637366,0.6715728806041293,0.17726555877432995,0.0,,,,,,
d2_20_b,d2_20,b,common_grid,no_axis,artifact_peak_ratio,p10,complete,51.97175955,20.070419929356937,11.229904757714479,0.3236397663637366,0.6715728806041293,0.17010228724577514,0.0,,,,,,
d2_20_b,d2_20,b,common_grid,no_axis,missing_peak_ratio,p08,complete,51.97175955,0.42299610720428227,0.24567029898381232,0.3157297352343875,0.6827242634425027,0.003411964685357086,0.0,,,,,,
d2_20_b,d2_20,b,common_grid,no_axis,missing_peak_ratio,p09,complete,51.97175955,14.693559601216036,5.482565364182493,0.3157297352343875,0.6827242634425027,0.17723075602572208,0.0,,,,,,
d2_20_b,d2_20,b,common_grid,no_axis,missing_peak_ratio,p10,complete,51.97175955,20.446173959192926,10.761142628249093,0.3157297352343875,0.6827242634425027,0.18635180749703587,0.0,,,,,,
d4_a,d4,a,native,all5,mse,p08,complete,2533335.4922231953,374471.9340807925,358200.5172350118,0.5330898330037978,0.7755237877838075,0.00642292222871011,0.0,,,,,,
d4_a,d4,a,native,all5,mse,p09,complete,2533335.4922231953,366486.7347329514,939.1188031384391,0.5330898330037978,0.7755237877838075,0.14429498858400985,0.0,,,,,,
d4_a,d4,a,native,all5,mse,p10,complete,2533335.4922231953,441881.2412193266,209533.73630409723,0.5330898330037978,0.7755237877838075,0.09171604220147199,0.0,,,,,,
d4_a,d4,a,native,all5,mse,p11,complete,2533335.4922231953,0.11027865282584967,0.1080419484310321,0.5330898330037978,0.7755237877838075,8.829088771241679e-10,1.0,0.0013440463797569852,0.0002647177895518735,1920,0.0022367043948175753,0.0022367043948175735,-1.734723475976807e-18
d4_a,d4,a,native,all5,mse,p12,complete,2533335.4922231953,0.0774196148766339,0.07518291048181634,0.5330898330037978,0.7755237877838075,8.829088771241621e-10,1.0,-0.0008146108006532349,0.0002647177895518735,1920,0.002236704394817562,0.0022367043948175597,-2.168404344971009e-18
d4_a,d4,a,native,all5,rmse,p08,complete,2533335.4922231953,374080.6460924011,358263.02112811676,0.533371533299802,0.775530316046297,0.006243794007087169,0.0,,,,,,
d4_a,d4,a,native,all5,rmse,p09,complete,2533335.4922231953,366617.2914740307,939.1188031384393,0.533371533299802,0.775530316046297,0.14434652409578083,0.0,,,,,,
d4_a,d4,a,native,all5,rmse,p10,complete,2533335.4922231953,441428.3311086011,209454.69413192518,0.533371533299802,0.775530316046297,0.0915684628778091,0.0,,,,,,
d4_a,d4,a,native,all5,rmse,p11,complete,2533335.4922231953,0.11027865282584967,0.1080419484310321,0.533371533299802,0.775530316046297,8.829088771241679e-10,1.0,,,,,,
d4_a,d4,a,native,all5,rmse,p12,complete,2533335.4922231953,0.0774196148766339,0.07518291048181634,0.533371533299802,0.775530316046297,8.829088771241621e-10,1.0,,,,,,
d4_a,d4,a,native,all5,mae,p08,complete,2533335.4922231953,362890.87363220623,361630.8023665026,0.5353361433179842,0.7714533859327168,0.0004973961283737985,0.0,,,,,,
d4_a,d4,a,native,all5,mae,p09,complete,2533335.4922231953,299977.33205737936,932.694004203425,0.5353361433179842,0.7714533859327168,0.11804383547744852,0.0,,,,,,
d4_a,d4,a,native,all5,mae,p10,complete,2533335.4922231953,514281.0466980095,216421.5694485204,0.5353361433179842,0.7714533859327168,0.11757600924309267,0.0,,,,,,
d4_a,d4,a,native,all5,mae,p11,complete,2533335.4922231953,0.11027865282584967,0.1080419484310321,0.5353361433179842,0.7714533859327168,8.829088771241679e-10,1.0,,,,,,
d4_a,d4,a,native,all5,mae,p12,complete,2533335.4922231953,0.0774196148766339,0.07518291048181634,0.5353361433179842,0.7714533859327168,8.829088771241621e-10,1.0,,,,,,
d4_a,d4,a,native,all5,sam,p08,complete,2533335.4922231953,376198.4963541713,350516.3200091043,0.5398941445079175,0.7748795826664853,0.010137692549567898,0.0,,,,,,
d4_a,d4,a,native,all5,sam,p09,complete,2533335.4922231953,344791.32899486925,977.0593228920202,0.5398941445079175,0.7748795826664853,0.1357160434247317,0.0,,,,,,
d4_a,d4,a,native,all5,sam,p10,complete,2533335.4922231953,444612.4808505009,218811.9806982354,0.5398941445079175,0.7748795826664853,0.08913170041845045,0.0,,,,,,
d4_a,d4,a,native,all5,sam,p11,complete,2533335.4922231953,0.11027865282584967,0.1080419484310321,0.5398941445079175,0.7748795826664853,8.829088771241679e-10,1.0,,,,,,
d4_a,d4,a,native,all5,sam,p12,complete,2533335.4922231953,0.0774196148766339,0.07518291048181634,0.5398941445079175,0.7748795826664853,8.829088771241621e-10,1.0,,,,,,
d4_a,d4,a,native,all5,pearson_r,p08,complete,2533335.4922231953,430048.1646841147,411232.532791681,0.4848697475591902,0.7017325547249857,0.007427216786009468,0.0,,,,,,
d4_a,d4,a,native,all5,pearson_r,p09,complete,2533335.4922231953,322313.4305635055,2582.194380964527,0.4848697475591902,0.7017325547249857,0.12620959093813208,0.0,,,,,,
d4_a,d4,a,native,all5,pearson_r,p10,complete,2533335.4922231953,552635.9686803098,341796.59489242884,0.4848697475591902,0.7017325547249857,0.0832259976758362,0.0,,,,,,
d4_a,d4,a,native,all5,pearson_r,p11,complete,2533335.4922231953,0.11027865282584967,0.1080419484310321,0.4848697475591902,0.7017325547249857,8.829088771241679e-10,1.0,,,,,,
d4_a,d4,a,native,all5,pearson_r,p12,complete,2533335.4922231953,0.0774196148766339,0.07518291048181634,0.4848697475591902,0.7017325547249857,8.829088771241621e-10,1.0,,,,,,
d4_a,d4,a,native,all5,nmse,p08,complete,2533335.4922231953,375382.9032759033,370961.6915446502,0.5862372378137262,0.7649269578717864,0.001745213669814097,0.0,,,,,,
d4_a,d4,a,native,all5,nmse,p09,complete,2533335.4922231953,286881.56180687284,977.0026088458742,0.5862372378137262,0.7649269578717864,0.1128569666653681,0.0,,,,,,
d4_a,d4,a,native,all5,nmse,p10,complete,2533335.4922231953,385935.23802574887,223580.00350992684,0.5862372378137262,0.7649269578717864,0.06408753795706029,0.0,,,,,,
d4_a,d4,a,native,all5,nmse,p11,complete,2533335.4922231953,0.11027865282584967,0.1080419484310321,0.5862372378137262,0.7649269578717864,8.829088771241679e-10,1.0,,,,,,
d4_a,d4,a,native,all5,nmse,p12,complete,2533335.4922231953,0.0774196148766339,0.07518291048181634,0.5862372378137262,0.7649269578717864,8.829088771241621e-10,1.0,,,,,,
d4_a,d4,a,native,all5,wasserstein_1_cm1,p08,complete,2533335.4922231953,606941.3836162854,368176.90530580503,0.5148732061385779,0.74440848304492,0.0942490558567694,0.0,,,,,,
d4_a,d4,a,native,all5,wasserstein_1_cm1,p09,complete,2533335.4922231953,9673.182027724879,1292.675802461846,0.5148732061385779,0.74440848304492,0.0033080917434699895,0.0,,,,,,
d4_a,d4,a,native,all5,wasserstein_1_cm1,p10,complete,2533335.4922231953,612373.1673255155,278029.31488140626,0.5148732061385779,0.74440848304492,0.13197772402055483,0.0,,,,,,
d4_a,d4,a,native,all5,wasserstein_1_cm1,p11,complete,2533335.4922231953,1.0964183606645481,0.09302479789462888,0.5148732061385779,0.74440848304492,3.960760688231485e-07,0.0,,,,,,
d4_a,d4,a,native,all5,wasserstein_1_cm1,p12,complete,2533335.4922231953,0.09572969999241632,0.07239899989790975,0.5148732061385779,0.74440848304492,9.209479031153555e-09,0.0,,,,,,
d4_a,d4,a,native,all5,is_like_structure_to_noise,p08,complete,2533335.4922231953,895417.5105070274,804560.1497778742,1.2297457490095809e-06,0.254572508648896,0.03586471709257063,0.0,,,,,,
d4_a,d4,a,native,all5,is_like_structure_to_noise,p09,complete,2533335.4922231953,58271.58126734654,16978.70086763538,1.2297457490095809e-06,0.254572508648896,0.016299807319824625,0.0,,,,,,
d4_a,d4,a,native,all5,is_like_structure_to_noise,p10,complete,2533335.4922231953,1368137.3822825174,1066878.886848282,1.2297457490095809e-06,0.254572508648896,0.11891772580419581,0.0,,,,,,
d4_a,d4,a,native,all5,is_like_structure_to_noise,p11,complete,2533335.4922231953,105722.2082572432,0.1080419484310321,1.2297457490095809e-06,0.254572508648896,0.04173237241567068,1.0,,,,,,
d4_a,d4,a,native,all5,is_like_structure_to_noise,p12,complete,2533335.4922231953,105783.69455050856,0.07518291048181634,1.2297457490095809e-06,0.254572508648896,0.04175665627088533,1.0,,,,,,
d4_a,d4,a,native,all5,precision,p08,complete,2533335.4922231953,762051.817590128,467814.33361981774,0.1110575661516886,0.6678891427379554,0.11614627627235209,0.0,,,,,,
d4_a,d4,a,native,all5,precision,p09,complete,2533335.4922231953,175264.97573383962,7934.7526274460415,0.1110575661516886,0.6678891427379554,0.06605134756926669,0.0,,,,,,
d4_a,d4,a,native,all5,precision,p10,complete,2533335.4922231953,1184094.6826926842,365598.9666709085,0.1110575661516886,0.6678891427379554,0.3230901388838488,0.0,,,,,,
d4_a,d4,a,native,all5,precision,p11,complete,2533335.4922231953,67934.60346995931,0.09532919382855447,0.1110575661516886,0.6678891427379554,0.026816230360846433,0.2755208333333333,,,,,,
d4_a,d4,a,native,all5,precision,p12,complete,2533335.4922231953,62643.33872458594,0.07380724286038959,0.1110575661516886,0.6678891427379554,0.024727583499952795,0.28125,,,,,,
d4_a,d4,a,native,all5,recall,p08,complete,2533335.4922231953,729488.7781811957,414386.5723155531,0.1190534939774186,0.733518111554923,0.1243823436859981,0.0005208333333333333,,,,,,
d4_a,d4,a,native,all5,recall,p09,complete,2533335.4922231953,178094.85484985204,7194.101126929738,0.1190534939774186,0.733518111554923,0.06746076634837807,0.0,,,,,,
d4_a,d4,a,native,all5,recall,p10,complete,2533335.4922231953,1187313.3724996655,253507.18345365638,0.1190534939774186,0.733518111554923,0.3686073920775977,0.0,,,,,,
d4_a,d4,a,native,all5,recall,p11,complete,2533335.4922231953,68891.59780913198,0.09532919382855447,0.1190534939774186,0.733518111554923,0.027193990962278983,0.2755208333333333,,,,,,
d4_a,d4,a,native,all5,recall,p12,complete,2533335.4922231953,67944.447117175,0.07380724286038959,0.1190534939774186,0.733518111554923,0.026820124503251542,0.28125,,,,,,
d4_a,d4,a,native,all5,f1,p08,complete,2533335.4922231953,728246.5342005349,400512.97808064974,0.11908793766464021,0.728288780217063,0.12936839874780026,0.0,,,,,,
d4_a,d4,a,native,all5,f1,p09,complete,2533335.4922231953,177293.7594596961,7271.580311171083,0.11908793766464021,0.728288780217063,0.06711396089087182,0.0,,,,,,
d4_a,d4,a,native,all5,f1,p10,complete,2533335.4922231953,1189077.3654077724,280550.94918311376,0.11908793766464021,0.728288780217063,0.3586285428888684,0.0,,,,,,
d4_a,d4,a,native,all5,f1,p11,complete,2533335.4922231953,68596.2279677084,0.09532919382855447,0.11908793766464021,0.728288780217063,0.027077397703182314,0.2755208333333333,,,,,,
d4_a,d4,a,native,all5,f1,p12,complete,2533335.4922231953,68431.90600598702,0.07380724286038959,0.11908793766464021,0.728288780217063,0.027012542321700164,0.28125,,,,,,
d4_a,d4,a,native,all5,artifact_peak_ratio,p08,complete,2533335.4922231953,762051.817590128,467814.33361981774,0.1110575661516886,0.6678891427379554,0.11614627627235209,0.0,,,,,,
d4_a,d4,a,native,all5,artifact_peak_ratio,p09,complete,2533335.4922231953,175264.97573383962,7934.7526274460415,0.1110575661516886,0.6678891427379554,0.06605134756926669,0.0,,,,,,
d4_a,d4,a,native,all5,artifact_peak_ratio,p10,complete,2533335.4922231953,1184094.6826926842,365598.9666709085,0.1110575661516886,0.6678891427379554,0.3230901388838488,0.0,,,,,,
d4_a,d4,a,native,all5,artifact_peak_ratio,p11,complete,2533335.4922231953,67934.60346995931,0.09532919382855447,0.1110575661516886,0.6678891427379554,0.026816230360846433,0.2755208333333333,,,,,,
d4_a,d4,a,native,all5,artifact_peak_ratio,p12,complete,2533335.4922231953,62643.33872458594,0.07380724286038959,0.1110575661516886,0.6678891427379554,0.024727583499952795,0.28125,,,,,,
d4_a,d4,a,native,all5,missing_peak_ratio,p08,complete,2533335.4922231953,729488.7781811957,414386.5723155531,0.1190534939774186,0.733518111554923,0.1243823436859981,0.0005208333333333333,,,,,,
d4_a,d4,a,native,all5,missing_peak_ratio,p09,complete,2533335.4922231953,178094.85484985204,7194.101126929738,0.1190534939774186,0.733518111554923,0.06746076634837807,0.0,,,,,,
d4_a,d4,a,native,all5,missing_peak_ratio,p10,complete,2533335.4922231953,1187313.3724996655,253507.18345365638,0.1190534939774186,0.733518111554923,0.3686073920775977,0.0,,,,,,
d4_a,d4,a,native,all5,missing_peak_ratio,p11,complete,2533335.4922231953,68891.59780913198,0.09532919382855447,0.1190534939774186,0.733518111554923,0.027193990962278983,0.2755208333333333,,,,,,
d4_a,d4,a,native,all5,missing_peak_ratio,p12,complete,2533335.4922231953,67944.447117175,0.07380724286038959,0.1190534939774186,0.733518111554923,0.026820124503251542,0.28125,,,,,,
d4_a,d4,a,native,no_axis,mse,p08,complete,2180808.3124278425,374471.9340807925,358200.5172350118,0.45761399418170656,0.7392373419059666,0.007461186181772228,0.0,,,,,,
d4_a,d4,a,native,no_axis,mse,p09,complete,2180808.3124278425,366486.7347329514,939.1188031384391,0.45761399418170656,0.7392373419059666,0.16762024147040114,0.0,,,,,,
d4_a,d4,a,native,no_axis,mse,p10,complete,2180808.3124278425,441881.2412193266,209533.73630409723,0.45761399418170656,0.7392373419059666,0.10654192007208665,0.0,,,,,,
d4_a,d4,a,native,no_axis,rmse,p08,complete,2180808.3124278425,374080.6460924011,358263.02112811676,0.4579412312680523,0.7392449254606389,0.007253101922871443,0.0,,,,,,
d4_a,d4,a,native,no_axis,rmse,p09,complete,2180808.3124278425,366617.2914740307,939.1188031384393,0.4579412312680523,0.7392449254606389,0.16768010768621447,0.0,,,,,,
d4_a,d4,a,native,no_axis,rmse,p10,complete,2180808.3124278425,441428.3311086011,209454.69413192518,0.4579412312680523,0.7392449254606389,0.10637048458350067,0.0,,,,,,
d4_a,d4,a,native,no_axis,mae,p08,complete,2180808.3124278425,362890.87363220623,361630.8023665026,0.46022342005973815,0.7345089604988455,0.0005778001021561316,0.0,,,,,,
d4_a,d4,a,native,no_axis,mae,p09,complete,2180808.3124278425,299977.33205737936,932.694004203425,0.46022342005973815,0.7345089604988455,0.13712559528914148,0.0,,,,,,
d4_a,d4,a,native,no_axis,mae,p10,complete,2180808.3124278425,514281.0466980095,216421.5694485204,0.46022342005973815,0.7345089604988455,0.13658214504780988,0.0,,,,,,
d4_a,d4,a,native,no_axis,sam,p08,complete,2180808.3124278425,376198.4963541713,350516.3200091043,0.46551822113063035,0.7384890011743745,0.011776448300710873,0.0,,,,,,
d4_a,d4,a,native,no_axis,sam,p09,complete,2180808.3124278425,344791.32899486925,977.0593228920202,0.46551822113063035,0.7384890011743745,0.1576545117297434,0.0,,,,,,
d4_a,d4,a,native,no_axis,sam,p10,complete,2180808.3124278425,444612.4808505009,218811.9806982354,0.46551822113063035,0.7384890011743745,0.10353982001329001,0.0,,,,,,
d4_a,d4,a,native,no_axis,pearson_r,p08,complete,2180808.3124278425,430048.1646841147,411232.532791681,0.4015991426247332,0.6535177723970292,0.008627824731411939,0.0,,,,,,
d4_a,d4,a,native,no_axis,pearson_r,p09,complete,2180808.3124278425,322313.4305635055,2582.194380964527,0.4015991426247332,0.6535177723970292,0.14661134330811115,0.0,,,,,,
d4_a,d4,a,native,no_axis,pearson_r,p10,complete,2180808.3124278425,552635.9686803098,341796.59489242884,0.4015991426247332,0.6535177723970292,0.09667946173277307,0.0,,,,,,
d4_a,d4,a,native,no_axis,nmse,p08,complete,2180808.3124278425,375382.9032759033,370961.6915446502,0.5193526651860616,0.7269275367900419,0.0020273270722868412,0.0,,,,,,
d4_a,d4,a,native,no_axis,nmse,p09,complete,2180808.3124278425,286881.56180687284,977.0026088458742,0.5193526651860616,0.7269275367900419,0.1311002702845241,0.0,,,,,,
d4_a,d4,a,native,no_axis,nmse,p10,complete,2180808.3124278425,385935.23802574887,223580.00350992684,0.5193526651860616,0.7269275367900419,0.07444727424716929,0.0,,,,,,
d4_a,d4,a,native,no_axis,wasserstein_1_cm1,p08,complete,2180808.3124278425,606941.3836162854,368176.90530580503,0.43645411530336686,0.7030922468977441,0.10948439482270199,0.0,,,,,,
d4_a,d4,a,native,no_axis,wasserstein_1_cm1,p09,complete,2180808.3124278425,9670.998839119167,1292.675802461846,0.43645411530336686,0.7030922468977441,0.0038418429482827542,0.0,,,,,,
d4_a,d4,a,native,no_axis,wasserstein_1_cm1,p10,complete,2180808.3124278425,612373.1673255155,278029.31488140626,0.43645411530336686,0.7030922468977441,0.15331189382339255,0.0,,,,,,
d4_a,d4,a,native,no_axis,is_like_structure_to_noise,p08,complete,2180808.3124278425,811719.739157144,804560.1497778742,2.220446049250313e-16,0.1340744040949382,0.0032829980234710334,0.0,,,,,,
d4_a,d4,a,native,no_axis,is_like_structure_to_noise,p09,complete,2180808.3124278425,191946.5014161811,16978.70086763538,2.220446049250313e-16,0.1340744040949382,0.0802307105816917,0.0,,,,,,
d4_a,d4,a,native,no_axis,is_like_structure_to_noise,p10,complete,2180808.3124278425,1177142.0718545169,1066878.886848282,2.220446049250313e-16,0.1340744040949382,0.050560695489775306,0.0,,,,,,
d4_a,d4,a,native,no_axis,precision,p08,complete,2180808.3124278425,699949.176847388,467814.33361981774,0.03994776918999299,0.614203573911767,0.10644440499639331,0.0,,,,,,
d4_a,d4,a,native,no_axis,precision,p09,complete,2180808.3124278425,261553.1772009462,7934.7526274460415,0.03994776918999299,0.614203573911767,0.1162956061420881,0.0,,,,,,
d4_a,d4,a,native,no_axis,precision,p10,complete,2180808.3124278425,1132187.5312670227,365598.9666709085,0.03994776918999299,0.614203573911767,0.3515157935832927,0.0,,,,,,
d4_a,d4,a,native,no_axis,recall,p08,complete,2180808.3124278425,665604.7738234344,414386.5723155531,0.05252743189801534,0.690441450975313,0.11519499447808229,0.0005208333333333333,,,,,,
d4_a,d4,a,native,no_axis,recall,p09,complete,2180808.3124278425,275300.5113070864,7194.101126929738,0.05252743189801534,0.690441450975313,0.12293900782214097,0.0,,,,,,
d4_a,d4,a,native,no_axis,recall,p10,complete,2180808.3124278425,1125350.7671836426,253507.18345365638,0.05252743189801534,0.690441450975313,0.39978001677707437,0.0,,,,,,
d4_a,d4,a,native,no_axis,f1,p08,complete,2180808.3124278425,665318.8919077062,400512.97808064974,0.052593901490949335,0.6843667993870461,0.12142557982652506,0.0,,,,,,
d4_a,d4,a,native,no_axis,f1,p09,complete,2180808.3124278425,275569.773819516,7271.580311171083,0.052593901490949335,0.6843667993870461,0.12302694921850095,0.0,,,,,,
d4_a,d4,a,native,no_axis,f1,p10,complete,2180808.3124278425,1125222.429146147,280550.94918311376,0.052593901490949335,0.6843667993870461,0.38732036885107085,0.0,,,,,,
d4_a,d4,a,native,no_axis,artifact_peak_ratio,p08,complete,2180808.3124278425,699949.176847388,467814.33361981774,0.03994776918999299,0.614203573911767,0.10644440499639331,0.0,,,,,,
d4_a,d4,a,native,no_axis,artifact_peak_ratio,p09,complete,2180808.3124278425,261553.1772009462,7934.7526274460415,0.03994776918999299,0.614203573911767,0.1162956061420881,0.0,,,,,,
d4_a,d4,a,native,no_axis,artifact_peak_ratio,p10,complete,2180808.3124278425,1132187.5312670227,365598.9666709085,0.03994776918999299,0.614203573911767,0.3515157935832927,0.0,,,,,,
d4_a,d4,a,native,no_axis,missing_peak_ratio,p08,complete,2180808.3124278425,665604.7738234344,414386.5723155531,0.05252743189801534,0.690441450975313,0.11519499447808229,0.0005208333333333333,,,,,,
d4_a,d4,a,native,no_axis,missing_peak_ratio,p09,complete,2180808.3124278425,275300.5113070864,7194.101126929738,0.05252743189801534,0.690441450975313,0.12293900782214097,0.0,,,,,,
d4_a,d4,a,native,no_axis,missing_peak_ratio,p10,complete,2180808.3124278425,1125350.7671836426,253507.18345365638,0.05252743189801534,0.690441450975313,0.39978001677707437,0.0,,,,,,
d4_a,d4,a,common_grid,all5,mse,p08,complete,2533335.4922231953,377949.90393598855,358901.4978585001,0.5290272625757547,0.7752079101336495,0.00751910125443831,0.0,,,,,,
d4_a,d4,a,common_grid,all5,mse,p09,complete,2533335.4922231953,370614.5818146976,937.2592268981085,0.5290272625757547,0.7752079101336495,0.14592513455980494,0.0,,,,,,
d4_a,d4,a,common_grid,all5,mse,p10,complete,2533335.4922231953,444559.6481998048,209634.8895725771,0.5290272625757547,0.7752079101336495,0.0927333783260832,0.0,,,,,,
d4_a,d4,a,common_grid,all5,mse,p11,complete,2533335.4922231953,5.21281883979749,0.10087693627574762,0.5290272625757547,0.7752079101336495,2.0178700844062396e-06,0.0,,,,,,
d4_a,d4,a,common_grid,all5,mse,p12,complete,2533335.4922231953,2.6048170253621254,0.03209454001220698,0.5290272625757547,0.7752079101336495,1.0155474840374013e-06,0.0,,,,,,
d4_a,d4,a,common_grid,all5,rmse,p08,complete,2533335.4922231953,378132.5291137409,358901.4978585001,0.5291726612039915,0.7752074225040422,0.0075911900789595345,0.0,,,,,,
d4_a,d4,a,common_grid,all5,rmse,p09,complete,2533335.4922231953,370194.7884031225,938.4972151854213,0.5291726612039915,0.7752074225040422,0.1457589380962276,0.0,,,,,,
d4_a,d4,a,common_grid,all5,rmse,p10,complete,2533335.4922231953,444436.1159920298,209634.8895725771,0.5291726612039915,0.7752074225040422,0.092684615654043,0.0,,,,,,
d4_a,d4,a,common_grid,all5,rmse,p11,complete,2533335.4922231953,0.1016786722462224,0.098173975296469,0.5291726612039915,0.7752074225040422,1.3834318275301794e-09,0.0,,,,,,
d4_a,d4,a,common_grid,all5,rmse,p12,complete,2533335.4922231953,0.07289335765109241,0.03213860519273105,0.5291726612039915,0.7752074225040422,1.6087388576629446e-08,0.0,,,,,,
d4_a,d4,a,common_grid,all5,mae,p08,complete,2533335.4922231953,361946.5326462238,360353.09337588586,0.5357010399945255,0.77205420507519,0.0006289886496397622,0.0,,,,,,
d4_a,d4,a,common_grid,all5,mae,p09,complete,2533335.4922231953,301232.58178853383,932.6940022078552,0.5357010399945255,0.77205420507519,0.1185393283709099,0.0,,,,,,
d4_a,d4,a,common_grid,all5,mae,p10,complete,2533335.4922231953,513045.76024416357,216177.22794319017,0.5357010399945255,0.77205420507519,0.11718484709676119,0.0,,,,,,
d4_a,d4,a,common_grid,all5,mae,p11,complete,2533335.4922231953,0.08465953029660818,0.08456596769778066,0.5357010399945255,0.77205420507519,3.693257332664064e-11,0.0,,,,,,
d4_a,d4,a,common_grid,all5,mae,p12,complete,2533335.4922231953,0.07504573482677657,0.07269879971074622,0.5357010399945255,0.77205420507519,9.264209668379675e-10,0.0,,,,,,
d4_a,d4,a,common_grid,all5,sam,p08,complete,2533335.4922231953,378940.2957568344,355677.91787535,0.5346062562916605,0.7729925715838493,0.009182509759522547,0.0,,,,,,
d4_a,d4,a,common_grid,all5,sam,p09,complete,2533335.4922231953,354088.8551054263,977.059372444516,0.5346062562916605,0.7729925715838493,0.1393861163738322,0.0,,,,,,
d4_a,d4,a,common_grid,all5,sam,p10,complete,2533335.4922231953,445969.1620166448,218430.8677252236,0.5346062562916605,0.7729925715838493,0.08981767120459003,0.0,,,,,,
d4_a,d4,a,common_grid,all5,sam,p11,complete,2533335.4922231953,0.10050250941221578,0.09829332766761226,0.5346062562916605,0.7729925715838493,8.72044682350691e-10,0.0,,,,,,
d4_a,d4,a,common_grid,all5,sam,p12,complete,2533335.4922231953,0.07541354689209154,0.03213860519273105,0.5346062562916605,0.7729925715838493,1.7082199271358027e-08,0.0,,,,,,
d4_a,d4,a,common_grid,all5,pearson_r,p08,complete,2533335.4922231953,429612.5270514638,410806.9892115799,0.48463994416363343,0.7019205110696456,0.0074232322949774835,0.0,,,,,,
d4_a,d4,a,common_grid,all5,pearson_r,p09,complete,2533335.4922231953,323047.97958690417,2581.2262225372724,0.48463994416363343,0.7019205110696456,0.12649992642037827,0.0,,,,,,
d4_a,d4,a,common_grid,all5,pearson_r,p10,complete,2533335.4922231953,552919.1237059735,341746.95814730553,0.48463994416363343,0.7019205110696456,0.08335736273656681,0.0,,,,,,
d4_a,d4,a,common_grid,all5,pearson_r,p11,complete,2533335.4922231953,0.21179942089550038,0.10367145580970519,0.48463994416363343,0.7019205110696456,4.268205510787071e-08,0.0,,,,,,
d4_a,d4,a,common_grid,all5,pearson_r,p12,complete,2533335.4922231953,0.07858063287127505,0.07155813955092662,0.48463994416363343,0.7019205110696456,2.7720344746702446e-09,0.0,,,,,,
d4_a,d4,a,common_grid,all5,nmse,p08,complete,2533335.4922231953,384585.17372077017,370242.12584561785,0.5500781852177347,0.7672298460386153,0.005661724599518093,0.0,,,,,,
d4_a,d4,a,common_grid,all5,nmse,p09,complete,2533335.4922231953,339938.4256653241,977.0052315856778,0.5500781852177347,0.7672298460386153,0.13380044667367524,0.0,,,,,,
d4_a,d4,a,common_grid,all5,nmse,p10,complete,2533335.4922231953,415274.001529045,218465.6284666083,0.5500781852177347,0.7672298460386153,0.0776874494778117,0.0,,,,,,
d4_a,d4,a,common_grid,all5,nmse,p11,complete,2533335.4922231953,2.9510173048954,0.10092228152462829,0.5500781852177347,0.7672298460386153,1.125036550476619e-06,0.0,,,,,,
d4_a,d4,a,common_grid,all5,nmse,p12,complete,2533335.4922231953,2.3501809391894906,0.032094540012206976,0.5500781852177347,0.7672298460386153,9.150333251530717e-07,0.0,,,,,,
d4_a,d4,a,common_grid,all5,wasserstein_1_cm1,p08,complete,2533335.4922231953,606498.6692224949,367992.72504986974,0.5151767473577167,0.7447797854675283,0.09414700299458482,0.0,,,,,,
d4_a,d4,a,common_grid,all5,wasserstein_1_cm1,p09,complete,2533335.4922231953,9673.13981956352,1303.7231021613188,0.5151767473577167,0.7447797854675283,0.0033037143098869222,0.0,,,,,,
d4_a,d4,a,common_grid,all5,wasserstein_1_cm1,p10,complete,2533335.4922231953,612047.9862686387,277261.8216532927,0.5151767473577167,0.7447797854675283,0.13215232078146338,0.0,,,,,,
d4_a,d4,a,common_grid,all5,wasserstein_1_cm1,p11,complete,2533335.4922231953,0.08289034199382185,0.08286126798134419,0.5151767473577167,0.7447797854675283,1.1476574092498692e-11,0.0,,,,,,
d4_a,d4,a,common_grid,all5,wasserstein_1_cm1,p12,complete,2533335.4922231953,0.07517275030713877,0.07514133688587354,0.5151767473577167,0.7447797854675283,1.2400024142749314e-11,0.0,,,,,,
d4_a,d4,a,common_grid,all5,is_like_structure_to_noise,p08,complete,2533335.4922231953,895417.5105070274,804560.1497778744,1.2297457490095809e-06,0.2545709022006901,0.035864717092570615,0.0,,,,,,
d4_a,d4,a,common_grid,all5,is_like_structure_to_noise,p09,complete,2533335.4922231953,58271.5812673465,16982.775362020682,1.2297457490095809e-06,0.2545709022006901,0.01629819896814841,0.0,,,,,,
d4_a,d4,a,common_grid,all5,is_like_structure_to_noise,p10,complete,2533335.4922231953,1368137.3822825174,1066878.886848282,1.2297457490095809e-06,0.2545709022006901,0.11891772580419581,0.0,,,,,,
d4_a,d4,a,common_grid,all5,is_like_structure_to_noise,p11,complete,2533335.4922231953,105722.20825724314,0.10660980794744271,1.2297457490095809e-06,0.2545709022006901,0.04173237298098878,0.0,,,,,,
d4_a,d4,a,common_grid,all5,is_like_structure_to_noise,p12,complete,2533335.4922231953,105783.69455050847,0.0717929220902653,1.2297457490095809e-06,0.2545709022006901,0.041756657609037476,0.0,,,,,,
d4_a,d4,a,common_grid,all5,precision,p08,complete,2533335.4922231953,953111.5881464814,472588.8355027415,0.03569167422764419,0.6638773631111793,0.18967987229438948,0.0,,,,,,
d4_a,d4,a,common_grid,all5,precision,p09,complete,2533335.4922231953,149469.00170302088,7540.200554362738,0.03569167422764419,0.6638773631111793,0.056024479025517764,0.0,,,,,,
d4_a,d4,a,common_grid,all5,precision,p10,complete,2533335.4922231953,1162900.572384593,371382.20170906617,0.03569167422764419,0.6638773631111793,0.3124411958484461,0.0,,,,,,
d4_a,d4,a,common_grid,all5,precision,p11,complete,2533335.4922231953,123038.75033916568,0.09314592382756055,0.03569167422764419,0.6638773631111793,0.04856784960813304,0.0,,,,,,
d4_a,d4,a,common_grid,all5,precision,p12,complete,2533335.4922231953,54396.59455217469,0.07485800473564246,0.03569167422764419,0.6638773631111793,0.021472292107048506,0.0,,,,,,
d4_a,d4,a,common_grid,all5,recall,p08,complete,2533335.4922231953,928946.100538326,406836.6308008683,0.03384050785256032,0.7364075456643135,0.2060956676840566,0.0,,,,,,
d4_a,d4,a,common_grid,all5,recall,p09,complete,2533335.4922231953,146007.69598807872,6998.354040442793,0.03384050785256032,0.7364075456643135,0.054872061901933326,0.0,,,,,,
d4_a,d4,a,common_grid,all5,recall,p10,complete,2533335.4922231953,1176076.8184917022,253932.97048651354,0.03384050785256032,0.7364075456643135,0.3640038403267058,0.0,,,,,,
d4_a,d4,a,common_grid,all5,recall,p11,complete,2533335.4922231953,132047.20141226362,0.09249332858959683,0.03384050785256032,0.7364075456643135,0.05212381436422132,0.0,,,,,,
d4_a,d4,a,common_grid,all5,recall,p12,complete,2533335.4922231953,64528.31617507643,0.07222966332274783,0.03384050785256032,0.7364075456643135,0.02547165353483626,0.0,,,,,,
d4_a,d4,a,common_grid,all5,f1,p08,complete,2533335.4922231953,939429.0554171704,397791.91433038266,0.03794243064507474,0.7279612959776842,0.21380395243721148,0.0,,,,,,
d4_a,d4,a,common_grid,all5,f1,p09,complete,2533335.4922231953,150906.64041957285,7024.797336787788,0.03794243064507474,0.7279612959776842,0.05679541597410684,0.0,,,,,,
d4_a,d4,a,common_grid,all5,f1,p10,complete,2533335.4922231953,1161201.1128871567,284348.4252211054,0.03794243064507474,0.7279612959776842,0.34612576595472794,0.0,,,,,,
d4_a,d4,a,common_grid,all5,f1,p11,complete,2533335.4922231953,126855.44079794415,0.09300893701274361,0.03794243064507474,0.7279612959776842,0.050074436717294744,0.0,,,,,,
d4_a,d4,a,common_grid,all5,f1,p12,complete,2533335.4922231953,58822.33648696639,0.0742609208622182,0.03794243064507474,0.7279612959776842,0.02321929424926838,0.0,,,,,,
d4_a,d4,a,common_grid,all5,artifact_peak_ratio,p08,complete,2533335.4922231953,953111.5881464814,472588.8355027415,0.03569167422764419,0.6638773631111793,0.18967987229438948,0.0,,,,,,
d4_a,d4,a,common_grid,all5,artifact_peak_ratio,p09,complete,2533335.4922231953,149469.00170302088,7540.200554362738,0.03569167422764419,0.6638773631111793,0.056024479025517764,0.0,,,,,,
d4_a,d4,a,common_grid,all5,artifact_peak_ratio,p10,complete,2533335.4922231953,1162900.572384593,371382.20170906617,0.03569167422764419,0.6638773631111793,0.3124411958484461,0.0,,,,,,
d4_a,d4,a,common_grid,all5,artifact_peak_ratio,p11,complete,2533335.4922231953,123038.75033916568,0.09314592382756055,0.03569167422764419,0.6638773631111793,0.04856784960813304,0.0,,,,,,
d4_a,d4,a,common_grid,all5,artifact_peak_ratio,p12,complete,2533335.4922231953,54396.59455217469,0.07485800473564246,0.03569167422764419,0.6638773631111793,0.021472292107048506,0.0,,,,,,
d4_a,d4,a,common_grid,all5,missing_peak_ratio,p08,complete,2533335.4922231953,928946.100538326,406836.6308008683,0.03384050785256032,0.7364075456643135,0.2060956676840566,0.0,,,,,,
d4_a,d4,a,common_grid,all5,missing_peak_ratio,p09,complete,2533335.4922231953,146007.69598807872,6998.354040442793,0.03384050785256032,0.7364075456643135,0.054872061901933326,0.0,,,,,,
d4_a,d4,a,common_grid,all5,missing_peak_ratio,p10,complete,2533335.4922231953,1176076.8184917022,253932.97048651354,0.03384050785256032,0.7364075456643135,0.3640038403267058,0.0,,,,,,
d4_a,d4,a,common_grid,all5,missing_peak_ratio,p11,complete,2533335.4922231953,132047.20141226362,0.09249332858959683,0.03384050785256032,0.7364075456643135,0.05212381436422132,0.0,,,,,,
d4_a,d4,a,common_grid,all5,missing_peak_ratio,p12,complete,2533335.4922231953,64528.31617507643,0.07222966332274783,0.03384050785256032,0.7364075456643135,0.02547165353483626,0.0,,,,,,
d4_a,d4,a,common_grid,no_axis,mse,p08,complete,2180808.3124278425,377948.4292164568,358901.4978585001,0.4528987716671632,0.7388703796602858,0.008733886077659068,0.0,,,,,,
d4_a,d4,a,common_grid,no_axis,mse,p09,complete,2180808.3124278425,370618.76334452594,937.2592268981085,0.4528987716671632,0.7388703796602858,0.16951581760346013,0.0,,,,,,
d4_a,d4,a,common_grid,no_axis,mse,p10,complete,2180808.3124278425,444555.7139267509,209634.8895725771,0.4528987716671632,0.7388703796602858,0.10772190431200343,0.0,,,,,,
d4_a,d4,a,common_grid,no_axis,rmse,p08,complete,2180808.3124278425,378132.5291137409,358901.4978585001,0.4530636064106809,0.7388698119862357,0.00881830427078267,0.0,,,,,,
d4_a,d4,a,common_grid,no_axis,rmse,p09,complete,2180808.3124278425,370194.7884031225,938.4972151854213,0.4530636064106809,0.7388698119862357,0.16932083809642706,0.0,,,,,,
d4_a,d4,a,common_grid,no_axis,rmse,p10,complete,2180808.3124278425,444436.1159920298,209634.8895725771,0.4530636064106809,0.7388698119862357,0.10766706320834499,0.0,,,,,,
d4_a,d4,a,common_grid,no_axis,mae,p08,complete,2180808.3124278425,361946.5326462238,360353.09337588586,0.4606472893670064,0.735206890018496,0.0007306645252851277,0.0,,,,,,
d4_a,d4,a,common_grid,no_axis,mae,p09,complete,2180808.3124278425,301232.58178853383,932.6940022078552,0.4606472893670064,0.735206890018496,0.1377011844988839,0.0,,,,,,
d4_a,d4,a,common_grid,no_axis,mae,p10,complete,2180808.3124278425,513045.76024416357,216177.22794319017,0.4606472893670064,0.735206890018496,0.13612775162732052,0.0,,,,,,
d4_a,d4,a,common_grid,no_axis,sam,p08,complete,2180808.3124278425,378940.2957568344,355677.91787535,0.459375541554886,0.7362969309609846,0.010666860424604165,0.0,,,,,,
d4_a,d4,a,common_grid,no_axis,sam,p09,complete,2180808.3124278425,354088.8551054263,977.059372444516,0.459375541554886,0.7362969309609846,0.16191785115669827,0.0,,,,,,
d4_a,d4,a,common_grid,no_axis,sam,p10,complete,2180808.3124278425,445969.1620166448,218430.8677252236,0.459375541554886,0.7362969309609846,0.10433667782479615,0.0,,,,,,
d4_a,d4,a,common_grid,no_axis,pearson_r,p08,complete,2180808.3124278425,429612.5157274839,410806.9892115799,0.40133225014555884,0.6537361081769042,0.008623190955727899,0.0,,,,,,
d4_a,d4,a,common_grid,no_axis,pearson_r,p09,complete,2180808.3124278425,323048.0299952566,2581.2262225372724,0.40133225014555884,0.6537361081769042,0.14694863457116558,0.0,,,,,,
d4_a,d4,a,common_grid,no_axis,pearson_r,p10,complete,2180808.3124278425,552919.059542297,341746.95814730553,0.40133225014555884,0.6537361081769042,0.09683203250445178,0.0,,,,,,
d4_a,d4,a,common_grid,no_axis,nmse,p08,complete,2180808.3124278425,384584.9634212934,370242.12584561785,0.4773509253662753,0.7296026632953678,0.006576844692832269,0.0,,,,,,
d4_a,d4,a,common_grid,no_axis,nmse,p09,complete,2180808.3124278425,339940.76847492147,977.0052315856778,0.4773509253662753,0.7296026632953678,0.15543033347391055,0.0,,,,,,
d4_a,d4,a,common_grid,no_axis,nmse,p10,complete,2180808.3124278425,415271.7145477317,218465.6284666083,0.4773509253662753,0.7296026632953678,0.09024455976234969,0.0,,,,,,
d4_a,d4,a,common_grid,no_axis,wasserstein_1_cm1,p08,complete,2180808.3124278425,606498.6692224949,367992.72504986974,0.43680524863101555,0.7035235668716222,0.1093658451379902,0.0,,,,,,
d4_a,d4,a,common_grid,no_axis,wasserstein_1_cm1,p09,complete,2180808.3124278425,9673.13981007978,1303.7231021613188,0.43680524863101555,0.7035235668716222,0.003837758990656536,0.0,,,,,,
d4_a,d4,a,common_grid,no_axis,wasserstein_1_cm1,p10,complete,2180808.3124278425,612047.9862686387,277261.8216532927,0.43680524863101555,0.7035235668716222,0.15351471411195997,0.0,,,,,,
d4_a,d4,a,common_grid,no_axis,is_like_structure_to_noise,p08,complete,2180808.3124278425,811719.7391571441,804560.1497778744,0.0,0.13407253575357048,0.0032829980234710546,0.0,,,,,,
d4_a,d4,a,common_grid,no_axis,is_like_structure_to_noise,p09,complete,2180808.3124278425,191946.50141618092,16982.775362020682,0.0,0.13407253575357048,0.08022884224032384,0.0,,,,,,
d4_a,d4,a,common_grid,no_axis,is_like_structure_to_noise,p10,complete,2180808.3124278425,1177142.0718545173,1066878.886848282,0.0,0.13407253575357048,0.05056069548977537,0.0,,,,,,
d4_a,d4,a,common_grid,no_axis,precision,p08,complete,2180808.3124278425,700902.4769947706,472588.8355027415,0.03953468790017034,0.6095432904792063,0.10469220985215935,0.0,,,,,,
d4_a,d4,a,common_grid,no_axis,precision,p09,complete,2180808.3124278425,261444.28215677867,7540.200554362738,0.03953468790017034,0.6095432904792063,0.1164265929084572,0.0,,,,,,
d4_a,d4,a,common_grid,no_axis,precision,p10,complete,2180808.3124278425,1132243.9772743613,371382.20170906617,0.03953468790017034,0.6095432904792063,0.3488897998184194,0.0,,,,,,
d4_a,d4,a,common_grid,no_axis,recall,p08,complete,2180808.3124278425,664883.8149977794,406836.6308008683,0.052774641701136105,0.6937979594435724,0.118326394266919,0.0,,,,,,
d4_a,d4,a,common_grid,no_axis,recall,p09,complete,2180808.3124278425,275647.87928392447,6998.354040442793,0.052774641701136105,0.6937979594435724,0.12318805083074931,0.0,,,,,,
d4_a,d4,a,common_grid,no_axis,recall,p10,complete,2180808.3124278425,1125185.2408388997,253932.97048651354,0.052774641701136105,0.6937979594435724,0.3995088726447679,0.0,,,,,,
d4_a,d4,a,common_grid,no_axis,f1,p08,complete,2180808.3124278425,666086.9693319376,397791.91433038266,0.05229307656728499,0.683986376537127,0.12302551007010261,0.0,,,,,,
d4_a,d4,a,common_grid,no_axis,f1,p09,complete,2180808.3124278425,275355.7406984477,7024.797336787788,0.05229307656728499,0.683986376537127,0.1230419665187966,0.0,,,,,,
d4_a,d4,a,common_grid,no_axis,f1,p10,complete,2180808.3124278425,1125324.4263370964,284348.4252211054,0.05229307656728499,0.683986376537127,0.38562582338094265,0.0,,,,,,
d4_a,d4,a,common_grid,no_axis,artifact_peak_ratio,p08,complete,2180808.3124278425,700902.4769947706,472588.8355027415,0.03953468790017034,0.6095432904792063,0.10469220985215935,0.0,,,,,,
d4_a,d4,a,common_grid,no_axis,artifact_peak_ratio,p09,complete,2180808.3124278425,261444.28215677867,7540.200554362738,0.03953468790017034,0.6095432904792063,0.1164265929084572,0.0,,,,,,
d4_a,d4,a,common_grid,no_axis,artifact_peak_ratio,p10,complete,2180808.3124278425,1132243.9772743613,371382.20170906617,0.03953468790017034,0.6095432904792063,0.3488897998184194,0.0,,,,,,
d4_a,d4,a,common_grid,no_axis,missing_peak_ratio,p08,complete,2180808.3124278425,664883.8149977794,406836.6308008683,0.052774641701136105,0.6937979594435724,0.118326394266919,0.0,,,,,,
d4_a,d4,a,common_grid,no_axis,missing_peak_ratio,p09,complete,2180808.3124278425,275647.87928392447,6998.354040442793,0.052774641701136105,0.6937979594435724,0.12318805083074931,0.0,,,,,,
d4_a,d4,a,common_grid,no_axis,missing_peak_ratio,p10,complete,2180808.3124278425,1125185.2408388997,253932.97048651354,0.052774641701136105,0.6937979594435724,0.3995088726447679,0.0,,,,,,
d4_b,d4,b,native,all5,mse,p08,complete,31.728903222847478,6.161189744946909,0.3735210617395009,0.2553984520887965,0.5312574056883036,0.18240998254991048,0.0,,,,,,
d4_b,d4,b,native,all5,mse,p09,complete,31.728903222847478,9.350503051480166,7.541697567730507,0.2553984520887965,0.5312574056883036,0.05700813138877002,0.0,,,,,,
d4_b,d4,b,native,all5,mse,p10,complete,31.728903222847478,7.873573558270278,6.717346830888703,0.2553984520887965,0.5312574056883036,0.03644080349266513,0.0,,,,,,
d4_b,d4,b,native,all5,mse,p11,complete,31.728903222847478,0.12688757759912936,0.12688700381108278,0.2553984520887965,0.5312574056883036,1.8084080705537133e-08,1.0,-0.0005090437450817042,-0.0004917565260767801,1920,5.737880465744785e-07,5.737880465761513e-07,1.6728900708272432e-18
d4_b,d4,b,native,all5,mse,p12,complete,31.728903222847478,0.11323652096052499,0.1132359471724784,0.2553984520887965,0.5312574056883036,1.8084080705273004e-08,1.0,-0.00047446930707186564,-0.0004917565260767801,1920,5.737880465738415e-07,5.737880465900291e-07,1.6187646654976934e-17
d4_b,d4,b,native,all5,rmse,p08,complete,31.728903222847478,6.162990571733944,0.373508434097263,0.2553805861946241,0.5312955894991498,0.1824671372021384,0.0,,,,,,
d4_b,d4,b,native,all5,rmse,p09,complete,31.728903222847478,9.350924450123719,7.540847959573732,0.2553805861946241,0.5312955894991498,0.05704818971639019,0.0,,,,,,
d4_b,d4,b,native,all5,rmse,p10,complete,31.728903222847478,7.871918198066869,6.7169975362486944,0.2553805861946241,0.5312955894991498,0.03639964021783561,0.0,,,,,,
d4_b,d4,b,native,all5,rmse,p11,complete,31.728903222847478,0.12688757759912936,0.12688700381108278,0.2553805861946241,0.5312955894991498,1.8084080705537133e-08,1.0,,,,,,
d4_b,d4,b,native,all5,rmse,p12,complete,31.728903222847478,0.11323652096052499,0.1132359471724784,0.2553805861946241,0.5312955894991498,1.8084080705273004e-08,1.0,,,,,,
d4_b,d4,b,native,all5,mae,p08,complete,31.728903222847478,6.132979113488825,0.3733220589263044,0.24962015025865858,0.530685971383982,0.18152713991119251,0.0,,,,,,
d4_b,d4,b,native,all5,mae,p09,complete,31.728903222847478,9.468938897381943,7.535248771884925,0.24962015025865858,0.530685971383982,0.060944121261166016,0.0,,,,,,
d4_b,d4,b,native,all5,mae,p10,complete,31.728903222847478,7.966687523387431,6.7421256132875165,0.24962015025865858,0.530685971383982,0.03859452378480345,0.0,,,,,,
d4_b,d4,b,native,all5,mae,p11,complete,31.728903222847478,0.12688757759912936,0.12688700381108278,0.24962015025865858,0.530685971383982,1.8084080705537133e-08,1.0,,,,,,
d4_b,d4,b,native,all5,mae,p12,complete,31.728903222847478,0.11323652096052499,0.1132359471724784,0.24962015025865858,0.530685971383982,1.8084080705273004e-08,1.0,,,,,,
d4_b,d4,b,native,all5,sam,p08,complete,31.728903222847478,6.01278389362745,0.3733558117090381,0.25391215082806595,0.5241516353877056,0.17773788278497915,0.0,,,,,,
d4_b,d4,b,native,all5,sam,p09,complete,31.728903222847478,9.347905253750874,7.650816816478486,0.25391215082806595,0.5241516353877056,0.053487144681709065,0.0,,,,,,
d4_b,d4,b,native,all5,sam,p10,complete,31.728903222847478,8.07173591618074,6.833851130362649,0.25391215082806595,0.5241516353877056,0.03901442092478986,0.0,,,,,,
d4_b,d4,b,native,all5,sam,p11,complete,31.728903222847478,0.12688757759912936,0.12688700381108278,0.25391215082806595,0.5241516353877056,1.8084080705537133e-08,1.0,,,,,,
d4_b,d4,b,native,all5,sam,p12,complete,31.728903222847478,0.11323652096052499,0.1132359471724784,0.25391215082806595,0.5241516353877056,1.8084080705273004e-08,1.0,,,,,,
d4_b,d4,b,native,all5,pearson_r,p08,complete,31.728903222847478,6.040612030539123,0.3662515259867803,0.24586125147994242,0.5164901268064783,0.1788388481221225,0.0,,,,,,
d4_b,d4,b,native,all5,pearson_r,p09,complete,31.728903222847478,9.567929961427778,7.789543031066042,0.24586125147994242,0.5164901268064783,0.05604942969100643,0.0,,,,,,
d4_b,d4,b,native,all5,pearson_r,p10,complete,31.728903222847478,8.079311245553178,6.945320465812123,0.24586125147994242,0.5164901268064783,0.035739993020763694,0.0,,,,,,
d4_b,d4,b,native,all5,pearson_r,p11,complete,31.728903222847478,0.12689204474990654,0.12688700381108278,0.24586125147994242,0.5164901268064783,1.5887529387096727e-07,1.0,,,,,,
d4_b,d4,b,native,all5,pearson_r,p12,complete,31.728903222847478,0.11325008612222935,0.1132359471724784,0.24586125147994242,0.5164901268064783,4.4561734931856666e-07,1.0,,,,,,
d4_b,d4,b,native,all5,nmse,p08,complete,31.728903222847478,5.744112454042096,0.3736413180639802,0.26369976105072446,0.5221000649798073,0.16926116538787023,0.0,,,,,,
d4_b,d4,b,native,all5,nmse,p09,complete,31.728903222847478,9.191243493668873,7.667015703874308,0.26369976105072446,0.5221000649798073,0.048039094799122856,0.0,,,,,,
d4_b,d4,b,native,all5,nmse,p10,complete,31.728903222847478,8.186518978310417,6.882460815538944,0.26369976105072446,0.5221000649798073,0.04110000757392842,0.0,,,,,,
d4_b,d4,b,native,all5,nmse,p11,complete,31.728903222847478,0.12688757759912936,0.12688700381108278,0.26369976105072446,0.5221000649798073,1.8084080705537133e-08,1.0,,,,,,
d4_b,d4,b,native,all5,nmse,p12,complete,31.728903222847478,0.11323652096052499,0.1132359471724784,0.26369976105072446,0.5221000649798073,1.8084080705273004e-08,1.0,,,,,,
d4_b,d4,b,native,all5,wasserstein_1_cm1,p08,complete,31.728903222847478,5.687670077150997,0.3722016728762812,0.1707335279448059,0.5273455651822071,0.16752764402039375,0.0,,,,,,
d4_b,d4,b,native,all5,wasserstein_1_cm1,p09,complete,31.728903222847478,10.903969489545144,7.5884829837391266,0.1707335279448059,0.5273455651822071,0.10449420462219403,0.0,,,,,,
d4_b,d4,b,native,all5,wasserstein_1_cm1,p10,complete,31.728903222847478,9.442292307158297,6.796136033635664,0.1707335279448059,0.5273455651822071,0.08339892037671115,0.0,,,,,,
d4_b,d4,b,native,all5,wasserstein_1_cm1,p11,complete,31.728903222847478,0.163815756686567,0.12685611408390252,0.1707335279448059,0.5273455651822071,0.0011648572389369705,0.0,,,,,,
d4_b,d4,b,native,all5,wasserstein_1_cm1,p12,complete,31.728903222847478,0.11396800725040133,0.11313001584844594,0.1707335279448059,0.5273455651822071,2.6410979165266615e-05,0.0,,,,,,
d4_b,d4,b,native,all5,is_like_structure_to_noise,p08,complete,31.728903222847478,0.8668298979783393,0.37364834121822776,0.20595271592034092,0.4202752318723624,0.015543605566705481,0.0,,,,,,
d4_b,d4,b,native,all5,is_like_structure_to_noise,p09,complete,31.728903222847478,9.142326214903406,9.139560298586451,0.20595271592034092,0.4202752318723624,8.717339825866139e-05,0.0,,,,,,
d4_b,d4,b,native,all5,is_like_structure_to_noise,p10,complete,31.728903222847478,13.506425251947338,8.640699473021265,0.20595271592034092,0.4202752318723624,0.15335310347009853,0.0,,,,,,
d4_b,d4,b,native,all5,is_like_structure_to_noise,p11,complete,31.728903222847478,0.8474444110356771,0.12688700381108278,0.20595271592034092,0.4202752318723624,0.02270981137178837,1.0,,,,,,
d4_b,d4,b,native,all5,is_like_structure_to_noise,p12,complete,31.728903222847478,0.8312236550636166,0.1132359471724784,0.20595271592034092,0.4202752318723624,0.02262882214517036,1.0,,,,,,
d4_b,d4,b,native,all5,precision,p08,complete,31.728903222847478,0.3796930628891418,0.3711815174822044,0.3460392879121088,0.5054158306201366,0.00026825841874068753,0.0,,,,,,
d4_b,d4,b,native,all5,precision,p09,complete,31.728903222847478,10.280329720100818,8.058930135236674,0.3460392879121088,0.5054158306201366,0.07001186171681312,0.0,,,,,,
d4_b,d4,b,native,all5,precision,p10,complete,31.728903222847478,7.544423140143742,7.022600027041243,0.3460392879121088,0.5054158306201366,0.016446301639785117,0.0,,,,,,
d4_b,d4,b,native,all5,precision,p11,complete,31.728903222847478,2.429362044581035,0.12673170175400725,0.3460392879121088,0.5054158306201366,0.07257201191779425,0.2755208333333333,,,,,,
d4_b,d4,b,native,all5,precision,p12,complete,31.728903222847478,0.11564817766638771,0.11316986429196593,0.3460392879121088,0.5054158306201366,7.810901489457008e-05,0.28125,,,,,,
d4_b,d4,b,native,all5,recall,p08,complete,31.728903222847478,0.3796621461421321,0.36849960671655707,0.34634585822159814,0.516520848796033,0.000351809810354147,0.0005208333333333333,,,,,,
d4_b,d4,b,native,all5,recall,p09,complete,31.728903222847478,10.218352433554834,7.877663276902833,0.34634585822159814,0.516520848796033,0.07377151174158796,0.0,,,,,,
d4_b,d4,b,native,all5,recall,p10,complete,31.728903222847478,7.532305593720815,6.854198749149749,0.34634585822159814,0.516520848796033,0.021371896778416607,0.0,,,,,,
d4_b,d4,b,native,all5,recall,p11,complete,31.728903222847478,2.485995997706241,0.12673170175400725,0.34634585822159814,0.516520848796033,0.07435694449889983,0.2755208333333333,,,,,,
d4_b,d4,b,native,all5,recall,p12,complete,31.728903222847478,0.12341283457631183,0.11316986429196593,0.34634585822159814,0.516520848796033,0.00032282774517620484,0.28125,,,,,,
d4_b,d4,b,native,all5,f1,p08,complete,31.728903222847478,0.37947731976916566,0.36914447003038736,0.346257425164468,0.5118934565821656,0.00032566047638664554,0.0,,,,,,
d4_b,d4,b,native,all5,f1,p09,complete,31.728903222847478,10.219897003630601,7.930112718398544,0.346257425164468,0.5118934565821656,0.07216714265695826,0.0,,,,,,
d4_b,d4,b,native,all5,f1,p10,complete,31.728903222847478,7.557050412858143,6.947926524068162,0.346257425164468,0.5118934565821656,0.019197760619451828,0.0,,,,,,
d4_b,d4,b,native,all5,f1,p11,complete,31.728903222847478,2.4701214158789937,0.12673170175400725,0.346257425164468,0.5118934565821656,0.07385662522483753,0.2755208333333333,,,,,,
d4_b,d4,b,native,all5,f1,p12,complete,31.728903222847478,0.11598873747481689,0.11316986429196593,0.346257425164468,0.5118934565821656,8.884244006332652e-05,0.28125,,,,,,
d4_b,d4,b,native,all5,artifact_peak_ratio,p08,complete,31.728903222847478,0.3796930628891418,0.3711815174822044,0.3460392879121088,0.5054158306201366,0.00026825841874068753,0.0,,,,,,
d4_b,d4,b,native,all5,artifact_peak_ratio,p09,complete,31.728903222847478,10.280329720100818,8.058930135236674,0.3460392879121088,0.5054158306201366,0.07001186171681312,0.0,,,,,,
d4_b,d4,b,native,all5,artifact_peak_ratio,p10,complete,31.728903222847478,7.544423140143742,7.022600027041243,0.3460392879121088,0.5054158306201366,0.016446301639785117,0.0,,,,,,
d4_b,d4,b,native,all5,artifact_peak_ratio,p11,complete,31.728903222847478,2.429362044581035,0.12673170175400725,0.3460392879121088,0.5054158306201366,0.07257201191779425,0.2755208333333333,,,,,,
d4_b,d4,b,native,all5,artifact_peak_ratio,p12,complete,31.728903222847478,0.11564817766638771,0.11316986429196593,0.3460392879121088,0.5054158306201366,7.810901489457008e-05,0.28125,,,,,,
d4_b,d4,b,native,all5,missing_peak_ratio,p08,complete,31.728903222847478,0.3796621461421321,0.36849960671655707,0.34634585822159814,0.516520848796033,0.000351809810354147,0.0005208333333333333,,,,,,
d4_b,d4,b,native,all5,missing_peak_ratio,p09,complete,31.728903222847478,10.218352433554834,7.877663276902833,0.34634585822159814,0.516520848796033,0.07377151174158796,0.0,,,,,,
d4_b,d4,b,native,all5,missing_peak_ratio,p10,complete,31.728903222847478,7.532305593720815,6.854198749149749,0.34634585822159814,0.516520848796033,0.021371896778416607,0.0,,,,,,
d4_b,d4,b,native,all5,missing_peak_ratio,p11,complete,31.728903222847478,2.485995997706241,0.12673170175400725,0.34634585822159814,0.516520848796033,0.07435694449889983,0.2755208333333333,,,,,,
d4_b,d4,b,native,all5,missing_peak_ratio,p12,complete,31.728903222847478,0.12341283457631183,0.11316986429196593,0.34634585822159814,0.516520848796033,0.00032282774517620484,0.28125,,,,,,
d4_b,d4,b,native,no_axis,mse,p08,complete,26.45776461465777,6.161189744946909,0.3735210617395009,0.11612841465292334,0.44694626800587023,0.21875123493996926,0.0,,,,,,
d4_b,d4,b,native,no_axis,mse,p09,complete,26.45776461465777,9.350503051480166,7.541697567730507,0.11612841465292334,0.44694626800587023,0.0683657712620048,0.0,,,,,,
d4_b,d4,b,native,no_axis,mse,p10,complete,26.45776461465777,7.873573558270278,6.717346830888703,0.11612841465292334,0.44694626800587023,0.043700847150972735,0.0,,,,,,
d4_b,d4,b,native,no_axis,rmse,p08,complete,26.45776461465777,6.162990571733944,0.373508434097263,0.11610698936490527,0.4469920591169736,0.2188197764231855,0.0,,,,,,
d4_b,d4,b,native,no_axis,rmse,p09,complete,26.45776461465777,9.350924450123719,7.540847959573732,0.11610698936490527,0.4469920591169736,0.06841381034689503,0.0,,,,,,
d4_b,d4,b,native,no_axis,rmse,p10,complete,26.45776461465777,7.871918198066869,6.7169975362486944,0.11610698936490527,0.4469920591169736,0.04365148298198781,0.0,,,,,,
d4_b,d4,b,native,no_axis,mae,p08,complete,26.45776461465777,6.132979113488825,0.3733220589263044,0.10919891088603007,0.4462609877486714,0.2176925049583227,0.0,,,,,,
d4_b,d4,b,native,no_axis,mae,p09,complete,26.45776461465777,9.468938897381943,7.535248771884925,0.10919891088603007,0.4462609877486714,0.0730859221729466,0.0,,,,,,
d4_b,d4,b,native,no_axis,mae,p10,complete,26.45776461465777,7.966687523387431,6.7421256132875165,0.10919891088603007,0.4462609877486714,0.046283649731372195,0.0,,,,,,
d4_b,d4,b,native,no_axis,sam,p08,complete,26.45776461465777,6.01278389362745,0.3733558117090381,0.11434599994221151,0.43842482632418867,0.2131483201265663,0.0,,,,,,
d4_b,d4,b,native,no_axis,sam,p09,complete,26.45776461465777,9.347905253750874,7.650816816478486,0.11434599994221151,0.43842482632418867,0.06414330394080951,0.0,,,,,,
d4_b,d4,b,native,no_axis,sam,p10,complete,26.45776461465777,8.07173591618074,6.833851130362649,0.11434599994221151,0.43842482632418867,0.046787202314601324,0.0,,,,,,
d4_b,d4,b,native,no_axis,pearson_r,p08,complete,26.45776461465777,6.036208405719571,0.3662515259867803,0.1049509348283284,0.42923692750298215,0.21430218925568634,0.0,,,,,,
d4_b,d4,b,native,no_axis,pearson_r,p09,complete,26.45776461465777,9.564749895651422,7.789543031066042,0.1049509348283284,0.42923692750298215,0.06709587489496018,0.0,,,,,,
d4_b,d4,b,native,no_axis,pearson_r,p10,complete,26.45776461465777,8.080039183510575,6.945320465812123,0.1049509348283284,0.42923692750298215,0.04288792852400731,0.0,,,,,,
d4_b,d4,b,native,no_axis,nmse,p08,complete,26.45776461465777,5.744112454042096,0.3736413180639802,0.1260835802730016,0.43596452478794334,0.20298279972612807,0.0,,,,,,
d4_b,d4,b,native,no_axis,nmse,p09,complete,26.45776461465777,9.191243493668873,7.667015703874308,0.1260835802730016,0.43596452478794334,0.0576098476947721,0.0,,,,,,
d4_b,d4,b,native,no_axis,nmse,p10,complete,26.45776461465777,8.186518978310417,6.882460815538944,0.1260835802730016,0.43596452478794334,0.049288297094041596,0.0,,,,,,
d4_b,d4,b,native,no_axis,wasserstein_1_cm1,p08,complete,26.45776461465777,5.687670077150997,0.3722016728762812,0.019627268152834665,0.4422499064007962,0.20090391163771684,0.0,,,,,,
d4_b,d4,b,native,no_axis,wasserstein_1_cm1,p09,complete,26.45776461465777,10.808508589532009,7.5884829837391266,0.019627268152834665,0.4422499064007962,0.12170437120031546,0.0,,,,,,
d4_b,d4,b,native,no_axis,wasserstein_1_cm1,p10,complete,26.45776461465777,9.442292307158297,6.796136033635664,0.019627268152834665,0.4422499064007962,0.1000143554099292,0.0,,,,,,
d4_b,d4,b,native,no_axis,is_like_structure_to_noise,p08,complete,26.45776461465777,2.503365434884568,0.37364834121822776,0.18085585243487756,0.3138532911896659,0.08049497471477478,0.0,,,,,,
d4_b,d4,b,native,no_axis,is_like_structure_to_noise,p09,complete,26.45776461465777,9.231484386254465,9.139560298586451,0.18085585243487756,0.3138532911896659,0.0034743709080051785,0.0,,,,,,
d4_b,d4,b,native,no_axis,is_like_structure_to_noise,p10,complete,26.45776461465777,9.937873220613467,8.640699473021265,0.18085585243487756,0.3138532911896659,0.04902809313200854,0.0,,,,,,
d4_b,d4,b,native,no_axis,precision,p08,complete,26.45776461465777,0.3711815174822044,0.3711815174822044,0.3519058055794647,0.4159479493139333,0.0,0.0,,,,,,
d4_b,d4,b,native,no_axis,precision,p09,complete,26.45776461465777,9.231697377724839,8.058930135236674,0.3519058055794647,0.4159479493139333,0.04432601391572002,0.0,,,,,,
d4_b,d4,b,native,no_axis,precision,p10,complete,26.45776461465777,7.544244748897727,7.022600027041243,0.3519058055794647,0.4159479493139333,0.01971612981874857,0.0,,,,,,
d4_b,d4,b,native,no_axis,recall,p08,complete,26.45776461465777,0.36916545607231,0.36849960671655707,0.3559314124276992,0.42926540270135116,2.516650085336589e-05,0.0005208333333333333,,,,,,
d4_b,d4,b,native,no_axis,recall,p09,complete,26.45776461465777,9.144945080207322,7.877663276902833,0.3559314124276992,0.42926540270135116,0.04789829457483364,0.0,,,,,,
d4_b,d4,b,native,no_axis,recall,p10,complete,26.45776461465777,7.526504549403398,6.854198749149749,0.3559314124276992,0.42926540270135116,0.025410529197965114,0.0,,,,,,
d4_b,d4,b,native,no_axis,f1,p08,complete,26.45776461465777,0.3691960378301914,0.36914447003038736,0.3540818553332413,0.4237161024537176,1.9490611000248325e-06,0.0,,,,,,
d4_b,d4,b,native,no_axis,f1,p09,complete,26.45776461465777,9.163328393112902,7.930112718398544,0.3540818553332413,0.4237161024537176,0.04661072818038251,0.0,,,,,,
d4_b,d4,b,native,no_axis,f1,p10,complete,26.45776461465777,7.557025800986472,6.947926524068162,0.3540818553332413,0.4237161024537176,0.023021569878993613,0.0,,,,,,
d4_b,d4,b,native,no_axis,artifact_peak_ratio,p08,complete,26.45776461465777,0.3711815174822044,0.3711815174822044,0.3519058055794647,0.4159479493139333,0.0,0.0,,,,,,
d4_b,d4,b,native,no_axis,artifact_peak_ratio,p09,complete,26.45776461465777,9.231697377724839,8.058930135236674,0.3519058055794647,0.4159479493139333,0.04432601391572002,0.0,,,,,,
d4_b,d4,b,native,no_axis,artifact_peak_ratio,p10,complete,26.45776461465777,7.544244748897727,7.022600027041243,0.3519058055794647,0.4159479493139333,0.01971612981874857,0.0,,,,,,
d4_b,d4,b,native,no_axis,missing_peak_ratio,p08,complete,26.45776461465777,0.36916545607231,0.36849960671655707,0.3559314124276992,0.42926540270135116,2.516650085336589e-05,0.0005208333333333333,,,,,,
d4_b,d4,b,native,no_axis,missing_peak_ratio,p09,complete,26.45776461465777,9.144945080207322,7.877663276902833,0.3559314124276992,0.42926540270135116,0.04789829457483364,0.0,,,,,,
d4_b,d4,b,native,no_axis,missing_peak_ratio,p10,complete,26.45776461465777,7.526504549403398,6.854198749149749,0.3559314124276992,0.42926540270135116,0.025410529197965114,0.0,,,,,,
d4_b,d4,b,common_grid,all5,mse,p08,complete,31.728903222847478,6.123559271878496,0.3735248842333571,0.25628598994001206,0.5313834143277749,0.1812238622703047,0.0,,,,,,
d4_b,d4,b,common_grid,all5,mse,p09,complete,31.728903222847478,9.329426076284108,7.541689597544471,0.25628598994001206,0.5313834143277749,0.05634409945353278,0.0,,,,,,
d4_b,d4,b,common_grid,all5,mse,p10,complete,31.728903222847478,7.88566241101693,6.713764720779269,0.25628598994001206,0.5313834143277749,0.036934705306605024,0.0,,,,,,
d4_b,d4,b,common_grid,all5,mse,p11,complete,31.728903222847478,0.13796647905327775,0.12647514568566845,0.25628598994001206,0.5313834143277749,0.00036217241065346833,0.0,,,,,,
d4_b,d4,b,common_grid,all5,mse,p12,complete,31.728903222847478,0.12061561243636187,0.1132359471724784,0.25628598994001206,0.5313834143277749,0.00023258494666684502,0.0,,,,,,
d4_b,d4,b,common_grid,all5,rmse,p08,complete,31.728903222847478,6.138225443633164,0.37351664268630125,0.2569190507241551,0.5315292249738144,0.18168635582700468,0.0,,,,,,
d4_b,d4,b,common_grid,all5,rmse,p09,complete,31.728903222847478,9.327763905466377,7.537454423437551,0.2569190507241551,0.5315292249738144,0.05642519281094,0.0,,,,,,
d4_b,d4,b,common_grid,all5,rmse,p10,complete,31.728903222847478,7.871250786877781,6.713352149547122,0.2569190507241551,0.5315292249738144,0.03649349708680995,0.0,,,,,,
d4_b,d4,b,common_grid,all5,rmse,p11,complete,31.728903222847478,0.1266661226695464,0.12650472069474528,0.2569190507241551,0.5315292249738144,5.086906839091026e-06,0.0,,,,,,
d4_b,d4,b,common_grid,all5,rmse,p12,complete,31.728903222847478,0.11323726766805198,0.1132359471724784,0.2569190507241551,0.5315292249738144,4.161806553158008e-08,0.0,,,,,,
d4_b,d4,b,common_grid,all5,mae,p08,complete,31.728903222847478,6.132979113488825,0.37332415967951527,0.24962018031014865,0.5307182862982869,0.18152707370174315,0.0,,,,,,
d4_b,d4,b,common_grid,all5,mae,p09,complete,31.728903222847478,9.468938897381943,7.5352737342179195,0.24962018031014865,0.5307182862982869,0.06094333452319343,0.0,,,,,,
d4_b,d4,b,common_grid,all5,mae,p10,complete,31.728903222847478,7.966687523387431,6.742539740193546,0.24962018031014865,0.5307182862982869,0.038581471745055336,0.0,,,,,,
d4_b,d4,b,common_grid,all5,mae,p11,complete,31.728903222847478,0.1268874741780552,0.1268851675540361,0.24962018031014865,0.5307182862982869,7.269788063365302e-08,0.0,,,,,,
d4_b,d4,b,common_grid,all5,mae,p12,complete,31.728903222847478,0.11323567088077842,0.11177127664865842,0.24962018031014865,0.5307182862982869,4.615332026558978e-05,0.0,,,,,,
d4_b,d4,b,common_grid,all5,sam,p08,complete,31.728903222847478,5.88347123801327,0.37339625616621025,0.2608357770739801,0.5234677267034797,0.17366106048945748,0.0,,,,,,
d4_b,d4,b,common_grid,all5,sam,p09,complete,31.728903222847478,9.312810806185299,7.652432426275358,0.2608357770739801,0.5234677267034797,0.052330153622023985,0.0,,,,,,
d4_b,d4,b,common_grid,all5,sam,p10,complete,31.728903222847478,8.016648470187716,6.85419043149323,0.2608357770739801,0.5234677267034797,0.03663719576217243,0.0,,,,,,
d4_b,d4,b,common_grid,all5,sam,p11,complete,31.728903222847478,0.12670231295660678,0.12659132088152492,0.2608357770739801,0.5234677267034797,3.49813778000244e-06,0.0,,,,,,
d4_b,d4,b,common_grid,all5,sam,p12,complete,31.728903222847478,0.11323726766805198,0.1132359471724784,0.2608357770739801,0.5234677267034797,4.161806553158787e-08,0.0,,,,,,
d4_b,d4,b,common_grid,all5,pearson_r,p08,complete,31.728903222847478,6.038589119875693,0.3662497773353703,0.24600405447735496,0.5164920526786677,0.17877514714898063,0.0,,,,,,
d4_b,d4,b,common_grid,all5,pearson_r,p09,complete,31.728903222847478,9.565603843454333,7.789543031066041,0.24600405447735496,0.5164920526786677,0.05597611741931816,0.0,,,,,,
d4_b,d4,b,common_grid,all5,pearson_r,p10,complete,31.728903222847478,8.079065565425957,6.945261108651216,0.24600405447735496,0.5164920526786677,0.03573412067891164,0.0,,,,,,
d4_b,d4,b,common_grid,all5,pearson_r,p11,complete,31.728903222847478,0.12695815368616228,0.12688700381108278,0.24600405447735496,0.5164920526786677,2.2424309652239156e-06,0.0,,,,,,
d4_b,d4,b,common_grid,all5,pearson_r,p12,complete,31.728903222847478,0.11324770346523708,0.1132359471724784,0.24600405447735496,0.5164920526786677,3.7052313709376756e-07,0.0,,,,,,
d4_b,d4,b,common_grid,all5,nmse,p08,complete,31.728903222847478,5.313459970121293,0.3733884450579494,0.27858847190231206,0.5233595041734127,0.1556962587192764,0.0,,,,,,
d4_b,d4,b,common_grid,all5,nmse,p09,complete,31.728903222847478,9.429885488735911,7.656694803185693,0.27858847190231206,0.5233595041734127,0.05588565961754933,0.0,,,,,,
d4_b,d4,b,common_grid,all5,nmse,p10,complete,31.728903222847478,7.887007006273784,6.853485823070038,0.27858847190231206,0.5233595041734127,0.03257349224915924,0.0,,,,,,
d4_b,d4,b,common_grid,all5,nmse,p11,complete,31.728903222847478,0.1352989236824787,0.12647514568566845,0.27858847190231206,0.5233595041734127,0.0002780990548219255,0.0,,,,,,
d4_b,d4,b,common_grid,all5,nmse,p12,complete,31.728903222847478,0.12394517004459275,0.1132359471724784,0.27858847190231206,0.5233595041734127,0.00033752263029384553,0.0,,,,,,
d4_b,d4,b,common_grid,all5,wasserstein_1_cm1,p08,complete,31.728903222847478,5.687052427370312,0.37220181684813247,0.1748728165904958,0.527069324147091,0.16750817301163562,0.0,,,,,,
d4_b,d4,b,common_grid,all5,wasserstein_1_cm1,p09,complete,31.728903222847478,10.81069199499289,7.596960053872598,0.1748728165904958,0.527069324147091,0.1012872055030927,0.0,,,,,,
d4_b,d4,b,common_grid,all5,wasserstein_1_cm1,p10,complete,31.728903222847478,9.44252783691167,6.796340254852999,0.1748728165904958,0.527069324147091,0.08339990712799655,0.0,,,,,,
d4_b,d4,b,common_grid,all5,wasserstein_1_cm1,p11,complete,31.728903222847478,0.12688148894998294,0.12685464939831836,0.1748728165904958,0.527069324147091,8.459022827257326e-07,0.0,,,,,,
d4_b,d4,b,common_grid,all5,wasserstein_1_cm1,p12,complete,31.728903222847478,0.113226800716025,0.11321487028075564,0.1748728165904958,0.527069324147091,3.7601158746502615e-07,0.0,,,,,,
d4_b,d4,b,common_grid,all5,is_like_structure_to_noise,p08,complete,31.728903222847478,0.8667131591758375,0.37365358727251013,0.2058434082779096,0.42078501000256885,0.015539760969370134,0.0,,,,,,
d4_b,d4,b,common_grid,all5,is_like_structure_to_noise,p09,complete,31.728903222847478,9.145792760369558,9.142906018844354,0.2058434082779096,0.42078501000256885,9.098144694538735e-05,0.0,,,,,,
d4_b,d4,b,common_grid,all5,is_like_structure_to_noise,p10,complete,31.728903222847478,13.506942467144478,8.640699473021265,0.2058434082779096,0.42078501000256885,0.15336940454402817,0.0,,,,,,
d4_b,d4,b,common_grid,all5,is_like_structure_to_noise,p11,complete,31.728903222847478,0.8472448277964011,0.12015590337711599,0.2058434082779096,0.42078501000256885,0.022915665231558333,0.0,,,,,,
d4_b,d4,b,common_grid,all5,is_like_structure_to_noise,p12,complete,31.728903222847478,0.8310244280503236,0.10044138033582076,0.2058434082779096,0.42078501000256885,0.023025789532757048,0.0,,,,,,
d4_b,d4,b,common_grid,all5,precision,p08,complete,31.728903222847478,0.36825169658888,0.368251448754172,0.3075670990475906,0.5058522221173031,7.811007720310949e-09,0.0,,,,,,
d4_b,d4,b,common_grid,all5,precision,p09,complete,31.728903222847478,9.572816004986777,8.046221318392623,0.3075670990475906,0.5058522221173031,0.048113692297276654,0.0,,,,,,
d4_b,d4,b,common_grid,all5,precision,p10,complete,31.728903222847478,8.358039660290988,7.024377423041311,0.3075670990475906,0.5058522221173031,0.04203303933586107,0.0,,,,,,
d4_b,d4,b,common_grid,all5,precision,p11,complete,31.728903222847478,3.552258186952742,0.12679221236706337,0.3075670990475906,0.5058522221173031,0.10796042808435481,0.0,,,,,,
d4_b,d4,b,common_grid,all5,precision,p12,complete,31.728903222847478,0.118770953815146,0.11312461967005047,0.3075670990475906,0.5058522221173031,0.00017795554121233142,0.0,,,,,,
d4_b,d4,b,common_grid,all5,recall,p08,complete,31.728903222847478,0.3708273137189444,0.366719824661195,0.29773477724485276,0.5169477677143406,0.00012945575297388948,0.0,,,,,,
d4_b,d4,b,common_grid,all5,recall,p09,complete,31.728903222847478,8.735564724978996,7.865057526445831,0.29773477724485276,0.5169477677143406,0.027435779687030808,0.0,,,,,,
d4_b,d4,b,common_grid,all5,recall,p10,complete,31.728903222847478,9.55924775909395,6.854960020485213,0.29773477724485276,0.5169477677143406,0.08523105004970424,0.0,,,,,,
d4_b,d4,b,common_grid,all5,recall,p11,complete,31.728903222847478,3.4703482187761603,0.12681494207106878,0.29773477724485276,0.5169477677143406,0.10537815483951132,0.0,,,,,,
d4_b,d4,b,common_grid,all5,recall,p12,complete,31.728903222847478,0.14611727300144492,0.11316521610882004,0.29773477724485276,0.5169477677143406,0.0010385501402675854,0.0,,,,,,
d4_b,d4,b,common_grid,all5,f1,p08,complete,31.728903222847478,0.37114765240152814,0.36834081003705127,0.3072639065355799,0.5112397511949134,8.846326470105335e-05,0.0,,,,,,
d4_b,d4,b,common_grid,all5,f1,p09,complete,31.728903222847478,9.095676183435671,7.94318404998875,0.3072639065355799,0.5112397511949134,0.03632310027713255,0.0,,,,,,
d4_b,d4,b,common_grid,all5,f1,p10,complete,31.728903222847478,8.859587832109032,6.956318069506603,0.3072639065355799,0.5112397511949134,0.05998536253317179,0.0,,,,,,
d4_b,d4,b,common_grid,all5,f1,p11,complete,31.728903222847478,3.530835070727789,0.12681507414382076,0.3072639065355799,0.5112397511949134,0.10728451508947173,0.0,,,,,,
d4_b,d4,b,common_grid,all5,f1,p12,complete,31.728903222847478,0.1225097298319924,0.11316862983522273,0.3072639065355799,0.5112397511949134,0.0002944034948564912,0.0,,,,,,
d4_b,d4,b,common_grid,all5,artifact_peak_ratio,p08,complete,31.728903222847478,0.36825169658888,0.368251448754172,0.3075670990475906,0.5058522221173031,7.811007720310949e-09,0.0,,,,,,
d4_b,d4,b,common_grid,all5,artifact_peak_ratio,p09,complete,31.728903222847478,9.572816004986777,8.046221318392623,0.3075670990475906,0.5058522221173031,0.048113692297276654,0.0,,,,,,
d4_b,d4,b,common_grid,all5,artifact_peak_ratio,p10,complete,31.728903222847478,8.358039660290988,7.024377423041311,0.3075670990475906,0.5058522221173031,0.04203303933586107,0.0,,,,,,
d4_b,d4,b,common_grid,all5,artifact_peak_ratio,p11,complete,31.728903222847478,3.552258186952742,0.12679221236706337,0.3075670990475906,0.5058522221173031,0.10796042808435481,0.0,,,,,,
d4_b,d4,b,common_grid,all5,artifact_peak_ratio,p12,complete,31.728903222847478,0.118770953815146,0.11312461967005047,0.3075670990475906,0.5058522221173031,0.00017795554121233142,0.0,,,,,,
d4_b,d4,b,common_grid,all5,missing_peak_ratio,p08,complete,31.728903222847478,0.3708273137189444,0.366719824661195,0.29773477724485276,0.5169477677143406,0.00012945575297388948,0.0,,,,,,
d4_b,d4,b,common_grid,all5,missing_peak_ratio,p09,complete,31.728903222847478,8.735564724978996,7.865057526445831,0.29773477724485276,0.5169477677143406,0.027435779687030808,0.0,,,,,,
d4_b,d4,b,common_grid,all5,missing_peak_ratio,p10,complete,31.728903222847478,9.55924775909395,6.854960020485213,0.29773477724485276,0.5169477677143406,0.08523105004970424,0.0,,,,,,
d4_b,d4,b,common_grid,all5,missing_peak_ratio,p11,complete,31.728903222847478,3.4703482187761603,0.12681494207106878,0.29773477724485276,0.5169477677143406,0.10537815483951132,0.0,,,,,,
d4_b,d4,b,common_grid,all5,missing_peak_ratio,p12,complete,31.728903222847478,0.14611727300144492,0.11316521610882004,0.29773477724485276,0.5169477677143406,0.0010385501402675854,0.0,,,,,,
d4_b,d4,b,common_grid,no_axis,mse,p08,complete,26.45776461465777,6.135507404980654,0.3735248842333571,0.11802117655227318,0.44708181452137685,0.2177803984829135,0.0,,,,,,
d4_b,d4,b,common_grid,no_axis,mse,p09,complete,26.45776461465777,9.32538772938262,7.541689597544471,0.11802117655227318,0.44708181452137685,0.06741681157938666,0.0,,,,,,
d4_b,d4,b,common_grid,no_axis,mse,p10,complete,26.45776461465777,7.874292971529487,6.713764720779269,0.11802117655227318,0.44708181452137685,0.043863427906803504,0.0,,,,,,
d4_b,d4,b,common_grid,no_axis,rmse,p08,complete,26.45776461465777,6.138109028544773,0.37351664268630125,0.11794374007187447,0.44725779261151166,0.2178790411743572,0.0,,,,,,
d4_b,d4,b,common_grid,no_axis,rmse,p09,complete,26.45776461465777,9.327810085114868,7.537454423437551,0.11794374007187447,0.44725779261151166,0.06766844016313632,0.0,,,,,,
d4_b,d4,b,common_grid,no_axis,rmse,p10,complete,26.45776461465777,7.871317788404096,6.713352149547122,0.11794374007187447,0.44725779261151166,0.04376657120214363,0.0,,,,,,
d4_b,d4,b,common_grid,no_axis,mae,p08,complete,26.45776461465777,6.132979113488825,0.37332415967951527,0.10919891088603007,0.44624431249289453,0.21769242555806945,0.0,,,,,,
d4_b,d4,b,common_grid,no_axis,mae,p09,complete,26.45776461465777,9.468938897381943,7.5352737342179195,0.10919891088603007,0.44624431249289453,0.07308497869441175,0.0,,,,,,
d4_b,d4,b,common_grid,no_axis,mae,p10,complete,26.45776461465777,7.966687523387431,6.742539740193546,0.10919891088603007,0.44624431249289453,0.04626799735438343,0.0,,,,,,
d4_b,d4,b,common_grid,no_axis,sam,p08,complete,26.45776461465777,5.883338451604715,0.37339625616621025,0.1226420890729466,0.43759348793619646,0.2082542601647443,0.0,,,,,,
d4_b,d4,b,common_grid,no_axis,sam,p09,complete,26.45776461465777,9.312894127153449,7.652432426275358,0.1226420890729466,0.43759348793619646,0.0627589565884256,0.0,,,,,,
d4_b,d4,b,common_grid,no_axis,sam,p10,complete,26.45776461465777,8.016696511357695,6.85419043149323,0.1226420890729466,0.43759348793619646,0.043938182110080104,0.0,,,,,,
d4_b,d4,b,common_grid,no_axis,pearson_r,p08,complete,26.45776461465777,6.035054637215104,0.3662497773353703,0.10510947138007087,0.42923923706364264,0.21425864741192766,0.0,,,,,,
d4_b,d4,b,common_grid,no_axis,pearson_r,p09,complete,26.45776461465777,9.562455912909495,7.789543031066041,0.10510947138007087,0.42923923706364264,0.06700917132134619,0.0,,,,,,
d4_b,d4,b,common_grid,no_axis,pearson_r,p10,complete,26.45776461465777,8.079292411988146,6.945261108651216,0.10510947138007087,0.42923923706364264,0.042861946950297894,0.0,,,,,,
d4_b,d4,b,common_grid,no_axis,nmse,p08,complete,26.45776461465777,5.322735030458784,0.3733884450579494,0.14480371952981497,0.4374593134346624,0.18706593914811934,0.0,,,,,,
d4_b,d4,b,common_grid,no_axis,nmse,p09,complete,26.45776461465777,9.425306485844972,7.656694803185693,0.14480371952981497,0.4374593134346624,0.0668466028184202,0.0,,,,,,
d4_b,d4,b,common_grid,no_axis,nmse,p10,complete,26.45776461465777,7.8785403717072455,6.853485823070038,0.14480371952981497,0.4374593134346624,0.03874305193830779,0.0,,,,,,
d4_b,d4,b,common_grid,no_axis,wasserstein_1_cm1,p08,complete,26.45776461465777,5.687052427370312,0.37220181684813247,0.01955918661005096,0.44192178210726274,0.20088056145067212,0.0,,,,,,
d4_b,d4,b,common_grid,no_axis,wasserstein_1_cm1,p09,complete,26.45776461465777,10.81069199499289,7.596960053872598,0.01955918661005096,0.44192178210726274,0.12146649529642671,0.0,,,,,,
d4_b,d4,b,common_grid,no_axis,wasserstein_1_cm1,p10,complete,26.45776461465777,9.44252783691167,6.796340254852999,0.01955918661005096,0.44192178210726274,0.1000155387501129,0.0,,,,,,
d4_b,d4,b,common_grid,no_axis,is_like_structure_to_noise,p08,complete,26.45776461465777,2.503848911121721,0.37365358727251013,0.18079517981864157,0.3137266377720024,0.080513049944857,0.0,,,,,,
d4_b,d4,b,common_grid,no_axis,is_like_structure_to_noise,p09,complete,26.45776461465777,9.233137655219984,9.142906018844354,0.18079517981864157,0.3137266377720024,0.0034104028700006955,0.0,,,,,,
d4_b,d4,b,common_grid,no_axis,is_like_structure_to_noise,p10,complete,26.45776461465777,9.93734173720972,8.640699473021265,0.18079517981864157,0.3137266377720024,0.049008005138503244,0.0,,,,,,
d4_b,d4,b,common_grid,no_axis,precision,p08,complete,26.45776461465777,0.368251448754172,0.368251448754172,0.35166004904259496,0.41647185939378695,0.0,0.0,,,,,,
d4_b,d4,b,common_grid,no_axis,precision,p09,complete,26.45776461465777,9.230371837069649,8.046221318392623,0.35166004904259496,0.41647185939378695,0.044756257224429295,0.0,,,,,,
d4_b,d4,b,common_grid,no_axis,precision,p10,complete,26.45776461465777,7.5550025268859615,7.024377423041311,0.35166004904259496,0.41647185939378695,0.020055553126762667,0.0,,,,,,
d4_b,d4,b,common_grid,no_axis,recall,p08,complete,26.45776461465777,0.36839487703310625,0.366719824661195,0.35651269660454443,0.42978034647590424,6.331042687496386e-05,0.0,,,,,,
d4_b,d4,b,common_grid,no_axis,recall,p09,complete,26.45776461465777,9.1378229646565,7.865057526445831,0.35651269660454443,0.42978034647590424,0.048105554522378254,0.0,,,,,,
d4_b,d4,b,common_grid,no_axis,recall,p10,complete,26.45776461465777,7.519017764068225,6.854960020485213,0.35651269660454443,0.42978034647590424,0.02509878492210644,0.0,,,,,,
d4_b,d4,b,common_grid,no_axis,f1,p08,complete,26.45776461465777,0.36892210132895653,0.36834081003705127,0.35357638530483604,0.4229352648683735,2.1970536829979756e-05,0.0,,,,,,
d4_b,d4,b,common_grid,no_axis,f1,p09,complete,26.45776461465777,9.178589784944704,7.94318404998875,0.35357638530483604,0.4229352648683735,0.046693503890027514,0.0,,,,,,
d4_b,d4,b,common_grid,no_axis,f1,p10,complete,26.45776461465777,7.5554119526872165,6.956318069506603,0.35357638530483604,0.4229352648683735,0.022643405136680058,0.0,,,,,,
d4_b,d4,b,common_grid,no_axis,artifact_peak_ratio,p08,complete,26.45776461465777,0.368251448754172,0.368251448754172,0.35166004904259496,0.41647185939378695,0.0,0.0,,,,,,
d4_b,d4,b,common_grid,no_axis,artifact_peak_ratio,p09,complete,26.45776461465777,9.230371837069649,8.046221318392623,0.35166004904259496,0.41647185939378695,0.044756257224429295,0.0,,,,,,
d4_b,d4,b,common_grid,no_axis,artifact_peak_ratio,p10,complete,26.45776461465777,7.5550025268859615,7.024377423041311,0.35166004904259496,0.41647185939378695,0.020055553126762667,0.0,,,,,,
d4_b,d4,b,common_grid,no_axis,missing_peak_ratio,p08,complete,26.45776461465777,0.36839487703310625,0.366719824661195,0.35651269660454443,0.42978034647590424,6.331042687496386e-05,0.0,,,,,,
d4_b,d4,b,common_grid,no_axis,missing_peak_ratio,p09,complete,26.45776461465777,9.1378229646565,7.865057526445831,0.35651269660454443,0.42978034647590424,0.048105554522378254,0.0,,,,,,
d4_b,d4,b,common_grid,no_axis,missing_peak_ratio,p10,complete,26.45776461465777,7.519017764068225,6.854960020485213,0.35651269660454443,0.42978034647590424,0.02509878492210644,0.0,,,,,,
d5_a,d5,a,native,all5,mse,p08,complete,534.8950013939356,254.70065513472912,250.52660891343703,0.04652982422743257,0.07242067240984174,0.007803487058982731,0.0,,,,,,
d5_a,d5,a,native,all5,mse,p09,complete,534.8950013939356,64.42443575472461,55.81819206060534,0.04652982422743257,0.07242067240984174,0.016089594540407787,0.0,,,,,,
d5_a,d5,a,native,all5,mse,p10,complete,534.8950013939356,172.60187554845822,171.56926546869045,0.04652982422743257,0.07242067240984174,0.0019304911750469987,0.0,,,,,,
d5_a,d5,a,native,all5,mse,p11,complete,534.8950013939356,17.861932099864752,17.843545360885916,0.04652982422743257,0.07242067240984174,3.437448271328242e-05,1.0,0.00352426880510581,0.0016871645378889121,5448,0.01838673897883736,0.018386738978836803,-5.585809592645319e-16
d5_a,d5,a,native,all5,mse,p12,complete,534.8950013939356,0.41753246116672005,0.39993392070484596,0.04652982422743257,0.07242067240984174,3.290092525825122e-05,1.0,-0.00011013215859030835,0.0016871645378889121,5448,0.017598540461874052,0.01759854046187409,3.8163916471489756e-17
d5_a,d5,a,native,all5,rmse,p08,complete,534.8950013939356,254.89399122774773,250.72778008932517,0.046095434557642645,0.07209014882985854,0.007788839169492068,0.0,,,,,,
d5_a,d5,a,native,all5,rmse,p09,complete,534.8950013939356,64.44469478811665,55.7750915386481,0.046095434557642645,0.07209014882985854,0.01620804686317048,0.0,,,,,,
d5_a,d5,a,native,all5,rmse,p10,complete,534.8950013939356,172.6206332850754,171.58799022553535,0.046095434557642645,0.07209014882985854,0.0019305528315818727,0.0,,,,,,
d5_a,d5,a,native,all5,rmse,p11,complete,534.8950013939356,17.861932099864752,17.843545360885916,0.046095434557642645,0.07209014882985854,3.437448271328242e-05,1.0,,,,,,
d5_a,d5,a,native,all5,rmse,p12,complete,534.8950013939356,0.41753246116672005,0.39993392070484596,0.046095434557642645,0.07209014882985854,3.290092525825122e-05,1.0,,,,,,
d5_a,d5,a,native,all5,mae,p08,complete,534.8950013939356,254.90848861517662,250.7309277601275,0.04610494660646525,0.07203667579736506,0.0078100577574334905,0.0,,,,,,
d5_a,d5,a,native,all5,mae,p09,complete,534.8950013939356,64.3424053853263,55.768564809486286,0.04610494660646525,0.07203667579736506,0.01602901607511119,0.0,,,,,,
d5_a,d5,a,native,all5,mae,p10,complete,534.8950013939356,172.70333236214753,171.61997174168494,0.04610494660646525,0.07203667579736506,0.0020253706197279455,0.0,,,,,,
d5_a,d5,a,native,all5,mae,p11,complete,534.8950013939356,17.862119194928127,17.843545360885916,0.04610494660646525,0.07203667579736506,3.472426175942863e-05,1.0,,,,,,
d5_a,d5,a,native,all5,mae,p12,complete,534.8950013939356,0.4173503570244373,0.39993392070484596,0.04610494660646525,0.07203667579736506,3.2560476867803885e-05,1.0,,,,,,
d5_a,d5,a,native,all5,sam,p08,complete,534.8950013939356,244.88926231525733,239.64703892256665,0.0733718774246217,0.10489122232240533,0.009800471829105662,0.0,,,,,,
d5_a,d5,a,native,all5,sam,p09,complete,534.8950013939356,67.04893642534063,57.05945481331545,0.0733718774246217,0.10489122232240533,0.018675593501514508,0.0,,,,,,
d5_a,d5,a,native,all5,sam,p10,complete,534.8950013939356,165.4310919248741,163.83923786610808,0.0733718774246217,0.10489122232240533,0.0029760122166362386,0.0,,,,,,
d5_a,d5,a,native,all5,sam,p11,complete,534.8950013939356,17.861551348975603,17.843545360885916,0.0733718774246217,0.10489122232240533,3.366265910648951e-05,1.0,,,,,,
d5_a,d5,a,native,all5,sam,p12,complete,534.8950013939356,0.4179089021691829,0.39993392070484596,0.0733718774246217,0.10489122232240533,3.360469142073547e-05,1.0,,,,,,
d5_a,d5,a,native,all5,pearson_r,p08,complete,534.8950013939356,247.263384682605,241.6053661993881,0.06293891474657332,0.09704989677153764,0.010577811474162388,0.0,,,,,,
d5_a,d5,a,native,all5,pearson_r,p09,complete,534.8950013939356,68.06156976854491,57.20278753231909,0.06293891474657332,0.09704989677153764,0.020300773437642625,0.0,,,,,,
d5_a,d5,a,native,all5,pearson_r,p10,complete,534.8950013939356,167.62487580695233,165.9318637117447,0.06293891474657332,0.09704989677153764,0.0031651297746205344,0.0,,,,,,
d5_a,d5,a,native,all5,pearson_r,p11,complete,534.8950013939356,17.861538944257333,17.843545360885916,0.06293891474657332,0.09704989677153764,3.363946816576569e-05,1.0,,,,,,
d5_a,d5,a,native,all5,pearson_r,p12,complete,534.8950013939356,0.4179213004748523,0.39993392070484596,0.06293891474657332,0.09704989677153764,3.362787037293556e-05,1.0,,,,,,
d5_a,d5,a,native,all5,nmse,p08,complete,534.8950013939356,244.30589915247654,240.2477779100625,0.07368461436016482,0.10139058558475611,0.007586762321275382,0.0,,,,,,
d5_a,d5,a,native,all5,nmse,p09,complete,534.8950013939356,67.0298852973258,57.05421247281531,0.07368461436016482,0.10139058558475611,0.018649777617128417,0.0,,,,,,
d5_a,d5,a,native,all5,nmse,p10,complete,534.8950013939356,165.86622405477857,165.116214311777,0.07368461436016482,0.10139058558475611,0.0014021625572253865,0.0,,,,,,
d5_a,d5,a,native,all5,nmse,p11,complete,534.8950013939356,17.86169982899736,17.843545360885916,0.07368461436016482,0.10139058558475611,3.3940246336450536e-05,1.0,,,,,,
d5_a,d5,a,native,all5,nmse,p12,complete,534.8950013939356,0.4177611594653615,0.39993392070484596,0.07368461436016482,0.10139058558475611,3.332848262566977e-05,1.0,,,,,,
d5_a,d5,a,native,all5,wasserstein_1_cm1,p08,complete,534.8950013939356,240.62275211828495,239.6685261270826,0.08149872348050702,0.10226644650577488,0.0017839500999554628,0.0,,,,,,
d5_a,d5,a,native,all5,wasserstein_1_cm1,p09,complete,534.8950013939356,63.93744679974138,56.87648853953256,0.08149872348050702,0.10226644650577488,0.013200643568939649,0.0,,,,,,
d5_a,d5,a,native,all5,wasserstein_1_cm1,p10,complete,534.8950013939356,168.56889465953344,165.5017529519473,0.08149872348050702,0.10226644650577488,0.005734100523641464,0.0,,,,,,
d5_a,d5,a,native,all5,wasserstein_1_cm1,p11,complete,534.8950013939356,17.77249746619693,17.74705486702259,0.08149872348050702,0.10226644650577488,4.756559531878231e-05,0.0,,,,,,
d5_a,d5,a,native,all5,wasserstein_1_cm1,p12,complete,534.8950013939356,0.400150540469028,0.399367862091223,0.08149872348050702,0.10226644650577488,1.4632374125116827e-06,0.0,,,,,,
d5_a,d5,a,native,all5,is_like_structure_to_noise,p08,complete,534.8950013939356,266.03154430534994,251.06114691251761,0.018209597366315222,0.06903750876691883,0.02798754401110392,0.0,,,,,,
d5_a,d5,a,native,all5,is_like_structure_to_noise,p09,complete,534.8950013939356,63.54097016720751,56.24454615067786,0.018209597366315222,0.06903750876691883,0.013640852873022156,0.0,,,,,,
d5_a,d5,a,native,all5,is_like_structure_to_noise,p10,complete,534.8950013939356,174.9821579884681,172.41801070103435,0.018209597366315222,0.06903750876691883,0.004793739482985505,0.0,,,,,,
d5_a,d5,a,native,all5,is_like_structure_to_noise,p11,complete,534.8950013939356,18.732896807826908,17.843545360885916,0.018209597366315222,0.06903750876691883,0.0016626654663501213,1.0,,,,,,
d5_a,d5,a,native,all5,is_like_structure_to_noise,p12,complete,534.8950013939356,1.867209516444975,0.39993392070484596,0.018209597366315222,0.06903750876691883,0.0027431095671419828,1.0,,,,,,
d5_a,d5,a,native,all5,precision,p08,complete,534.8950013939356,257.95362964366626,246.46441439474245,0.02486454111930303,0.07697751600404101,0.02147938421369231,0.009728340675477239,,,,,,
d5_a,d5,a,native,all5,precision,p09,complete,534.8950013939356,63.40806170259461,56.91903993093999,0.02486454111930303,0.07697751600404101,0.012131393553396931,0.0,,,,,,
d5_a,d5,a,native,all5,precision,p10,complete,534.8950013939356,176.33278136654843,172.1471002503166,0.02486454111930303,0.07697751600404101,0.007825238795135398,0.0,,,,,,
d5_a,d5,a,native,all5,precision,p11,complete,534.8950013939356,20.151171922765457,17.790547747962464,0.02486454111930303,0.07697751600404101,0.0044132477750796146,0.7112701908957415,,,,,,
d5_a,d5,a,native,all5,precision,p12,complete,534.8950013939356,3.7494380016916007,0.3990105396908141,0.02486454111930303,0.07697751600404101,0.006263710547433752,0.7353157121879589,,,,,,
d5_a,d5,a,native,all5,recall,p08,complete,534.8950013939356,257.7232336498771,246.14876686581846,0.025903270481182905,0.08296365062269584,0.021638764157256313,0.007158590308370044,,,,,,
d5_a,d5,a,native,all5,recall,p09,complete,534.8950013939356,64.12034668097044,56.873961420107776,0.025903270481182905,0.08296365062269584,0.0135473041288077,0.0,,,,,,
d5_a,d5,a,native,all5,recall,p10,complete,534.8950013939356,175.94575968850492,169.3058728048831,0.025903270481182905,0.08296365062269584,0.012413439771017228,0.0,,,,,,
d5_a,d5,a,native,all5,recall,p11,complete,534.8950013939356,20.363373170838784,17.790547747962464,0.025903270481182905,0.08296365062269584,0.0048099634810038205,0.7112701908957415,,,,,,
d5_a,d5,a,native,all5,recall,p12,complete,534.8950013939356,2.886758303604443,0.3990105396908141,0.025903270481182905,0.08296365062269584,0.0046509086034278915,0.7353157121879589,,,,,,
d5_a,d5,a,native,all5,f1,p08,complete,534.8950013939356,257.6774863753625,246.03049849018896,0.025650983272144212,0.08231474493319912,0.02177434422610331,0.0011013215859030838,,,,,,
d5_a,d5,a,native,all5,f1,p09,complete,534.8950013939356,63.892918573122685,56.86623432987898,0.025650983272144212,0.08231474493319912,0.01313656741029955,0.0,,,,,,
d5_a,d5,a,native,all5,f1,p10,complete,534.8950013939356,176.06359687749324,169.77896468042934,0.025650983272144212,0.08231474493319912,0.011749281972510774,0.0,,,,,,
d5_a,d5,a,native,all5,f1,p11,complete,534.8950013939356,20.296003047901202,17.790547747962464,0.025650983272144212,0.08231474493319912,0.004684013298702593,0.7112701908957415,,,,,,
d5_a,d5,a,native,all5,f1,p12,complete,534.8950013939356,3.2444137869464695,0.3990105396908141,0.025650983272144212,0.08231474493319912,0.005319554753438597,0.7353157121879589,,,,,,
d5_a,d5,a,native,all5,artifact_peak_ratio,p08,complete,534.8950013939356,257.95362964366626,246.46441439474245,0.02486454111930303,0.07697751600404101,0.02147938421369231,0.009728340675477239,,,,,,
d5_a,d5,a,native,all5,artifact_peak_ratio,p09,complete,534.8950013939356,63.40806170259461,56.91903993093999,0.02486454111930303,0.07697751600404101,0.012131393553396931,0.0,,,,,,
d5_a,d5,a,native,all5,artifact_peak_ratio,p10,complete,534.8950013939356,176.33278136654843,172.1471002503166,0.02486454111930303,0.07697751600404101,0.007825238795135398,0.0,,,,,,
d5_a,d5,a,native,all5,artifact_peak_ratio,p11,complete,534.8950013939356,20.151171922765457,17.790547747962464,0.02486454111930303,0.07697751600404101,0.0044132477750796146,0.7112701908957415,,,,,,
d5_a,d5,a,native,all5,artifact_peak_ratio,p12,complete,534.8950013939356,3.7494380016916007,0.3990105396908141,0.02486454111930303,0.07697751600404101,0.006263710547433752,0.7353157121879589,,,,,,
d5_a,d5,a,native,all5,missing_peak_ratio,p08,complete,534.8950013939356,257.7232336498771,246.14876686581846,0.025903270481182905,0.08296365062269584,0.021638764157256313,0.007158590308370044,,,,,,
d5_a,d5,a,native,all5,missing_peak_ratio,p09,complete,534.8950013939356,64.12034668097044,56.873961420107776,0.025903270481182905,0.08296365062269584,0.0135473041288077,0.0,,,,,,
d5_a,d5,a,native,all5,missing_peak_ratio,p10,complete,534.8950013939356,175.94575968850492,169.3058728048831,0.025903270481182905,0.08296365062269584,0.012413439771017228,0.0,,,,,,
d5_a,d5,a,native,all5,missing_peak_ratio,p11,complete,534.8950013939356,20.363373170838784,17.790547747962464,0.025903270481182905,0.08296365062269584,0.0048099634810038205,0.7112701908957415,,,,,,
d5_a,d5,a,native,all5,missing_peak_ratio,p12,complete,534.8950013939356,2.886758303604443,0.3990105396908141,0.025903270481182905,0.08296365062269584,0.0046509086034278915,0.7353157121879589,,,,,,
d5_a,d5,a,native,no_axis,mse,p08,complete,497.33159411690394,254.70184659515658,250.52660891343703,0.011278855146955258,0.039043422746246836,0.008395279389264279,0.0,,,,,,
d5_a,d5,a,native,no_axis,mse,p09,complete,497.33159411690394,64.42168693572033,55.81819206060534,0.011278855146955258,0.039043422746246836,0.017299312927005865,0.0,,,,,,
d5_a,d5,a,native,no_axis,mse,p10,complete,497.33159411690394,172.5987295759781,171.56926546869045,0.011278855146955258,0.039043422746246836,0.0020699752830214218,0.0,,,,,,
d5_a,d5,a,native,no_axis,rmse,p08,complete,497.33159411690394,254.89518268817523,250.72778008932517,0.010811656067354458,0.03868793475218579,0.008379525146094913,0.0,,,,,,
d5_a,d5,a,native,no_axis,rmse,p09,complete,497.33159411690394,64.44194596911237,55.7750915386481,0.010811656067354458,0.03868793475218579,0.01742671194226805,0.0,,,,,,
d5_a,d5,a,native,no_axis,rmse,p10,complete,497.33159411690394,172.6174873125953,171.58799022553535,0.010811656067354458,0.03868793475218579,0.0020700415964684206,0.0,,,,,,
d5_a,d5,a,native,no_axis,mae,p08,complete,497.33159411690394,254.91071157467974,250.7309277601275,0.010830977375421047,0.038630422906711814,0.008404420438991263,0.0,,,,,,
d5_a,d5,a,native,no_axis,mae,p09,complete,497.33159411690394,64.33957921759038,55.768564809486286,0.010830977375421047,0.038630422906711814,0.017234003448591256,0.0,,,,,,
d5_a,d5,a,native,no_axis,mae,p10,complete,497.33159411690394,172.69471608067158,171.61997174168494,0.010830977375421047,0.038630422906711814,0.0021610216437084467,0.0,,,,,,
d5_a,d5,a,native,no_axis,sam,p08,complete,497.33159411690394,244.8892477582091,239.64703892256665,0.04013884950126001,0.0739664701580709,0.01054067124963352,0.0,,,,,,
d5_a,d5,a,native,no_axis,sam,p09,complete,497.33159411690394,67.04893642534063,57.05945481331545,0.04013884950126001,0.0739664701580709,0.02008615927520789,0.0,,,,,,
d5_a,d5,a,native,no_axis,sam,p10,complete,497.33159411690394,165.4310919248741,163.83923786610808,0.04013884950126001,0.0739664701580709,0.0032007901319694265,0.0,,,,,,
d5_a,d5,a,native,no_axis,pearson_r,p08,complete,497.33159411690394,247.26338176905756,241.6053661993881,0.028917862734794464,0.06553289004557183,0.011376746694961526,0.0,,,,,,
d5_a,d5,a,native,no_axis,pearson_r,p09,complete,497.33159411690394,68.06156976854491,57.20278753231909,0.028917862734794464,0.06553289004557183,0.021834088894970405,0.0,,,,,,
d5_a,d5,a,native,no_axis,pearson_r,p10,complete,497.33159411690394,167.62487580695233,165.9318637117447,0.028917862734794464,0.06553289004557183,0.003404191720845457,0.0,,,,,,
d5_a,d5,a,native,no_axis,nmse,p08,complete,497.33159411690394,244.30589915247654,240.2477779100625,0.04047548719041627,0.07020143066567841,0.00815978974675826,0.0,,,,,,
d5_a,d5,a,native,no_axis,nmse,p09,complete,497.33159411690394,67.0297323425808,57.05421247281531,0.04047548719041627,0.07020143066567841,0.020058085968736244,0.0,,,,,,
d5_a,d5,a,native,no_axis,nmse,p10,complete,497.33159411690394,165.86622405477857,165.116214311777,0.04047548719041627,0.07020143066567841,0.0015080677597677382,0.0,,,,,,
d5_a,d5,a,native,no_axis,wasserstein_1_cm1,p08,complete,497.33159411690394,240.62275211828495,239.6685261270826,0.04871662247136488,0.07094829066911712,0.0019186916787315266,0.0,,,,,,
d5_a,d5,a,native,no_axis,wasserstein_1_cm1,p09,complete,497.33159411690394,63.92124994055347,56.87648853953256,0.04871662247136488,0.07094829066911712,0.014165119377806812,0.0,,,,,,
d5_a,d5,a,native,no_axis,wasserstein_1_cm1,p10,complete,497.33159411690394,168.55927654439023,165.5017529519473,0.04871662247136488,0.07094829066911712,0.006147857141213938,0.0,,,,,,
d5_a,d5,a,native,no_axis,is_like_structure_to_noise,p08,complete,497.33159411690394,255.99185735117567,251.06114691251761,0.002717635728892165,0.03540472908008152,0.009914331799919768,0.0,,,,,,
d5_a,d5,a,native,no_axis,is_like_structure_to_noise,p09,complete,497.33159411690394,65.56019515541743,56.24454615067786,0.002717635728892165,0.03540472908008152,0.018731263235510057,0.0,,,,,,
d5_a,d5,a,native,no_axis,is_like_structure_to_noise,p10,complete,497.33159411690394,174.42797550103182,172.41801070103435,0.002717635728892165,0.03540472908008152,0.004041498315759575,0.0,,,,,,
d5_a,d5,a,native,no_axis,precision,p08,complete,497.33159411690394,255.15734682111764,246.46441439474245,0.0012541519065322193,0.04383602368881523,0.017479147774254963,0.009728340675477239,,,,,,
d5_a,d5,a,native,no_axis,precision,p09,complete,497.33159411690394,66.50337446904106,56.91903993093999,0.0012541519065322193,0.04383602368881523,0.019271517537750023,0.0,,,,,,
d5_a,d5,a,native,no_axis,precision,p10,complete,497.33159411690394,175.0471434598048,172.1471002503166,0.0012541519065322193,0.04383602368881523,0.005831206470278029,0.0,,,,,,
d5_a,d5,a,native,no_axis,recall,p08,complete,497.33159411690394,254.9191243745178,246.14876686581846,0.0015940001979883878,0.0502742904771446,0.01763482877912192,0.007158590308370044,,,,,,
d5_a,d5,a,native,no_axis,recall,p09,complete,497.33159411690394,66.59894351233092,56.873961420107776,0.0015940001979883878,0.0502742904771446,0.019554321919747517,0.0,,,,,,
d5_a,d5,a,native,no_axis,recall,p10,complete,497.33159411690394,175.02077957056702,169.3058728048831,0.0015940001979883878,0.0502742904771446,0.01149113958028682,0.0,,,,,,
d5_a,d5,a,native,no_axis,f1,p08,complete,497.33159411690394,254.80285782957225,246.03049849018896,0.0018432188511879888,0.04957637300358386,0.017638853921919193,0.0011013215859030838,,,,,,
d5_a,d5,a,native,no_axis,f1,p09,complete,497.33159411690394,66.58838495191172,56.86623432987898,0.0018432188511879888,0.04957637300358386,0.019548628595165075,0.0,,,,,,
d5_a,d5,a,native,no_axis,f1,p10,complete,497.33159411690394,175.02366036585235,169.77896468042934,0.0018432188511879888,0.04957637300358386,0.010545671635311683,0.0,,,,,,
d5_a,d5,a,native,no_axis,artifact_peak_ratio,p08,complete,497.33159411690394,255.15734682111764,246.46441439474245,0.0012541519065322193,0.04383602368881523,0.017479147774254963,0.009728340675477239,,,,,,
d5_a,d5,a,native,no_axis,artifact_peak_ratio,p09,complete,497.33159411690394,66.50337446904106,56.91903993093999,0.0012541519065322193,0.04383602368881523,0.019271517537750023,0.0,,,,,,
d5_a,d5,a,native,no_axis,artifact_peak_ratio,p10,complete,497.33159411690394,175.0471434598048,172.1471002503166,0.0012541519065322193,0.04383602368881523,0.005831206470278029,0.0,,,,,,
d5_a,d5,a,native,no_axis,missing_peak_ratio,p08,complete,497.33159411690394,254.9191243745178,246.14876686581846,0.0015940001979883878,0.0502742904771446,0.01763482877912192,0.007158590308370044,,,,,,
d5_a,d5,a,native,no_axis,missing_peak_ratio,p09,complete,497.33159411690394,66.59894351233092,56.873961420107776,0.0015940001979883878,0.0502742904771446,0.019554321919747517,0.0,,,,,,
d5_a,d5,a,native,no_axis,missing_peak_ratio,p10,complete,497.33159411690394,175.02077957056702,169.3058728048831,0.0015940001979883878,0.0502742904771446,0.01149113958028682,0.0,,,,,,
d5_a,d5,a,common_grid,all5,mse,p08,complete,534.8950013939356,256.91464829709935,250.53177077586724,0.040735457946716735,0.07219879002999596,0.011932954139781356,0.0,,,,,,
d5_a,d5,a,common_grid,all5,mse,p09,complete,534.8950013939356,62.402560788677505,55.82187763799698,0.040735457946716735,0.07219879002999596,0.012302756865424579,0.0,,,,,,
d5_a,d5,a,common_grid,all5,mse,p10,complete,534.8950013939356,173.71787462169507,171.7631051123979,0.040735457946716735,0.07219879002999596,0.0036544920109611674,0.0,,,,,,
d5_a,d5,a,common_grid,all5,mse,p11,complete,534.8950013939356,19.39591293797552,17.76033211577952,0.040735457946716735,0.07219879002999596,0.0030577605285779077,0.0,,,,,,
d5_a,d5,a,common_grid,all5,mse,p12,complete,534.8950013939356,0.6748119132964269,0.39914385815879805,0.040735457946716735,0.07219879002999596,0.0005153685385341767,0.0,,,,,,
d5_a,d5,a,common_grid,all5,rmse,p08,complete,534.8950013939356,257.04635789493557,250.70542105799007,0.04091290818237836,0.07206261943958481,0.011854544948860983,0.0,,,,,,
d5_a,d5,a,common_grid,all5,rmse,p09,complete,534.8950013939356,62.34851835593339,55.76998559453057,0.04091290818237836,0.07206261943958481,0.012298736657211548,0.0,,,,,,
d5_a,d5,a,common_grid,all5,rmse,p10,complete,534.8950013939356,173.58503717820457,171.70737762388416,0.04091290818237836,0.07206261943958481,0.00351033296147322,0.0,,,,,,
d5_a,d5,a,common_grid,all5,rmse,p11,complete,534.8950013939356,19.418415231563475,17.767368342565987,0.04091290818237836,0.07206261943958481,0.0030866747393317635,0.0,,,,,,
d5_a,d5,a,common_grid,all5,rmse,p12,complete,534.8950013939356,0.6125626540553755,0.398913849377443,0.04091290818237836,0.07206261943958481,0.0003994219503288758,0.0,,,,,,
d5_a,d5,a,common_grid,all5,mae,p08,complete,534.8950013939356,256.4762882157596,250.7212861015973,0.04274706346289603,0.07211239915451606,0.010759124873414069,0.0,,,,,,
d5_a,d5,a,common_grid,all5,mae,p09,complete,534.8950013939356,62.67317754956003,55.758026759337895,0.04274706346289603,0.07211239915451606,0.012928052743437996,0.0,,,,,,
d5_a,d5,a,common_grid,all5,mae,p10,complete,534.8950013939356,173.45291792536034,171.67545158273262,0.04274706346289603,0.07211239915451606,0.0033230191682397615,0.0,,,,,,
d5_a,d5,a,common_grid,all5,mae,p11,complete,534.8950013939356,18.88636682142134,17.76873941279289,0.04274706346289603,0.07211239915451606,0.0020894332639413613,0.0,,,,,,
d5_a,d5,a,common_grid,all5,mae,p12,complete,534.8950013939356,0.541060311261889,0.398935691200051,0.04274706346289603,0.07211239915451606,0.0002657056425867905,0.0,,,,,,
d5_a,d5,a,common_grid,all5,sam,p08,complete,534.8950013939356,244.72900614741658,238.37965583093975,0.08522512976433694,0.11719609899681094,0.01187027416582775,0.0,,,,,,
d5_a,d5,a,common_grid,all5,sam,p09,complete,534.8950013939356,63.89174721051659,54.2158292443292,0.08522512976433694,0.11719609899681094,0.018089378178842482,0.0,,,,,,
d5_a,d5,a,common_grid,all5,sam,p10,complete,534.8950013939356,162.5130948510262,161.56532158279396,0.08522512976433694,0.11719609899681094,0.0017718865679476228,0.0,,,,,,
d5_a,d5,a,common_grid,all5,sam,p11,complete,534.8950013939356,17.77465834512703,17.64685104892444,0.08522512976433694,0.11719609899681094,0.00023893903638943907,0.0,,,,,,
d5_a,d5,a,common_grid,all5,sam,p12,complete,534.8950013939356,0.39999893575584866,0.39973615068524476,0.08522512976433694,0.11719609899681094,4.912834666973108e-07,0.0,,,,,,
d5_a,d5,a,common_grid,all5,pearson_r,p08,complete,534.8950013939356,248.20096234073944,240.91235484055608,0.07103042556788375,0.1054797641472297,0.01362623969412552,0.0,,,,,,
d5_a,d5,a,common_grid,all5,pearson_r,p09,complete,534.8950013939356,65.09299584693007,55.21079806751836,0.07103042556788375,0.1054797641472297,0.01847502360960322,0.0,,,,,,
d5_a,d5,a,common_grid,all5,pearson_r,p10,complete,534.8950013939356,165.47972742787044,164.26886579067428,0.07103042556788375,0.1054797641472297,0.0022637370587510583,0.0,,,,,,
d5_a,d5,a,common_grid,all5,pearson_r,p11,complete,534.8950013939356,17.726686677571042,17.682539680022956,0.07103042556788375,0.1054797641472297,8.253395046324583e-05,0.0,,,,,,
d5_a,d5,a,common_grid,all5,pearson_r,p12,complete,534.8950013939356,0.4008095176795172,0.39984442459945013,0.07103042556788375,0.1054797641472297,1.8042664028490998e-06,0.0,,,,,,
d5_a,d5,a,common_grid,all5,nmse,p08,complete,534.8950013939356,243.39961929949735,238.70893179163545,0.0874276537216877,0.11581442596184988,0.008769361268357343,0.0,,,,,,
d5_a,d5,a,common_grid,all5,nmse,p09,complete,534.8950013939356,63.28330918306083,54.00712981521232,0.0874276537216877,0.11581442596184988,0.017342056560025406,0.0,,,,,,
d5_a,d5,a,common_grid,all5,nmse,p10,complete,534.8950013939356,163.27438977424742,162.16808284492424,0.0874276537216877,0.11581442596184988,0.0020682693359259487,0.0,,,,,,
d5_a,d5,a,common_grid,all5,nmse,p11,complete,534.8950013939356,17.77293652848506,17.662518114027993,0.0874276537216877,0.11581442596184988,0.00020643007350848005,0.0,,,,,,
d5_a,d5,a,common_grid,all5,nmse,p12,complete,534.8950013939356,0.40013164931426903,0.399781291834003,0.0874276537216877,0.11581442596184988,6.550023450454349e-07,0.0,,,,,,
d5_a,d5,a,common_grid,all5,wasserstein_1_cm1,p08,unavailable,,,,,,,,,,,,,
d5_a,d5,a,common_grid,all5,wasserstein_1_cm1,p09,unavailable,,,,,,,,,,,,,
d5_a,d5,a,common_grid,all5,wasserstein_1_cm1,p10,unavailable,,,,,,,,,,,,,
d5_a,d5,a,common_grid,all5,wasserstein_1_cm1,p11,unavailable,,,,,,,,,,,,,
d5_a,d5,a,common_grid,all5,wasserstein_1_cm1,p12,unavailable,,,,,,,,,,,,,
d5_a,d5,a,common_grid,all5,is_like_structure_to_noise,p08,complete,534.8950013939356,268.54144885201435,251.84203250754297,0.0036163619480142906,0.06422377405673496,0.031219989532436723,0.0,,,,,,
d5_a,d5,a,common_grid,all5,is_like_structure_to_noise,p09,complete,534.8950013939356,61.616794372141314,57.251261194904984,0.0036163619480142906,0.06422377405673496,0.008161476861551824,0.0,,,,,,
d5_a,d5,a,common_grid,all5,is_like_structure_to_noise,p10,complete,534.8950013939356,177.58207426905847,173.41735851092938,0.0036163619480142906,0.06422377405673496,0.00778604351746766,0.0,,,,,,
d5_a,d5,a,common_grid,all5,is_like_structure_to_noise,p11,complete,534.8950013939356,20.83163291981431,17.63226266371914,0.0036163619480142906,0.06422377405673496,0.005981305205241427,0.0,,,,,,
d5_a,d5,a,common_grid,all5,is_like_structure_to_noise,p12,complete,534.8950013939356,4.3886770516830405,0.39911080323803394,0.0036163619480142906,0.06422377405673496,0.007458596992023114,0.0,,,,,,
d5_a,d5,a,common_grid,all5,precision,p08,complete,534.8950013939356,263.9515166180885,249.14201761207164,0.005817475375323067,0.07003097846047346,0.02768674032739761,0.0513950073421439,,,,,,
d5_a,d5,a,common_grid,all5,precision,p09,complete,534.8950013939356,60.490677430271205,57.38820955181624,0.005817475375323067,0.07003097846047346,0.005800143711139429,0.0,,,,,,
d5_a,d5,a,common_grid,all5,precision,p10,complete,534.8950013939356,178.8317733964916,172.80212814200235,0.005817475375323067,0.07003097846047346,0.011272577307277163,0.0,,,,,,
d5_a,d5,a,common_grid,all5,precision,p11,complete,534.8950013939356,24.129766487942067,17.703492681309868,0.005817475375323067,0.07003097846047346,0.012014084614523106,0.022026431718061675,,,,,,
d5_a,d5,a,common_grid,all5,precision,p12,complete,534.8950013939356,4.379528962149475,0.3999330855018588,0.005817475375323067,0.07003097846047346,0.007439957124812899,0.1723568281938326,,,,,,
d5_a,d5,a,common_grid,all5,recall,p08,complete,534.8950013939356,262.2760750411969,246.91633363227618,0.011353251465607395,0.0778012353936619,0.028715432690328606,0.03102055800293686,,,,,,
d5_a,d5,a,common_grid,all5,recall,p09,complete,534.8950013939356,61.536106701698664,57.42857229772824,0.011353251465607395,0.0778012353936619,0.0076791415011660405,0.0,,,,,,
d5_a,d5,a,common_grid,all5,recall,p10,complete,534.8950013939356,177.71077033563873,170.83412780634674,0.011353251465607395,0.0778012353936619,0.01285606055650447,0.0,,,,,,
d5_a,d5,a,common_grid,all5,recall,p11,complete,534.8950013939356,25.051342571128693,17.701128879914833,0.011353251465607395,0.0778012353936619,0.013741414057075149,0.020374449339207047,,,,,,
d5_a,d5,a,common_grid,all5,recall,p12,complete,534.8950013939356,2.247909285750731,0.39934686332687414,0.011353251465607395,0.0778012353936619,0.0034559351229802217,0.16519823788546256,,,,,,
d5_a,d5,a,common_grid,all5,f1,p08,complete,534.8950013939356,262.50987193828394,246.9441184644958,0.010607672665244205,0.07793646743526106,0.029100577558630745,0.011380323054331865,,,,,,
d5_a,d5,a,common_grid,all5,f1,p09,complete,534.8950013939356,61.41396923481727,57.32439025392698,0.010607672665244205,0.07793646743526106,0.00764557337464895,0.0,,,,,,
d5_a,d5,a,common_grid,all5,f1,p10,complete,534.8950013939356,177.82806104968836,170.84189643027634,0.010607672665244205,0.07793646743526106,0.013060814928548686,0.0,,,,,,
d5_a,d5,a,common_grid,all5,f1,p11,complete,534.8950013939356,25.03173205597148,17.69683736364491,0.010607672665244205,0.07793646743526106,0.013712774793579767,0.003854625550660793,,,,,,
d5_a,d5,a,common_grid,all5,f1,p12,complete,534.8950013939356,2.4373760301123832,0.3999320241691844,0.010607672665244205,0.07793646743526106,0.0038090541146087037,0.07764317180616741,,,,,,
d5_a,d5,a,common_grid,all5,artifact_peak_ratio,p08,complete,534.8950013939356,263.9515166180885,249.14201761207164,0.005817475375323067,0.07003097846047346,0.027686740327397603,0.0513950073421439,,,,,,
d5_a,d5,a,common_grid,all5,artifact_peak_ratio,p09,complete,534.8950013939356,60.490677430271205,57.38820955181624,0.005817475375323067,0.07003097846047346,0.005800143711139429,0.0,,,,,,
d5_a,d5,a,common_grid,all5,artifact_peak_ratio,p10,complete,534.8950013939356,178.8317733964916,172.80212814200235,0.005817475375323067,0.07003097846047346,0.011272577307277163,0.0,,,,,,
d5_a,d5,a,common_grid,all5,artifact_peak_ratio,p11,complete,534.8950013939356,24.129766487942067,17.703492681309868,0.005817475375323067,0.07003097846047346,0.012014084614523106,0.022026431718061675,,,,,,
d5_a,d5,a,common_grid,all5,artifact_peak_ratio,p12,complete,534.8950013939356,4.379528962149475,0.3999330855018588,0.005817475375323067,0.07003097846047346,0.0074399571248128975,0.1723568281938326,,,,,,
d5_a,d5,a,common_grid,all5,missing_peak_ratio,p08,complete,534.8950013939356,262.2760750411969,246.91633363227618,0.011353251465607395,0.0778012353936619,0.028715432690328606,0.03102055800293686,,,,,,
d5_a,d5,a,common_grid,all5,missing_peak_ratio,p09,complete,534.8950013939356,61.536106701698664,57.42857229772824,0.011353251465607395,0.0778012353936619,0.0076791415011660405,0.0,,,,,,
d5_a,d5,a,common_grid,all5,missing_peak_ratio,p10,complete,534.8950013939356,177.71077033563873,170.83412780634674,0.011353251465607395,0.0778012353936619,0.012856060556504472,0.0,,,,,,
d5_a,d5,a,common_grid,all5,missing_peak_ratio,p11,complete,534.8950013939356,25.051342571128693,17.701128879914833,0.011353251465607395,0.0778012353936619,0.013741414057075149,0.020374449339207047,,,,,,
d5_a,d5,a,common_grid,all5,missing_peak_ratio,p12,complete,534.8950013939356,2.247909285750731,0.39934686332687414,0.011353251465607395,0.0778012353936619,0.0034559351229802217,0.16519823788546256,,,,,,
d5_a,d5,a,common_grid,no_axis,mse,p08,complete,497.33159411690394,254.7562172159803,250.53177077586724,0.011384414925353359,0.03863587356592735,0.008494224959937067,0.0,,,,,,
d5_a,d5,a,common_grid,no_axis,mse,p09,complete,497.33159411690394,64.1878113103898,55.82187763799698,0.011384414925353359,0.03863587356592735,0.016821641277884113,0.0,,,,,,
d5_a,d5,a,common_grid,no_axis,mse,p10,complete,497.33159411690394,172.72573636761956,171.7631051123979,0.011384414925353359,0.03863587356592735,0.0019355924027528858,0.0,,,,,,
d5_a,d5,a,common_grid,no_axis,rmse,p08,complete,497.33159411690394,254.9420969014236,250.70542105799007,0.011363053534645506,0.03850310349677466,0.00851881499898766,0.0,,,,,,
d5_a,d5,a,common_grid,no_axis,rmse,p09,complete,497.33159411690394,64.08857037478185,55.76998559453057,0.011363053534645506,0.03850310349677466,0.016726435397739662,0.0,,,,,,
d5_a,d5,a,common_grid,no_axis,rmse,p10,complete,497.33159411690394,172.64972131227756,171.70737762388416,0.011363053534645506,0.03850310349677466,0.0018947995654019533,0.0,,,,,,
d5_a,d5,a,common_grid,no_axis,mae,p08,complete,497.33159411690394,254.85820869004021,250.7212861015973,0.011650601167646935,0.03855944384005583,0.008318238047572164,0.0,,,,,,
d5_a,d5,a,common_grid,no_axis,mae,p09,complete,497.33159411690394,64.00695218497867,55.758026759337895,0.011650601167646935,0.03855944384005583,0.016586369181487703,0.0,,,,,,
d5_a,d5,a,common_grid,no_axis,mae,p10,complete,497.33159411690394,172.67222119075893,171.67545158273262,0.011650601167646935,0.03855944384005583,0.0020042354433488893,0.0,,,,,,
d5_a,d5,a,common_grid,no_axis,sam,p08,complete,497.33159411690394,244.70150104268606,238.37965583093975,0.05272063173354746,0.08680483598774391,0.012711529463499712,0.0,,,,,,
d5_a,d5,a,common_grid,no_axis,sam,p09,complete,497.33159411690394,63.91012678293418,54.2158292443292,0.05272063173354746,0.08680483598774391,0.01949262353987146,0.0,,,,,,
d5_a,d5,a,common_grid,no_axis,sam,p10,complete,497.33159411690394,162.5003304683883,161.56532158279396,0.05272063173354746,0.08680483598774391,0.0018800512508251532,0.0,,,,,,
d5_a,d5,a,common_grid,no_axis,pearson_r,p08,complete,497.33159411690394,248.17145517516192,240.91235484055608,0.03735097597935588,0.0742755454411611,0.01459609729298537,0.0,,,,,,
d5_a,d5,a,common_grid,no_axis,pearson_r,p09,complete,497.33159411690394,65.10837665638871,55.21079806751836,0.03735097597935588,0.0742755454411611,0.019901367027456148,0.0,,,,,,
d5_a,d5,a,common_grid,no_axis,pearson_r,p10,complete,497.33159411690394,165.4759418597181,164.26886579067428,0.03735097597935588,0.0742755454411611,0.002427105141363834,0.0,,,,,,
d5_a,d5,a,common_grid,no_axis,nmse,p08,complete,497.33159411690394,243.38417092068408,238.70893179163545,0.05508717923706419,0.08535039834037605,0.00940064774559585,0.0,,,,,,
d5_a,d5,a,common_grid,no_axis,nmse,p09,complete,497.33159411690394,63.285055609322924,54.00712981521232,0.05508717923706419,0.08535039834037605,0.01865541201054222,0.0,,,,,,
d5_a,d5,a,common_grid,no_axis,nmse,p10,complete,497.33159411690394,163.26577292152416,162.16808284492424,0.05508717923706419,0.08535039834037605,0.002207159347173669,0.0,,,,,,
d5_a,d5,a,common_grid,no_axis,wasserstein_1_cm1,p08,unavailable,,,,,,,,,,,,,
d5_a,d5,a,common_grid,no_axis,wasserstein_1_cm1,p09,unavailable,,,,,,,,,,,,,
d5_a,d5,a,common_grid,no_axis,wasserstein_1_cm1,p10,unavailable,,,,,,,,,,,,,
d5_a,d5,a,common_grid,no_axis,is_like_structure_to_noise,p08,complete,497.33159411690394,255.97495650592214,251.84203250754297,0.00014517382491452402,0.029800925738176276,0.00831019795900529,0.0,,,,,,
d5_a,d5,a,common_grid,no_axis,is_like_structure_to_noise,p09,complete,497.33159411690394,66.12697712573858,57.251261194904984,0.00014517382491452402,0.029800925738176276,0.017846676213269585,0.0,,,,,,
d5_a,d5,a,common_grid,no_axis,is_like_structure_to_noise,p10,complete,497.33159411690394,175.15746095547445,173.41735851092938,0.00014517382491452402,0.029800925738176276,0.0034988777409867616,0.0,,,,,,
d5_a,d5,a,common_grid,no_axis,precision,p08,complete,497.33159411690394,255.463070746863,249.14201761207164,0.000666209227890957,0.03619162551491295,0.012709936809897298,0.0513950073421439,,,,,,
d5_a,d5,a,common_grid,no_axis,precision,p09,complete,497.33159411690394,66.48487395283286,57.38820955181624,0.000666209227890957,0.03619162551491295,0.018290944127869593,0.0,,,,,,
d5_a,d5,a,common_grid,no_axis,precision,p10,complete,497.33159411690394,175.0523225198857,172.80212814200235,0.000666209227890957,0.03619162551491295,0.004524535349255214,0.0,,,,,,
d5_a,d5,a,common_grid,no_axis,recall,p08,complete,497.33159411690394,254.49912671084746,246.91633363227618,0.0019924647534053097,0.04454283750037724,0.015246956292885095,0.03102055800293686,,,,,,
d5_a,d5,a,common_grid,no_axis,recall,p09,complete,497.33159411690394,66.89953093011536,57.42857229772824,0.0019924647534053097,0.04454283750037724,0.01904354910169021,0.0,,,,,,
d5_a,d5,a,common_grid,no_axis,recall,p10,complete,497.33159411690394,174.9420208039082,170.83412780634674,0.0019924647534053097,0.04454283750037724,0.00825986735239642,0.0,,,,,,
d5_a,d5,a,common_grid,no_axis,f1,p08,complete,497.33159411690394,254.58882808605492,246.9441184644958,0.001892824149355099,0.04468083112166299,0.015371453798614184,0.011380323054331865,,,,,,
d5_a,d5,a,common_grid,no_axis,f1,p09,complete,497.33159411690394,66.84574700667778,57.32439025392698,0.001892824149355099,0.04468083112166299,0.019144886159218527,0.0,,,,,,
d5_a,d5,a,common_grid,no_axis,f1,p10,complete,497.33159411690394,174.9556577725895,170.84189643027634,0.001892824149355099,0.04468083112166299,0.008271667014475206,0.0,,,,,,
d5_a,d5,a,common_grid,no_axis,artifact_peak_ratio,p08,complete,497.33159411690394,255.463070746863,249.14201761207164,0.000666209227890957,0.03619162551491295,0.012709936809897295,0.0513950073421439,,,,,,
d5_a,d5,a,common_grid,no_axis,artifact_peak_ratio,p09,complete,497.33159411690394,66.48487395283286,57.38820955181624,0.000666209227890957,0.03619162551491295,0.018290944127869593,0.0,,,,,,
d5_a,d5,a,common_grid,no_axis,artifact_peak_ratio,p10,complete,497.33159411690394,175.0523225198857,172.80212814200235,0.000666209227890957,0.03619162551491295,0.004524535349255214,0.0,,,,,,
d5_a,d5,a,common_grid,no_axis,missing_peak_ratio,p08,complete,497.33159411690394,254.49912671084746,246.91633363227618,0.0019924647534053097,0.04454283750037724,0.015246956292885095,0.03102055800293686,,,,,,
d5_a,d5,a,common_grid,no_axis,missing_peak_ratio,p09,complete,497.33159411690394,66.89953093011536,57.42857229772824,0.0019924647534053097,0.04454283750037724,0.01904354910169021,0.0,,,,,,
d5_a,d5,a,common_grid,no_axis,missing_peak_ratio,p10,complete,497.33159411690394,174.9420208039082,170.83412780634674,0.0019924647534053097,0.04454283750037724,0.008259867352396422,0.0,,,,,,
d5_b,d5,b,native,all5,mse,p08,complete,799.4481718060631,292.285287737253,291.91252196135383,0.07919799643842318,0.09046426674818142,0.0004662788521450533,0.0,,,,,,
d5_b,d5,b,native,all5,mse,p09,complete,799.4481718060631,157.09078249034204,152.07957218729464,0.07919799643842318,0.09046426674818142,0.006268336684949038,0.0,,,,,,
d5_b,d5,b,native,all5,mse,p10,complete,799.4481718060631,285.7940344769436,282.1719138540891,0.07919799643842318,0.09046426674818142,0.004530776041017918,0.0,,,,,,
d5_b,d5,b,native,all5,mse,p11,complete,799.4481718060631,0.8207785388384431,0.8204272886344945,0.07919799643842318,0.09046426674818142,4.39365822996272e-07,1.0,-0.0003137892455073073,-5.987343542409629e-05,5448,0.0003512502039484418,0.0003512502039485499,1.0809495659680479e-16
d5_b,d5,b,native,all5,mse,p12,complete,799.4481718060631,0.14259509928543132,0.14224384908148277,0.07919799643842318,0.09046426674818142,4.3936582299629443e-07,1.0,0.00019404237465911472,-5.987343542409629e-05,5448,0.000351250203948442,0.0003512502039485499,1.0787811616230769e-16
d5_b,d5,b,native,all5,rmse,p08,complete,799.4481718060631,292.24237841808684,291.8311137151652,0.07938484545652513,0.09069554854494366,0.0005144357288259738,0.0,,,,,,
d5_b,d5,b,native,all5,rmse,p09,complete,799.4481718060631,157.01894728514452,152.01479421156495,0.07938484545652513,0.09069554854494366,0.006259509058948185,0.0,,,,,,
d5_b,d5,b,native,all5,rmse,p10,complete,799.4481718060631,285.75940289538204,282.1332022664137,0.07938484545652513,0.09069554854494366,0.004535879568998491,0.0,,,,,,
d5_b,d5,b,native,all5,rmse,p11,complete,799.4481718060631,0.8207785388384431,0.8204272886344945,0.07938484545652513,0.09069554854494366,4.39365822996272e-07,1.0,,,,,,
d5_b,d5,b,native,all5,rmse,p12,complete,799.4481718060631,0.14259509928543132,0.14224384908148277,0.07938484545652513,0.09069554854494366,4.3936582299629443e-07,1.0,,,,,,
d5_b,d5,b,native,all5,mae,p08,complete,799.4481718060631,292.4410756584617,291.93804462977454,0.0790437316807936,0.09040653329033255,0.0006292228144705416,0.0,,,,,,
d5_b,d5,b,native,all5,mae,p09,complete,799.4481718060631,156.94403122492156,152.01746268963032,0.0790437316807936,0.09040653329033255,0.0061624614440751405,0.0,,,,,,
d5_b,d5,b,native,all5,mae,p10,complete,799.4481718060631,285.90832449961647,282.25465559066197,0.0790437316807936,0.09040653329033255,0.004570238619347097,0.0,,,,,,
d5_b,d5,b,native,all5,mae,p11,complete,799.4481718060631,0.8207785388384431,0.8204272886344945,0.0790437316807936,0.09040653329033255,4.39365822996272e-07,1.0,,,,,,
d5_b,d5,b,native,all5,mae,p12,complete,799.4481718060631,0.14259509928543132,0.14224384908148277,0.0790437316807936,0.09040653329033255,4.3936582299629443e-07,1.0,,,,,,
d5_b,d5,b,native,all5,sam,p08,complete,799.4481718060631,281.2612053492344,280.46821451827856,0.11799789344038547,0.13332253810859906,0.0009919227523709914,0.0,,,,,,
d5_b,d5,b,native,all5,sam,p09,complete,799.4481718060631,154.45327109100052,148.50182611239893,0.11799789344038547,0.13332253810859906,0.007444441288991182,0.0,,,,,,
d5_b,d5,b,native,all5,sam,p10,complete,799.4481718060631,268.4371215398216,262.93100068620583,0.11799789344038547,0.13332253810859906,0.006887401895205619,0.0,,,,,,
d5_b,d5,b,native,all5,sam,p11,complete,799.4481718060631,0.8207785388384431,0.8204272886344945,0.11799789344038547,0.13332253810859906,4.39365822996272e-07,1.0,,,,,,
d5_b,d5,b,native,all5,sam,p12,complete,799.4481718060631,0.14259509928543132,0.14224384908148277,0.11799789344038547,0.13332253810859906,4.3936582299629443e-07,1.0,,,,,,
d5_b,d5,b,native,all5,pearson_r,p08,complete,799.4481718060631,283.3457668756014,282.47593029036307,0.10938845246099504,0.12411738579507858,0.001088046249794043,0.0,,,,,,
d5_b,d5,b,native,all5,pearson_r,p09,complete,799.4481718060631,155.7725258692239,149.23042276741103,0.10938845246099504,0.12411738579507858,0.008183273578615364,0.0,,,,,,
d5_b,d5,b,native,all5,pearson_r,p10,complete,799.4481718060631,271.91609883137716,267.5537304473497,0.10938845246099504,0.12411738579507858,0.005456724448030462,0.0,,,,,,
d5_b,d5,b,native,all5,pearson_r,p11,complete,799.4481718060631,0.8207065138372198,0.8204272886344945,0.10938845246099504,0.12411738579507858,3.492724263718415e-07,1.0,,,,,,
d5_b,d5,b,native,all5,pearson_r,p12,complete,799.4481718060631,0.14267537938655953,0.14224384908148277,0.10938845246099504,0.12411738579507858,5.397852172228719e-07,1.0,,,,,,
d5_b,d5,b,native,all5,nmse,p08,complete,799.4481718060631,281.4768966377534,281.2832917211349,0.11922625726230529,0.12969449758591656,0.00024217319326792208,0.0,,,,,,
d5_b,d5,b,native,all5,nmse,p09,complete,799.4481718060631,153.18914004139688,148.28402384269103,0.11922625726230529,0.12969449758591656,0.0061356275136942445,0.0,,,,,,
d5_b,d5,b,native,all5,nmse,p10,complete,799.4481718060631,268.5035480891595,265.23415611615417,0.11922625726230529,0.12969449758591656,0.004089560885003087,0.0,,,,,,
d5_b,d5,b,native,all5,nmse,p11,complete,799.4481718060631,0.8207785388384431,0.8204272886344945,0.11922625726230529,0.12969449758591656,4.39365822996272e-07,1.0,,,,,,
d5_b,d5,b,native,all5,nmse,p12,complete,799.4481718060631,0.14259509928543132,0.14224384908148277,0.11922625726230529,0.12969449758591656,4.3936582299629443e-07,1.0,,,,,,
d5_b,d5,b,native,all5,wasserstein_1_cm1,p08,complete,799.4481718060631,282.46930390287673,279.7493797194428,0.11311325463996158,0.13022345426200022,0.003402252052549258,0.0,,,,,,
d5_b,d5,b,native,all5,wasserstein_1_cm1,p09,complete,799.4481718060631,152.88476736067304,149.80947330156937,0.11311325463996158,0.13022345426200022,0.0038467710197599724,0.0,,,,,,
d5_b,d5,b,native,all5,wasserstein_1_cm1,p10,complete,799.4481718060631,272.7025129229521,264.8205672501608,0.11311325463996158,0.13022345426200022,0.00985923284430673,0.0,,,,,,
d5_b,d5,b,native,all5,wasserstein_1_cm1,p11,complete,799.4481718060631,0.8209317295009196,0.8196812642163394,0.11311325463996158,0.13022345426200022,1.564160540582956e-06,0.0,,,,,,
d5_b,d5,b,native,all5,wasserstein_1_cm1,p12,complete,799.4481718060631,0.14247126110935374,0.14216783464716415,0.11311325463996158,0.13022345426200022,3.795448821953895e-07,0.0,,,,,,
d5_b,d5,b,native,all5,is_like_structure_to_noise,p08,complete,799.4481718060631,307.04706059426735,292.7346907603222,0.05420071858853348,0.08972493209401777,0.01790281138752436,0.0,,,,,,
d5_b,d5,b,native,all5,is_like_structure_to_noise,p09,complete,799.4481718060631,159.14733308947382,152.13600352795808,0.05420071858853348,0.08972493209401777,0.008770211514370215,0.0,,,,,,
d5_b,d5,b,native,all5,is_like_structure_to_noise,p10,complete,799.4481718060631,286.33403502523487,281.8843734520812,0.05420071858853348,0.08972493209401777,0.005565916253334228,0.0,,,,,,
d5_b,d5,b,native,all5,is_like_structure_to_noise,p11,complete,799.4481718060631,2.1765788951300165,0.8204272886344945,0.05420071858853348,0.08972493209401777,0.001696359631959367,1.0,,,,,,
d5_b,d5,b,native,all5,is_like_structure_to_noise,p12,complete,799.4481718060631,1.4124988157789762,0.14224384908148277,0.05420071858853348,0.08972493209401777,0.0015889147182960132,1.0,,,,,,
d5_b,d5,b,native,all5,precision,p08,complete,799.4481718060631,294.99628731015173,288.4342687699783,0.048544112248651294,0.09504230888996801,0.0082081850601384,0.009728340675477239,,,,,,
d5_b,d5,b,native,all5,precision,p09,complete,799.4481718060631,157.45503092531766,152.33236042054804,0.048544112248651294,0.09504230888996801,0.006407758107941867,0.0,,,,,,
d5_b,d5,b,native,all5,precision,p10,complete,799.4481718060631,290.7084412547803,281.7386558455963,0.048544112248651294,0.09504230888996801,0.011219971131987265,0.0,,,,,,
d5_b,d5,b,native,all5,precision,p11,complete,799.4481718060631,10.779527594447654,0.8200711355910273,0.048544112248651294,0.09504230888996801,0.012457913858701868,0.7112701908957415,,,,,,
d5_b,d5,b,native,all5,precision,p12,complete,799.4481718060631,6.700382932233135,0.1414155480373967,0.048544112248651294,0.09504230888996801,0.00820436848254732,0.7353157121879589,,,,,,
d5_b,d5,b,native,all5,recall,p08,complete,799.4481718060631,294.2383626428639,287.9638996086488,0.05204866689071763,0.1032073358991612,0.007848492567116868,0.007158590308370044,,,,,,
d5_b,d5,b,native,all5,recall,p09,complete,799.4481718060631,157.9563306326852,151.8069464914961,0.05204866689071763,0.1032073358991612,0.00769203602942365,0.0,,,,,,
d5_b,d5,b,native,all5,recall,p10,complete,799.4481718060631,290.0236738151562,276.2068393542448,0.05204866689071763,0.1032073358991612,0.017282964610072612,0.0,,,,,,
d5_b,d5,b,native,all5,recall,p11,complete,799.4481718060631,11.21848192617175,0.8200711355910273,0.05204866689071763,0.1032073358991612,0.013006985514882455,0.7112701908957415,,,,,,
d5_b,d5,b,native,all5,recall,p12,complete,799.4481718060631,4.401111198459015,0.141499214523845,0.05204866689071763,0.1032073358991612,0.0053281902869477095,0.7353157121879589,,,,,,
d5_b,d5,b,native,all5,f1,p08,complete,799.4481718060631,294.3971037800577,287.7921581547507,0.05104621943960408,0.10209055119742372,0.008261880955191255,0.0011013215859030838,,,,,,
d5_b,d5,b,native,all5,f1,p09,complete,799.4481718060631,157.83838438749623,151.90997813404766,0.05104621943960408,0.10209055119742372,0.007415623004122341,0.0,,,,,,
d5_b,d5,b,native,all5,f1,p10,complete,799.4481718060631,290.1789773175318,277.1684109994818,0.05104621943960408,0.10209055119742372,0.016274433761800038,0.0,,,,,,
d5_b,d5,b,native,all5,f1,p11,complete,799.4481718060631,11.11329102717069,0.8200711355910273,0.05104621943960408,0.10209055119742372,0.012875406129612963,0.7112701908957415,,,,,,
d5_b,d5,b,native,all5,f1,p12,complete,799.4481718060631,5.1116084852041315,0.14144886873815252,0.05104621943960408,0.10209055119742372,0.006216987907093095,0.7353157121879589,,,,,,
d5_b,d5,b,native,all5,artifact_peak_ratio,p08,complete,799.4481718060631,294.99628731015173,288.4342687699783,0.048544112248651294,0.09504230888996801,0.0082081850601384,0.009728340675477239,,,,,,
d5_b,d5,b,native,all5,artifact_peak_ratio,p09,complete,799.4481718060631,157.45503092531766,152.33236042054804,0.048544112248651294,0.09504230888996801,0.006407758107941867,0.0,,,,,,
d5_b,d5,b,native,all5,artifact_peak_ratio,p10,complete,799.4481718060631,290.7084412547803,281.7386558455963,0.048544112248651294,0.09504230888996801,0.011219971131987265,0.0,,,,,,
d5_b,d5,b,native,all5,artifact_peak_ratio,p11,complete,799.4481718060631,10.779527594447654,0.8200711355910273,0.048544112248651294,0.09504230888996801,0.012457913858701868,0.7112701908957415,,,,,,
d5_b,d5,b,native,all5,artifact_peak_ratio,p12,complete,799.4481718060631,6.700382932233135,0.1414155480373967,0.048544112248651294,0.09504230888996801,0.00820436848254732,0.7353157121879589,,,,,,
d5_b,d5,b,native,all5,missing_peak_ratio,p08,complete,799.4481718060631,294.2383626428639,287.9638996086488,0.05204866689071763,0.1032073358991612,0.007848492567116868,0.007158590308370044,,,,,,
d5_b,d5,b,native,all5,missing_peak_ratio,p09,complete,799.4481718060631,157.9563306326852,151.8069464914961,0.05204866689071763,0.1032073358991612,0.00769203602942365,0.0,,,,,,
d5_b,d5,b,native,all5,missing_peak_ratio,p10,complete,799.4481718060631,290.0236738151562,276.2068393542448,0.05204866689071763,0.1032073358991612,0.017282964610072612,0.0,,,,,,
d5_b,d5,b,native,all5,missing_peak_ratio,p11,complete,799.4481718060631,11.21848192617175,0.8200711355910273,0.05204866689071763,0.1032073358991612,0.013006985514882455,0.7112701908957415,,,,,,
d5_b,d5,b,native,all5,missing_peak_ratio,p12,complete,799.4481718060631,4.401111198459015,0.141499214523845,0.05204866689071763,0.1032073358991612,0.0053281902869477095,0.7353157121879589,,,,,,
d5_b,d5,b,native,no_axis,mse,p08,complete,743.02768672595,292.285287737253,291.91252196135383,0.01057508644938221,0.022695895488793916,0.0005016849069806994,0.0,,,,,,
d5_b,d5,b,native,no_axis,mse,p09,complete,743.02768672595,157.09078249034204,152.07957218729464,0.01057508644938221,0.022695895488793916,0.006744311675825432,0.0,,,,,,
d5_b,d5,b,native,no_axis,mse,p10,complete,743.02768672595,285.7940344769436,282.1719138540891,0.01057508644938221,0.022695895488793916,0.0048748124566055755,0.0,,,,,,
d5_b,d5,b,native,no_axis,rmse,p08,complete,743.02768672595,292.24237841808684,291.8311137151652,0.010776123515152114,0.02294473925719842,0.0005534984903911536,0.0,,,,,,
d5_b,d5,b,native,no_axis,rmse,p09,complete,743.02768672595,157.01894728514452,152.01479421156495,0.010776123515152114,0.02294473925719842,0.0067348137397540775,0.0,,,,,,
d5_b,d5,b,native,no_axis,rmse,p10,complete,743.02768672595,285.75940289538204,282.1332022664137,0.010776123515152114,0.02294473925719842,0.0048803035119009824,0.0,,,,,,
d5_b,d5,b,native,no_axis,mae,p08,complete,743.02768672595,292.4410756584617,291.93804462977454,0.010409107871915735,0.022633778143567262,0.0006770017291060547,0.0,,,,,,
d5_b,d5,b,native,no_axis,mae,p09,complete,743.02768672595,156.94403122492156,152.01746268963032,0.010409107871915735,0.022633778143567262,0.0066303969869541115,0.0,,,,,,
d5_b,d5,b,native,no_axis,mae,p10,complete,743.02768672595,285.90832449961647,282.25465559066197,0.010409107871915735,0.022633778143567262,0.004917271555591549,0.0,,,,,,
d5_b,d5,b,native,no_axis,sam,p08,complete,743.02768672595,281.2612053492344,280.46821451827856,0.0523211845808812,0.0688085334132692,0.00106724264132072,0.0,,,,,,
d5_b,d5,b,native,no_axis,sam,p09,complete,743.02768672595,154.45327109100052,148.50182611239893,0.0523211845808812,0.0688085334132692,0.008009721689949135,0.0,,,,,,
d5_b,d5,b,native,no_axis,sam,p10,complete,743.02768672595,268.4371215398216,262.93100068620583,0.0523211845808812,0.0688085334132692,0.007410384501118276,0.0,,,,,,
d5_b,d5,b,native,no_axis,pearson_r,p08,complete,743.02768672595,283.25581930703527,282.47593029036307,0.043179067606059385,0.05890440424055021,0.0010496096317872464,0.0,,,,,,
d5_b,d5,b,native,no_axis,pearson_r,p09,complete,743.02768672595,155.7725258692239,149.23042276741103,0.043179067606059385,0.05890440424055021,0.008804655894640743,0.0,,,,,,
d5_b,d5,b,native,no_axis,pearson_r,p10,complete,743.02768672595,271.91609883137716,267.5537304473497,0.043179067606059385,0.05890440424055021,0.005871071108062719,0.0,,,,,,
d5_b,d5,b,native,no_axis,nmse,p08,complete,743.02768672595,281.4768966377534,281.2832917211349,0.0536428220235905,0.06490500409005229,0.0002605621837210001,0.0,,,,,,
d5_b,d5,b,native,no_axis,nmse,p09,complete,743.02768672595,153.18914004139688,148.28402384269103,0.0536428220235905,0.06490500409005229,0.006601525469824104,0.0,,,,,,
d5_b,d5,b,native,no_axis,nmse,p10,complete,743.02768672595,268.5035480891595,265.23415611615417,0.0536428220235905,0.06490500409005229,0.004400094412916741,0.0,,,,,,
d5_b,d5,b,native,no_axis,wasserstein_1_cm1,p08,complete,743.02768672595,282.46930390287673,279.7493797194428,0.04707202047954839,0.06547301981321707,0.003660596007423228,0.0,,,,,,
d5_b,d5,b,native,no_axis,wasserstein_1_cm1,p09,complete,743.02768672595,152.8800554136858,149.80947330156937,0.04707202047954839,0.06547301981321707,0.004132527181653929,0.0,,,,,,
d5_b,d5,b,native,no_axis,wasserstein_1_cm1,p10,complete,743.02768672595,272.7025129229521,264.8205672501608,0.04707202047954839,0.06547301981321707,0.010607876144591627,0.0,,,,,,
d5_b,d5,b,native,no_axis,is_like_structure_to_noise,p08,complete,743.02768672595,294.63156596900166,292.7346907603222,0.003353030421977321,0.021900420773405704,0.00255289976748757,0.0,,,,,,
d5_b,d5,b,native,no_axis,is_like_structure_to_noise,p09,complete,743.02768672595,159.19954803671212,152.13600352795808,0.003353030421977321,0.021900420773405704,0.009506435136863603,0.0,,,,,,
d5_b,d5,b,native,no_axis,is_like_structure_to_noise,p10,complete,743.02768672595,286.7051782822727,281.8843734520812,0.003353030421977321,0.021900420773405704,0.006488055447077298,0.0,,,,,,
d5_b,d5,b,native,no_axis,precision,p08,complete,743.02768672595,291.52832091338655,288.4342687699783,0.004184572716489865,0.027619969021957513,0.004164114202852669,0.009728340675477239,,,,,,
d5_b,d5,b,native,no_axis,precision,p09,complete,743.02768672595,161.00013509507167,152.33236042054804,0.004184572716489865,0.027619969021957513,0.01166548007479638,0.0,,,,,,
d5_b,d5,b,native,no_axis,precision,p10,complete,743.02768672595,287.3899773320219,281.7386558455963,0.004184572716489865,0.027619969021957513,0.007605802027818572,0.0,,,,,,
d5_b,d5,b,native,no_axis,recall,p08,complete,743.02768672595,290.7751345743223,287.9638996086488,0.005150625298866673,0.03640510542851039,0.003783486155221012,0.007158590308370044,,,,,,
d5_b,d5,b,native,no_axis,recall,p09,complete,743.02768672595,161.10158150256166,151.8069464914961,0.005150625298866673,0.03640510542851039,0.012509136842559833,0.0,,,,,,
d5_b,d5,b,native,no_axis,recall,p10,complete,743.02768672595,287.32391344805706,276.2068393542448,0.005150625298866673,0.03640510542851039,0.01496185713186292,0.0,,,,,,
d5_b,d5,b,native,no_axis,f1,p08,complete,743.02768672595,290.82395915705706,287.7921581547507,0.005088566808281181,0.03520345191028851,0.004080333823986572,0.0011013215859030838,,,,,,
d5_b,d5,b,native,no_axis,f1,p09,complete,743.02768672595,161.0866685541837,151.90997813404766,0.005088566808281181,0.03520345191028851,0.01235040171998416,0.0,,,,,,
d5_b,d5,b,native,no_axis,f1,p10,complete,743.02768672595,287.3361129904017,277.1684109994818,0.005088566808281181,0.03520345191028851,0.01368414955803668,0.0,,,,,,
d5_b,d5,b,native,no_axis,artifact_peak_ratio,p08,complete,743.02768672595,291.52832091338655,288.4342687699783,0.004184572716489865,0.027619969021957513,0.004164114202852669,0.009728340675477239,,,,,,
d5_b,d5,b,native,no_axis,artifact_peak_ratio,p09,complete,743.02768672595,161.00013509507167,152.33236042054804,0.004184572716489865,0.027619969021957513,0.01166548007479638,0.0,,,,,,
d5_b,d5,b,native,no_axis,artifact_peak_ratio,p10,complete,743.02768672595,287.3899773320219,281.7386558455963,0.004184572716489865,0.027619969021957513,0.007605802027818572,0.0,,,,,,
d5_b,d5,b,native,no_axis,missing_peak_ratio,p08,complete,743.02768672595,290.7751345743223,287.9638996086488,0.005150625298866673,0.03640510542851039,0.003783486155221012,0.007158590308370044,,,,,,
d5_b,d5,b,native,no_axis,missing_peak_ratio,p09,complete,743.02768672595,161.10158150256166,151.8069464914961,0.005150625298866673,0.03640510542851039,0.012509136842559833,0.0,,,,,,
d5_b,d5,b,native,no_axis,missing_peak_ratio,p10,complete,743.02768672595,287.32391344805706,276.2068393542448,0.005150625298866673,0.03640510542851039,0.01496185713186292,0.0,,,,,,
d5_b,d5,b,common_grid,all5,mse,p08,complete,799.4481718060631,294.22650074860115,291.75861319242307,0.06306356280752246,0.0904548813233994,0.0030869888045434624,0.0,,,,,,
d5_b,d5,b,common_grid,all5,mse,p09,complete,799.4481718060631,155.43385152238767,152.10918102754135,0.06306356280752246,0.0904548813233994,0.004158706733089929,0.0,,,,,,
d5_b,d5,b,common_grid,all5,mse,p10,complete,799.4481718060631,290.3825445105497,282.30431107923135,0.06306356280752246,0.0904548813233994,0.010104761904787953,0.0,,,,,,
d5_b,d5,b,common_grid,all5,mse,p11,complete,799.4481718060631,8.090567991396698,0.8204134511395723,0.06306356280752246,0.0904548813233994,0.009093966058903915,0.0,,,,,,
d5_b,d5,b,common_grid,all5,mse,p12,complete,799.4481718060631,0.8986570390772205,0.14166355080161827,0.06306356280752246,0.0904548813233994,0.0009468950145516629,0.0,,,,,,
d5_b,d5,b,common_grid,all5,rmse,p08,complete,799.4481718060631,294.16123952378285,291.72782413134036,0.06351343689534283,0.09067860577375109,0.003043868856370127,0.0,,,,,,
d5_b,d5,b,common_grid,all5,rmse,p09,complete,799.4481718060631,155.31046481824592,152.02012716325328,0.06351343689534283,0.09067860577375109,0.004115761059981292,0.0,,,,,,
d5_b,d5,b,common_grid,all5,rmse,p10,complete,799.4481718060631,290.3064618254334,282.2453925608534,0.06351343689534283,0.09067860577375109,0.01008329188666349,0.0,,,,,,
d5_b,d5,b,common_grid,all5,rmse,p11,complete,799.4481718060631,8.146684523540113,0.8204169514391354,0.06351343689534283,0.09067860577375109,0.009164155764531848,0.0,,,,,,
d5_b,d5,b,common_grid,all5,rmse,p12,complete,799.4481718060631,0.7476201039592192,0.1415653914288957,0.06351343689534283,0.09067860577375109,0.0007580913108615443,0.0,,,,,,
d5_b,d5,b,common_grid,all5,mae,p08,complete,799.4481718060631,294.00373457697174,291.80854774021304,0.06768025591531823,0.09063121788284667,0.002745877611802469,0.0,,,,,,
d5_b,d5,b,common_grid,all5,mae,p09,complete,799.4481718060631,155.60168973641026,152.00411280331352,0.06768025591531823,0.09063121788284667,0.004500075251869466,0.0,,,,,,
d5_b,d5,b,common_grid,all5,mae,p10,complete,799.4481718060631,289.4005390325275,282.21829474172324,0.06768025591531823,0.09063121788284667,0.00898400239577581,0.0,,,,,,
d5_b,d5,b,common_grid,all5,mae,p11,complete,799.4481718060631,5.806120642655994,0.8204036437623474,0.06768025591531823,0.09063121788284667,0.006236448058452905,0.0,,,,,,
d5_b,d5,b,common_grid,all5,mae,p12,complete,799.4481718060631,0.5292309586299331,0.14185143205218637,0.06768025591531823,0.09063121788284667,0.0004845586496277842,0.0,,,,,,
d5_b,d5,b,common_grid,all5,sam,p08,complete,799.4481718060631,281.038045239471,279.21327128080844,0.12870568895835643,0.14260402227412594,0.002282541912054275,0.0,,,,,,
d5_b,d5,b,common_grid,all5,sam,p09,complete,799.4481718060631,147.58237891969677,142.13617676112767,0.12870568895835643,0.14260402227412594,0.006812451826946264,0.0,,,,,,
d5_b,d5,b,common_grid,all5,sam,p10,complete,799.4481718060631,266.1842813550216,263.1993725736224,0.12870568895835643,0.14260402227412594,0.0037337114357969105,0.0,,,,,,
d5_b,d5,b,common_grid,all5,sam,p11,complete,799.4481718060631,1.6138499287786068,0.8204272886344945,0.12870568895835643,0.14260402227412594,0.0009924628864328524,0.0,,,,,,
d5_b,d5,b,common_grid,all5,sam,p12,complete,799.4481718060631,0.13608862429726953,0.07439900262894002,0.12870568895835643,0.14260402227412594,7.716525453922078e-05,0.0,,,,,,
d5_b,d5,b,common_grid,all5,pearson_r,p08,complete,799.4481718060631,284.64927748670556,282.5363808166897,0.11414922522015347,0.12902865360332616,0.002642943901219425,0.0,,,,,,
d5_b,d5,b,common_grid,all5,pearson_r,p09,complete,799.4481718060631,150.82933899702846,144.47843108830614,0.11414922522015347,0.12902865360332616,0.007944114618931117,0.0,,,,,,
d5_b,d5,b,common_grid,all5,pearson_r,p10,complete,799.4481718060631,271.33950981436556,268.3635709603782,0.11414922522015347,0.12902865360332616,0.0037224912870390315,0.0,,,,,,
d5_b,d5,b,common_grid,all5,pearson_r,p11,complete,799.4481718060631,1.2339462465797304,0.8204272886344945,0.11414922522015347,0.12902865360332616,0.0005172554926369268,0.0,,,,,,
d5_b,d5,b,common_grid,all5,pearson_r,p12,complete,799.4481718060631,0.13970984605360476,0.09764041827762278,0.11414922522015347,0.12902865360332616,5.2623083346280494e-05,0.0,,,,,,
d5_b,d5,b,common_grid,all5,nmse,p08,complete,799.4481718060631,280.65405733308387,279.90571501534885,0.12885558616426862,0.14054932198510095,0.0009360735869148333,0.0,,,,,,
d5_b,d5,b,common_grid,all5,nmse,p09,complete,799.4481718060631,146.75844898181913,142.4837811809307,0.12885558616426862,0.14054932198510095,0.005347023048700417,0.0,,,,,,
d5_b,d5,b,common_grid,all5,nmse,p10,complete,799.4481718060631,267.4207198470187,263.8043783007723,0.12885558616426862,0.14054932198510095,0.004523547208916038,0.0,,,,,,
d5_b,d5,b,common_grid,all5,nmse,p11,complete,799.4481718060631,1.4666982542442577,0.8204272886344945,0.12885558616426862,0.14054932198510095,0.0008083963268685048,0.0,,,,,,
d5_b,d5,b,common_grid,all5,nmse,p12,complete,799.4481718060631,0.13488460387404577,0.07197151080599434,0.12885558616426862,0.14054932198510095,7.869564943268568e-05,0.0,,,,,,
d5_b,d5,b,common_grid,all5,wasserstein_1_cm1,p08,unavailable,,,,,,,,,,,,,
d5_b,d5,b,common_grid,all5,wasserstein_1_cm1,p09,unavailable,,,,,,,,,,,,,
d5_b,d5,b,common_grid,all5,wasserstein_1_cm1,p10,unavailable,,,,,,,,,,,,,
d5_b,d5,b,common_grid,all5,wasserstein_1_cm1,p11,unavailable,,,,,,,,,,,,,
d5_b,d5,b,common_grid,all5,wasserstein_1_cm1,p12,unavailable,,,,,,,,,,,,,
d5_b,d5,b,common_grid,all5,is_like_structure_to_noise,p08,complete,799.4481718060631,318.42852139546494,294.67395008929657,0.02922188520552449,0.08470084436789582,0.029713710211511927,0.0,,,,,,
d5_b,d5,b,common_grid,all5,is_like_structure_to_noise,p09,complete,799.4481718060631,158.33544214691267,153.89068008362074,0.02922188520552449,0.08470084436789582,0.005559787638579029,0.0,,,,,,
d5_b,d5,b,common_grid,all5,is_like_structure_to_noise,p10,complete,799.4481718060631,288.0907829394256,282.20760605648877,0.02922188520552449,0.08470084436789582,0.007359047265873266,0.0,,,,,,
d5_b,d5,b,common_grid,all5,is_like_structure_to_noise,p11,complete,799.4481718060631,6.159514206688133,0.8200071471722888,0.02922188520552449,0.08470084436789582,0.006678990893747577,0.0,,,,,,
d5_b,d5,b,common_grid,all5,is_like_structure_to_noise,p12,complete,799.4481718060631,5.072528413288795,0.14199324914068417,0.02922188520552449,0.08470084436789582,0.00616742315265961,0.0,,,,,,
d5_b,d5,b,common_grid,all5,precision,p08,complete,799.4481718060631,308.2355767297504,291.7803523745371,0.01747817509796734,0.08787314916257594,0.020583228451243663,0.0513950073421439,,,,,,
d5_b,d5,b,common_grid,all5,precision,p09,complete,799.4481718060631,155.8660450141815,153.9465192525211,0.01747817509796734,0.08787314916257594,0.002401063420188901,0.0,,,,,,
d5_b,d5,b,common_grid,all5,precision,p10,complete,799.4481718060631,295.2815986813822,282.5091446488905,0.01747817509796734,0.08787314916257594,0.015976587955210328,0.0,,,,,,
d5_b,d5,b,common_grid,all5,precision,p11,complete,799.4481718060631,19.953982096503363,0.8202650770543782,0.01747817509796734,0.08787314916257594,0.02393365535657339,0.022026431718061675,,,,,,
d5_b,d5,b,common_grid,all5,precision,p12,complete,799.4481718060631,6.13807415566926,0.14186200419706196,0.01747817509796734,0.08787314916257594,0.007500438881392312,0.1723568281938326,,,,,,
d5_b,d5,b,common_grid,all5,recall,p08,complete,799.4481718060631,305.41621879387947,287.81177917708214,0.031791295945245324,0.09855637746691759,0.022020739101856337,0.03102055800293686,,,,,,
d5_b,d5,b,common_grid,all5,recall,p09,complete,799.4481718060631,157.65588517943658,153.40952892559784,0.031791295945245324,0.09855637746691759,0.005311609186929106,0.0,,,,,,
d5_b,d5,b,common_grid,all5,recall,p10,complete,799.4481718060631,289.80277464167585,278.4757494208421,0.031791295945245324,0.09855637746691759,0.014168554786040085,0.0,,,,,,
d5_b,d5,b,common_grid,all5,recall,p11,complete,799.4481718060631,18.555532848855528,0.820210930316442,0.031791295945245324,0.09855637746691759,0.022184454907780402,0.020374449339207047,,,,,,
d5_b,d5,b,common_grid,all5,recall,p12,complete,799.4481718060631,2.6022669194438057,0.14018756646920053,0.031791295945245324,0.09855637746691759,0.0030797235390662412,0.16519823788546256,,,,,,
d5_b,d5,b,common_grid,all5,f1,p08,complete,799.4481718060631,306.20936410015054,288.56460110919505,0.029768843942052037,0.09668025164507121,0.022071178111638556,0.011380323054331865,,,,,,
d5_b,d5,b,common_grid,all5,f1,p09,complete,799.4481718060631,157.45458544666667,153.40048947842965,0.029768843942052037,0.09668025164507121,0.005071117942615695,0.0,,,,,,
d5_b,d5,b,common_grid,all5,f1,p10,complete,799.4481718060631,290.29187204223626,279.2309277823706,0.029768843942052037,0.09668025164507121,0.013835724003067505,0.0,,,,,,
d5_b,d5,b,common_grid,all5,f1,p11,complete,799.4481718060631,18.75294596839483,0.8202431223571682,0.029768843942052037,0.09668025164507121,0.022431351372691526,0.003854625550660793,,,,,,
d5_b,d5,b,common_grid,all5,f1,p12,complete,799.4481718060631,2.9407563823613447,0.14105988630832925,0.029768843942052037,0.09668025164507121,0.0035020362730058124,0.07764317180616741,,,,,,
d5_b,d5,b,common_grid,all5,artifact_peak_ratio,p08,complete,799.4481718060631,308.2355767297504,291.7803523745371,0.01747817509796734,0.08787314916257594,0.020583228451243663,0.0513950073421439,,,,,,
d5_b,d5,b,common_grid,all5,artifact_peak_ratio,p09,complete,799.4481718060631,155.8660450141815,153.9465192525211,0.01747817509796734,0.08787314916257594,0.002401063420188901,0.0,,,,,,
d5_b,d5,b,common_grid,all5,artifact_peak_ratio,p10,complete,799.4481718060631,295.2815986813822,282.5091446488905,0.01747817509796734,0.08787314916257594,0.015976587955210328,0.0,,,,,,
d5_b,d5,b,common_grid,all5,artifact_peak_ratio,p11,complete,799.4481718060631,19.953982096503367,0.8202650770543782,0.01747817509796734,0.08787314916257594,0.02393365535657339,0.022026431718061675,,,,,,
d5_b,d5,b,common_grid,all5,artifact_peak_ratio,p12,complete,799.4481718060631,6.138074155669259,0.14186200419706196,0.01747817509796734,0.08787314916257594,0.007500438881392312,0.1723568281938326,,,,,,
d5_b,d5,b,common_grid,all5,missing_peak_ratio,p08,complete,799.4481718060631,305.41621879387947,287.81177917708214,0.031791295945245324,0.09855637746691759,0.022020739101856337,0.03102055800293686,,,,,,
d5_b,d5,b,common_grid,all5,missing_peak_ratio,p09,complete,799.4481718060631,157.65588517943658,153.40952892559784,0.031791295945245324,0.09855637746691759,0.005311609186929106,0.0,,,,,,
d5_b,d5,b,common_grid,all5,missing_peak_ratio,p10,complete,799.4481718060631,289.80277464167585,278.4757494208421,0.031791295945245324,0.09855637746691759,0.014168554786040085,0.0,,,,,,
d5_b,d5,b,common_grid,all5,missing_peak_ratio,p11,complete,799.4481718060631,18.555532848855528,0.820210930316442,0.031791295945245324,0.09855637746691759,0.022184454907780402,0.020374449339207047,,,,,,
d5_b,d5,b,common_grid,all5,missing_peak_ratio,p12,complete,799.4481718060631,2.6022669194438057,0.14018756646920053,0.031791295945245324,0.09855637746691759,0.0030797235390662412,0.16519823788546256,,,,,,
d5_b,d5,b,common_grid,no_axis,mse,p08,complete,743.02768672595,292.2117089388993,291.75861319242307,0.010858818958663807,0.02268499778389954,0.00060979658574058,0.0,,,,,,
d5_b,d5,b,common_grid,no_axis,mse,p09,complete,743.02768672595,156.98731581527636,152.10918102754135,0.010858818958663807,0.02268499778389954,0.006565212676299866,0.0,,,,,,
d5_b,d5,b,common_grid,no_axis,mse,p10,complete,743.02768672595,285.76025884034243,282.30431107923135,0.010858818958663807,0.02268499778389954,0.004651169563195216,0.0,,,,,,
d5_b,d5,b,common_grid,no_axis,rmse,p08,complete,743.02768672595,292.20049779122473,291.72782413134036,0.01099947513217836,0.022925582955814927,0.000636145420054425,0.0,,,,,,
d5_b,d5,b,common_grid,no_axis,rmse,p09,complete,743.02768672595,156.88639566401187,152.02012716325328,0.01099947513217836,0.022925582955814927,0.006549242494853903,0.0,,,,,,
d5_b,d5,b,common_grid,no_axis,rmse,p10,complete,743.02768672595,285.7678787080514,282.2453925608534,0.01099947513217836,0.022925582955814927,0.0047407199087281865,0.0,,,,,,
d5_b,d5,b,common_grid,no_axis,mae,p08,complete,743.02768672595,292.32364946489156,291.80854774021304,0.011037842097392447,0.022874963805984194,0.0006932470133760912,0.0,,,,,,
d5_b,d5,b,common_grid,no_axis,mae,p09,complete,743.02768672595,156.73759940057369,152.00411280331352,0.011037842097392447,0.022874963805984194,0.006370538651281778,0.0,,,,,,
d5_b,d5,b,common_grid,no_axis,mae,p10,complete,743.02768672595,285.7650155804129,282.21829474172324,0.011037842097392447,0.022874963805984194,0.004773336043933749,0.0,,,,,,
d5_b,d5,b,common_grid,no_axis,sam,p08,complete,743.02768672595,280.6206981781723,279.21327128080844,0.0653397350058681,0.07870348192282128,0.0018941782688683614,0.0,,,,,,
d5_b,d5,b,common_grid,no_axis,sam,p09,complete,743.02768672595,147.78504728672962,142.13617676112767,0.0653397350058681,0.07870348192282128,0.007602503414768979,0.0,,,,,,
d5_b,d5,b,common_grid,no_axis,sam,p10,complete,743.02768672595,266.07270910835143,263.1993725736224,0.0653397350058681,0.07870348192282128,0.003867065233315883,0.0,,,,,,
d5_b,d5,b,common_grid,no_axis,pearson_r,p08,complete,743.02768672595,284.4318285240096,282.5363808166897,0.04883759139084387,0.06412857113109238,0.0025509785721067476,0.0,,,,,,
d5_b,d5,b,common_grid,no_axis,pearson_r,p09,complete,743.02768672595,150.98915354209694,144.47843108830614,0.04883759139084387,0.06412857113109238,0.008762422410501855,0.0,,,,,,
d5_b,d5,b,common_grid,no_axis,pearson_r,p10,complete,743.02768672595,271.31902210343765,268.3635709603782,0.04883759139084387,0.06412857113109238,0.003977578757639888,0.0,,,,,,
d5_b,d5,b,common_grid,no_axis,nmse,p08,complete,743.02768672595,280.57224780599256,279.90571501534885,0.06494676654989462,0.07648949459653198,0.0008970497365726072,0.0,,,,,,
d5_b,d5,b,common_grid,no_axis,nmse,p09,complete,743.02768672595,146.9151582410644,142.4837811809307,0.06494676654989462,0.07648949459653198,0.0059639460807442484,0.0,,,,,,
d5_b,d5,b,common_grid,no_axis,nmse,p10,complete,743.02768672595,267.28303496899457,263.8043783007723,0.06494676654989462,0.07648949459653198,0.004681732229320399,0.0,,,,,,
d5_b,d5,b,common_grid,no_axis,wasserstein_1_cm1,p08,unavailable,,,,,,,,,,,,,
d5_b,d5,b,common_grid,no_axis,wasserstein_1_cm1,p09,unavailable,,,,,,,,,,,,,
d5_b,d5,b,common_grid,no_axis,wasserstein_1_cm1,p10,unavailable,,,,,,,,,,,,,
d5_b,d5,b,common_grid,no_axis,is_like_structure_to_noise,p08,complete,743.02768672595,295.00995315663226,294.67395008929657,8.08367500070295e-05,0.01649393517292208,0.0004522080042754027,0.0,,,,,,
d5_b,d5,b,common_grid,no_axis,is_like_structure_to_noise,p09,complete,743.02768672595,159.44317194421689,153.89068008362074,8.08367500070295e-05,0.01649393517292208,0.0074727926829516525,0.0,,,,,,
d5_b,d5,b,common_grid,no_axis,is_like_structure_to_noise,p10,complete,743.02768672595,288.51449768174064,282.20760605648877,8.08367500070295e-05,0.01649393517292208,0.008488097735687749,0.0,,,,,,
d5_b,d5,b,common_grid,no_axis,precision,p08,complete,743.02768672595,292.9054194429459,291.7803523745371,0.0026163698187546824,0.01990729378494449,0.001514165741745441,0.0513950073421439,,,,,,
d5_b,d5,b,common_grid,no_axis,precision,p09,complete,743.02768672595,160.3943678137756,153.9465192525211,0.0026163698187546824,0.01990729378494449,0.008677803904812787,0.0,,,,,,
d5_b,d5,b,common_grid,no_axis,precision,p10,complete,743.02768672595,287.7838642551797,282.5091446488905,0.0026163698187546824,0.01990729378494449,0.007098954319631695,0.0,,,,,,
d5_b,d5,b,common_grid,no_axis,recall,p08,complete,743.02768672595,289.6969424849582,287.81177917708214,0.006622187857295625,0.03139940761189042,0.0025371373658803946,0.03102055800293686,,,,,,
d5_b,d5,b,common_grid,no_axis,recall,p09,complete,743.02768672595,161.05357461198818,153.40952892559784,0.006622187857295625,0.03139940761189042,0.010287699668464299,0.0,,,,,,
d5_b,d5,b,common_grid,no_axis,recall,p10,complete,743.02768672595,287.3567007043327,278.4757494208421,0.006622187857295625,0.03139940761189042,0.01195238272025011,0.0,,,,,,
d5_b,d5,b,common_grid,no_axis,f1,p08,complete,743.02768672595,290.508480201384,288.56460110919505,0.005580344365620493,0.029382038847237335,0.0026161597029504356,0.011380323054331865,,,,,,
d5_b,d5,b,common_grid,no_axis,f1,p09,complete,743.02768672595,160.96316077234937,153.40048947842965,0.005580344365620493,0.029382038847237335,0.010178182359857397,0.0,,,,,,
d5_b,d5,b,common_grid,no_axis,f1,p10,complete,743.02768672595,287.40969538709544,279.2309277823706,0.005580344365620493,0.029382038847237335,0.011007352418808883,0.0,,,,,,
d5_b,d5,b,common_grid,no_axis,artifact_peak_ratio,p08,complete,743.02768672595,292.9054194429459,291.7803523745371,0.0026163698187546824,0.01990729378494449,0.001514165741745441,0.0513950073421439,,,,,,
d5_b,d5,b,common_grid,no_axis,artifact_peak_ratio,p09,complete,743.02768672595,160.3943678137756,153.9465192525211,0.0026163698187546824,0.01990729378494449,0.008677803904812787,0.0,,,,,,
d5_b,d5,b,common_grid,no_axis,artifact_peak_ratio,p10,complete,743.02768672595,287.7838642551797,282.5091446488905,0.0026163698187546824,0.01990729378494449,0.007098954319631695,0.0,,,,,,
d5_b,d5,b,common_grid,no_axis,missing_peak_ratio,p08,complete,743.02768672595,289.6969424849582,287.81177917708214,0.006622187857295625,0.03139940761189042,0.0025371373658803946,0.03102055800293686,,,,,,
d5_b,d5,b,common_grid,no_axis,missing_peak_ratio,p09,complete,743.02768672595,161.05357461198818,153.40952892559784,0.006622187857295625,0.03139940761189042,0.010287699668464299,0.0,,,,,,
d5_b,d5,b,common_grid,no_axis,missing_peak_ratio,p10,complete,743.02768672595,287.3567007043327,278.4757494208421,0.006622187857295625,0.03139940761189042,0.01195238272025011,0.0,,,,,,
