panel_id,endpoint_id,protocol_id,analysis_id,representation,perturbation_scope,metric_output_id,ag_state,oc_state,ag,oc,ag_sst,ag_sse_pooled,ag_sse_separate,ag_r2_pooled,ag_r2_separate,delta_ag,delta_oc,cluster_count,condition_count,historical_ag_lower,historical_ag_upper,historical_oc_lower,historical_oc_upper,historical_raw_p_ag,historical_raw_p_oc,bootstrap_ag_lower,bootstrap_ag_upper,bootstrap_oc_lower,bootstrap_oc_upper,bootstrap_delta_ag_lower,bootstrap_delta_ag_upper,bootstrap_delta_oc_lower,bootstrap_delta_oc_upper,raw_p_ag,raw_p_oc,p_for_adjustment_ag,p_for_adjustment_oc,adjusted_p_ag,adjusted_p_oc,family_id_ag,family_id_oc,family_size_ag,family_size_oc,holm_rank_ag,holm_rank_oc,failed_sst_draw_count
d1_a,d1,a,native_all5,native,all5,mse,complete,complete,0.13791234504722982,0.768984375,88.65191248,48.8460692993511,36.61987615631252,0.449012796984263,0.5869251420314929,0.0,0.0,30,40,0.10576825840462366,0.17882890056450354,0.7288496093749999,0.8011738281249998,,,0.10599409325121009,0.17745790022656363,0.7270195312499999,0.8014928385416664,0.0,0.0,0.0,0.0,,,,,,,,,,,,,0
d1_a,d1,a,native_all5,native,all5,rmse,complete,complete,0.13745149786247934,0.769921875,88.65191248,48.80434320031039,36.61900504156097,0.44948347040656655,0.5869349682690459,0.00046084718475047914,0.0009374999999999245,30,40,0.1055730966031045,0.17881856226040954,0.73038671875,0.8017200520833335,0.8591114088859111,0.32619673803261967,0.10560100572656571,0.17734372618833522,0.7279947916666668,0.8025026041666666,-0.0003509247138171547,0.0030351751661909505,-0.00018229166666666,0.0027343750000000185,,,,,,,,,,,,,0
d1_a,d1,a,native_all5,native,all5,mae,complete,complete,0.13259187071189085,0.7804947916666667,88.65191248,48.25648454227802,36.50196162436799,0.4556633557886892,0.58825522650058,0.0053204743353389705,0.011510416666666634,30,40,0.10454176837579665,0.17188742032262275,0.7399173177083335,0.812890625,0.26471735282647174,0.00012999870001299986,0.1063548871322343,0.171841910034669,0.7385065104166667,0.812736328125,-0.004084777201142703,0.011053103066619097,0.006770833333333339,0.016249999999999994,,,,,,,,,,,,,0
d1_a,d1,a,native_all5,native,all5,sam,complete,complete,0.14281020017039547,0.7689843749999999,88.65191248,50.2715110528751,37.61111368611792,0.43293371066059716,0.5757439108309925,-0.004897855123165651,-1.1102230246251565e-16,30,40,0.110648906052743,0.18501883839717395,0.7288528645833332,0.8010729166666666,0.43968560314396854,1.0,0.11326162663412702,0.1849377846568542,0.7277057291666668,0.8016406249999998,-0.0181392954123809,0.0036062064986088676,-0.0022141927083333185,0.0023444010416666886,,,,,,,,,,,,,0
d1_a,d1,a,native_all5,native,all5,pearson_r,complete,complete,0.1362413932242301,0.7703385416666666,88.65191248,49.43930485937132,37.36124479110361,0.44232105685791157,0.5785624500821416,0.0016709518229997278,0.0013541666666665453,30,40,0.10698854737040474,0.17550583387106783,0.7301809895833333,0.8027604166666665,0.6468435315646843,0.5190748092519075,0.10676567107116516,0.1769714314548388,0.728984375,0.8026582031249999,-0.005976992033480659,0.0070001624506651665,-0.0028652343749999906,0.005078776041666672,,,,,,,,,,,,,0
d1_a,d1,a,native_all5,native,all5,nmse,complete,complete,0.11819446589497339,0.7684895833333335,88.65191248,49.55215154544223,39.073986099300704,0.4410481380576954,0.5592426039526688,0.019717879152256437,-0.0004947916666665497,30,40,0.09014747604936534,0.1561389448531792,0.7286145833333334,0.800759765625,0.0016599834001659983,0.7066929330706693,0.09143491522016381,0.15772471966606527,0.7260924479166667,0.8016152343749998,0.008868686482774652,0.028994167987065826,-0.002083333333333319,0.0005208333333333482,,,,,,,,,,,,,0
d1_a,d1,a,native_all5,native,all5,wasserstein_1_cm1,complete,complete,0.03914087083254116,0.8309895833333335,88.65191248,40.59476135899604,37.124848303558615,0.5420881487677518,0.581229019600293,0.09877147421468865,0.06200520833333345,30,40,0.030316385723444618,0.06481416348973795,0.7863255208333335,0.86713671875,0.0004599954000459995,4.999950000499995e-05,0.0307942565457354,0.06437192160845931,0.7876458333333332,0.8650800781250001,0.05927664176439863,0.13209836381950693,0.03541601562500001,0.08661458333333331,,,,,,,,,,,,,0
d1_a,d1,a,native_all5,native,all5,is_like_structure_to_noise,complete,complete,0.38029605838842234,0.29752604166666674,88.65191248,88.6056375564189,54.891664671679514,0.0005219844929068573,0.38081804288132914,-0.24238371334119252,-0.4714583333333333,30,40,0.2831428703842211,0.491804972954434,0.27380143229166665,0.32721419270833335,0.0003899961000389996,9.99990000099999e-06,0.2770335126978285,0.48857992281903073,0.27494726562500005,0.326849609375,-0.33463895426095813,-0.15244594453069424,-0.5166015625,-0.40958072916666655,,,,,,,,,,,,,0
d1_a,d1,a,native_all5,native,all5,precision,complete,complete,0.35679836757739763,0.613671875,88.65191248,69.54434534894403,37.91348769346571,0.21553474252872606,0.5723331101061238,-0.2188860225301678,-0.15531250000000008,30,40,0.3015451863418483,0.44888039849762357,0.5971608072916665,0.6280475260416667,1.999980000199998e-05,9.99990000099999e-06,0.2979756265270602,0.4477630995848325,0.5961191406249999,0.6280208333333336,-0.29198872898687317,-0.17489858039053385,-0.18380338541666663,-0.12103971354166664,,,,,,,,,,,,,0
d1_a,d1,a,native_all5,native,all5,recall,complete,complete,0.3544911724417275,0.6195052083333333,88.65191248,68.00282902313313,36.57650862889652,0.23292315844314504,0.5874143308848725,-0.21657882739449769,-0.14947916666666672,30,40,0.3034124957020441,0.43752019734884046,0.6034889322916667,0.6330475260416668,9.99990000099999e-06,9.99990000099999e-06,0.30140170911873676,0.4351399252987578,0.6022890625000001,0.6330996093749999,-0.27755094080034065,-0.18392002184642306,-0.17674739583333332,-0.11715169270833338,,,,,,,,,,,,,0
d1_a,d1,a,native_all5,native,all5,f1,complete,complete,0.36071038210306483,0.6182552083333331,88.65191248,68.38973339062854,36.41206816580028,0.22855884912739632,0.589269231230461,-0.222798037055835,-0.1507291666666669,30,40,0.3081152915818421,0.4470609218026588,0.6021080729166666,0.6322708333333333,9.99990000099999e-06,9.99990000099999e-06,0.3048055568838675,0.4440912020699158,0.6007272135416668,0.6323183593750001,-0.2859730848593275,-0.1854829528053751,-0.17828190104166666,-0.118015625,,,,,,,,,,,,,0
d1_a,d1,a,native_all5,native,all5,artifact_peak_ratio,complete,complete,0.35679836757739763,0.613671875,88.65191248,69.54434534894403,37.91348769346571,0.21553474252872606,0.5723331101061238,-0.2188860225301678,-0.15531250000000008,30,40,0.3015451863418483,0.44888039849762357,0.5971608072916665,0.6280475260416667,1.999980000199998e-05,9.99990000099999e-06,0.2979756265270602,0.4477630995848325,0.5961191406249999,0.6280208333333336,-0.29198872898687317,-0.17489858039053385,-0.18380338541666663,-0.12103971354166664,,,,,,,,,,,,,0
d1_a,d1,a,native_all5,native,all5,missing_peak_ratio,complete,complete,0.3544911724417275,0.6195052083333333,88.65191248,68.00282902313313,36.57650862889652,0.23292315844314504,0.5874143308848725,-0.21657882739449769,-0.14947916666666672,30,40,0.3034124957020441,0.43752019734884046,0.6034889322916667,0.6330475260416668,9.99990000099999e-06,9.99990000099999e-06,0.30140170911873676,0.4351399252987578,0.6022890625000001,0.6330996093749999,-0.27755094080034065,-0.18392002184642306,-0.17674739583333332,-0.11715169270833338,,,,,,,,,,,,,0
d1_a,d1,a,native_no_axis,native,no_axis,mse,complete,complete,0.20580114194386903,0.6932291666666668,56.51347731111111,37.80095608882478,26.170417922979183,0.33111608261640735,0.5369172245602764,0.0,0.0,30,24,,,,,,,0.14775425703396358,0.2837189229878956,0.6691840277777777,0.7161501736111112,0.0,0.0,0.0,0.0,,,,,,,,,,,,,0
d1_a,d1,a,native_no_axis,native,no_axis,rmse,complete,complete,0.20507821732069909,0.6963541666666668,56.51347731111111,37.759229989784075,26.169546808227633,0.3318544215229128,0.536932638843612,0.000722924623169946,0.0031250000000000444,30,24,,,,,,,0.14761314305146028,0.2836572487177063,0.6709179687499998,0.7201432291666666,-0.0005300244602875869,0.004676825807304718,-0.0006076388888888915,0.00911458333333333,0.8583114168858311,0.3257567424325757,0.8583114168858311,0.3257567424325757,1.0,1.0,other_metrics_secondary_726,other_metrics_secondary_726,726,726,702,607,0
d1_a,d1,a,native_no_axis,native,no_axis,mae,complete,complete,0.19737584699974667,0.7315972222222221,56.51347731111111,37.20689884221618,26.052503391034655,0.3416278627239784,0.539003709723725,0.008425294944122363,0.038368055555555336,30,24,,,,,,,0.14725706652039222,0.27138435125983235,0.7103276909722221,0.7486132812500002,-0.00624765314574344,0.018243901591877738,0.02256944444444445,0.05416666666666667,0.26246737532624675,0.00010999890001099989,0.26246737532624675,0.00010999890001099989,1.0,0.03915960840391596,other_metrics_secondary_726,other_metrics_secondary_726,726,726,597,371,0
d1_a,d1,a,native_no_axis,native,no_axis,sam,complete,complete,0.2136122393089021,0.6932291666666667,56.51347731111111,39.233625892343866,27.16165545278459,0.3057651420676224,0.5193773813765246,-0.007811097365033076,-1.1102230246251565e-16,30,24,,,,,,,0.15644605176137122,0.29442582001629614,0.6684874131944443,0.7174500868055556,-0.028322231665430103,0.0053686861255852775,-0.007380642361111124,0.007814670138888874,0.4318056819431806,1.0,0.4318056819431806,1.0,1.0,1.0,other_metrics_secondary_726,other_metrics_secondary_726,726,726,626,718,0
d1_a,d1,a,native_no_axis,native,no_axis,pearson_r,complete,complete,0.20319192508086126,0.6977430555555555,56.51347731111111,38.39486880562851,26.91178655777027,0.3206068599484375,0.5237987850292987,0.002609216863007774,0.004513888888888706,30,24,,,,,,,0.1501626273430527,0.27955147901336985,0.6736957465277778,0.7216167534722222,-0.009086079394705985,0.011195270329295074,-0.009550781249999994,0.01692925347222221,0.6466335336646634,0.5237847621523785,0.6466335336646634,0.5237847621523785,1.0,1.0,other_metrics_secondary_726,other_metrics_secondary_726,726,726,665,646,0
d1_a,d1,a,native_no_axis,native,no_axis,nmse,complete,complete,0.17474960371796217,0.6915798611111109,56.51347731111111,38.50023563080808,28.624527865967366,0.3187424051282268,0.49349200884618893,0.031051538225906866,-0.0016493055555558689,30,24,,,,,,,0.12478203302991282,0.24803129944015664,0.6676171875000002,0.7149305555555555,0.013366087707192293,0.046909799760495925,-0.006944444444444446,0.0017361111111111236,0.0015499845001549985,0.7079029209707903,0.0015499845001549985,0.7079029209707903,0.46189538104618955,1.0,other_metrics_secondary_726,other_metrics_secondary_726,726,726,429,681,0
d1_a,d1,a,native_no_axis,native,no_axis,wasserstein_1_cm1,complete,complete,0.04591087510186279,0.8250000000000001,56.51347731111111,30.99785199217368,28.4032687937713,0.4514962896102096,0.49740716471207236,0.15989026684200625,0.13177083333333328,30,24,,,,,,,0.03820991449263177,0.06662930640536799,0.7772504340277777,0.8630208333333333,0.09422948705891913,0.23193516235086423,0.08298394097222225,0.17649522569444437,0.0005099949000509995,3.999960000399996e-05,0.0005099949000509995,3.999960000399996e-05,0.013499865001349988,0.0015999840001599986,w1_axis_primary_66,w1_axis_primary_66,66,66,41,27,0
d1_a,d1,a,native_no_axis,native,no_axis,is_like_structure_to_noise,complete,complete,0.2135764262642183,0.18124999999999997,56.51347731111111,56.51215295821727,44.442206438346176,2.3434284295520413e-05,0.21359986054851388,-0.007775284320349268,-0.5119791666666669,30,24,,,,,,,0.15118587548395584,0.2984163920481105,0.14835069444444446,0.22222439236111113,-0.030436984349521686,0.010658781915684735,-0.5526085069444444,-0.4592838541666667,0.4157558424415756,9.99990000099999e-06,0.4157558424415756,9.99990000099999e-06,1.0,0.007259927400725993,other_metrics_secondary_726,other_metrics_secondary_726,726,726,620,26,0
d1_a,d1,a,native_no_axis,native,no_axis,precision,complete,complete,0.4489734296703854,0.3152777777777777,56.51347731111111,54.28602620837388,28.91297647740482,0.03941451152394915,0.4883879411943345,-0.24317228772651636,-0.3779513888888891,30,24,,,,,,,0.3506320220461455,0.6028370788238159,0.2745638020833333,0.36302951388888893,-0.33115601530386857,-0.1940173427945178,-0.4216232638888888,-0.32185546875000015,9.99990000099999e-06,9.99990000099999e-06,9.99990000099999e-06,9.99990000099999e-06,0.007259927400725993,0.007259927400725993,other_metrics_secondary_726,other_metrics_secondary_726,726,726,29,30,0
d1_a,d1,a,native_no_axis,native,no_axis,recall,complete,complete,0.4394635364313876,0.3309027777777778,56.51347731111111,52.4116100080115,27.575997412835626,0.0725821078133011,0.5120456442446887,-0.23366239448751855,-0.36232638888888896,30,24,,,,,,,0.34712082104367104,0.5887441356452561,0.29348958333333336,0.37413628472222216,-0.3113792625767856,-0.19017734228257627,-0.4022569444444445,-0.3112782118055556,9.99990000099999e-06,9.99990000099999e-06,9.99990000099999e-06,9.99990000099999e-06,0.007259927400725993,0.007259927400725993,other_metrics_secondary_726,other_metrics_secondary_726,726,726,31,32,0
d1_a,d1,a,native_no_axis,native,no_axis,f1,complete,complete,0.4518962214663376,0.3244791666666667,56.51347731111111,52.9497838085541,27.41155694973939,0.06305917936952621,0.5149554008358639,-0.2460950795224686,-0.3687500000000001,30,24,,,,,,,0.3535554239103705,0.607470929763641,0.2856749131944444,0.36963758680555553,-0.32876215896277905,-0.19839621129361704,-0.41033420138888893,-0.3153559027777778,1.999980000199998e-05,9.99990000099999e-06,1.999980000199998e-05,9.99990000099999e-06,0.008019919800801993,0.007259927400725993,other_metrics_secondary_726,other_metrics_secondary_726,726,726,328,25,0
d1_a,d1,a,native_no_axis,native,no_axis,artifact_peak_ratio,complete,complete,0.4489734296703854,0.3152777777777777,56.51347731111111,54.28602620837388,28.91297647740482,0.03941451152394915,0.4883879411943345,-0.24317228772651636,-0.3779513888888891,30,24,,,,,,,0.3506320220461455,0.6028370788238159,0.2745638020833333,0.36302951388888893,-0.33115601530386857,-0.1940173427945178,-0.4216232638888888,-0.32185546875000015,9.99990000099999e-06,9.99990000099999e-06,9.99990000099999e-06,9.99990000099999e-06,0.007259927400725993,0.007259927400725993,other_metrics_secondary_726,other_metrics_secondary_726,726,726,23,24,0
d1_a,d1,a,native_no_axis,native,no_axis,missing_peak_ratio,complete,complete,0.4394635364313876,0.3309027777777778,56.51347731111111,52.4116100080115,27.575997412835626,0.0725821078133011,0.5120456442446887,-0.23366239448751855,-0.36232638888888896,30,24,,,,,,,0.34712082104367104,0.5887441356452561,0.29348958333333336,0.37413628472222216,-0.3113792625767856,-0.19017734228257627,-0.4022569444444445,-0.3112782118055556,9.99990000099999e-06,9.99990000099999e-06,9.99990000099999e-06,9.99990000099999e-06,0.007259927400725993,0.007259927400725993,other_metrics_secondary_726,other_metrics_secondary_726,726,726,27,28,0
d1_a,d1,a,common_grid_all5,common_grid,all5,mse,complete,complete,0.18703149381330286,0.7456250000000001,88.65191248,52.313497832634724,35.73279821209414,0.40989995174174354,0.5969314455550464,0.0,0.0,30,40,,,,,,,0.13907792404229405,0.24187048509275375,0.7215358072916667,0.7681256510416666,0.0,0.0,0.0,0.0,,,,,,,,,,,,,0
d1_a,d1,a,common_grid_all5,common_grid,all5,rmse,complete,complete,0.1850424591853549,0.7468749999999998,88.65191248,52.11641305263622,35.71204515585217,0.41212308234868866,0.5971655415340436,0.001989034627947972,0.0012499999999997513,30,40,,,,,,,0.1384178564522183,0.24048406719245646,0.72278515625,0.76922265625,-0.0004377911874618778,0.0050461660231392695,0.00026041666666666666,0.0025000000000000022,0.4306456935430646,0.03195968040319597,0.4306456935430646,0.03195968040319597,1.0,1.0,other_metrics_secondary_726,other_metrics_secondary_726,726,726,625,500,0
d1_a,d1,a,common_grid_all5,common_grid,all5,mae,complete,complete,0.16735927549182592,0.7678645833333333,88.65191248,50.45626452294242,35.61954467932486,0.43084967812369046,0.5982089536155164,0.019672218321476947,0.0222395833333332,30,40,,,,,,,0.1290265591867645,0.2190048009935182,0.7412760416666667,0.7918014322916666,0.007125740871204762,0.026129151847019593,0.016458333333333346,0.027604166666666655,0.00022999770002299976,9.99990000099999e-06,0.00022999770002299976,9.99990000099999e-06,0.07635923640763592,0.007259927400725993,other_metrics_secondary_726,other_metrics_secondary_726,726,726,395,6,0
d1_a,d1,a,common_grid_all5,common_grid,all5,sam,complete,complete,0.18500954358641325,0.7439583333333333,88.65191248,53.20467978968392,36.80322992369647,0.39984735465591925,0.5848568982423326,0.002021950226889613,-0.0016666666666668162,30,40,,,,,,,0.14470895885824722,0.23910868734144408,0.7193476562500001,0.7671634114583332,-0.01789634841412215,0.013279666026094879,-0.0033333333333333288,5.208333333333417e-05,0.8197518024819752,0.07150928490715093,0.8197518024819752,0.07150928490715093,1.0,1.0,other_metrics_secondary_726,other_metrics_secondary_726,726,726,699,525,0
d1_a,d1,a,common_grid_all5,common_grid,all5,pearson_r,complete,complete,0.2575641100574664,0.7226041666666666,88.65191248,59.334927269197024,36.50137632639343,0.3306977186467006,0.588261828704167,-0.07053261624416352,-0.02302083333333349,30,40,,,,,,,0.18239008079465563,0.33996930082826604,0.6951549479166667,0.749923828125,-0.1052808050389645,-0.03358734236212759,-0.033438802083333344,-0.01161458333333334,0.003229967700322997,0.00032999670003299966,0.003229967700322997,0.00032999670003299966,0.9270007299927001,0.10790892091079089,other_metrics_secondary_726,other_metrics_secondary_726,726,726,440,400,0
d1_a,d1,a,common_grid_all5,common_grid,all5,nmse,complete,complete,0.17535332940742981,0.7451562500000001,88.65191248,52.925352479270835,37.37994446756676,0.402998186968489,0.5783515163759188,0.011678164405873048,-0.00046875000000001776,30,40,,,,,,,0.13767346644087522,0.2304144966236521,0.7208580729166665,0.7676315104166668,-0.006886572479424724,0.019516111988899965,-0.001614583333333334,0.0007812499999999927,0.11897881021189788,0.5252947470525294,0.11897881021189788,0.5252947470525294,1.0,1.0,other_metrics_secondary_726,other_metrics_secondary_726,726,726,544,648,0
d1_a,d1,a,common_grid_all5,common_grid,all5,wasserstein_1_cm1,complete,complete,0.04671477578658349,0.8266666666666665,88.65191248,41.06679050592893,36.925436291373906,0.5367636257684383,0.5834784015550218,0.14031671802671936,0.08104166666666646,30,40,,,,,,,0.034841904427867464,0.08250820201250421,0.7827565104166667,0.859767578125,0.07332095170753147,0.19698002479464835,0.04400130208333334,0.11344140624999997,0.0010399896001039989,0.00021999780002199978,0.0010399896001039989,0.00021999780002199978,0.01975980240197598,0.006819931800681993,w1_axis_primary_66,w1_axis_primary_66,66,66,48,36,0
d1_a,d1,a,common_grid_all5,common_grid,all5,is_like_structure_to_noise,complete,complete,0.38128624486060453,0.4031249999999999,88.65191248,88.60563755641888,54.803882747208725,0.0005219844929069684,0.38180822935351155,-0.19425475104730167,-0.3425000000000002,30,40,,,,,,,0.27940679931637674,0.4896615451371311,0.3768170572916667,0.4272161458333333,-0.2547106498831465,-0.13647531283674802,-0.3823437499999999,-0.30321484375000013,5.999940000599994e-05,9.99990000099999e-06,5.999940000599994e-05,9.99990000099999e-06,0.022199778002219978,0.007259927400725993,other_metrics_secondary_726,other_metrics_secondary_726,726,726,357,5,0
d1_a,d1,a,common_grid_all5,common_grid,all5,precision,complete,complete,0.5657616469248543,0.3842708333333333,88.65191248,87.62404626742914,37.468194259706294,0.011594405397658436,0.5773560523225127,-0.37873015311155145,-0.3613541666666668,30,40,,,,,,,0.4570776195638353,0.7029261641429155,0.3566927083333333,0.4203906249999999,-0.470384697584343,-0.31037310331555396,-0.3949999999999999,-0.3144778645833334,9.99990000099999e-06,9.99990000099999e-06,9.99990000099999e-06,9.99990000099999e-06,0.007259927400725993,0.007259927400725993,other_metrics_secondary_726,other_metrics_secondary_726,726,726,9,10,0
d1_a,d1,a,common_grid_all5,common_grid,all5,recall,complete,complete,0.5684652294284751,0.3902604166666668,88.65191248,86.87164505335389,36.4761152861376,0.020081545641192355,0.5885467750696673,-0.38143373561517224,-0.3553645833333333,30,40,,,,,,,0.46323091094561175,0.7002968734397246,0.3649453125,0.42390755208333325,-0.46407493395491567,-0.31856151431435564,-0.3889127604166667,-0.31145703125000007,9.99990000099999e-06,9.99990000099999e-06,9.99990000099999e-06,9.99990000099999e-06,0.007259927400725993,0.007259927400725993,other_metrics_secondary_726,other_metrics_secondary_726,726,726,11,12,0
d1_a,d1,a,common_grid_all5,common_grid,all5,f1,complete,complete,0.5755163963112719,0.3859895833333333,88.65191248,87.36634741709567,36.3457182205038,0.014501267112476013,0.590017663423748,-0.3884849024979691,-0.3596354166666668,30,40,,,,,,,0.47140889982070994,0.705651803074264,0.35942708333333334,0.4207558593750001,-0.4699648486245108,-0.3268672935354479,-0.3927630208333333,-0.3143671875,9.99990000099999e-06,9.99990000099999e-06,9.99990000099999e-06,9.99990000099999e-06,0.007259927400725993,0.007259927400725993,other_metrics_secondary_726,other_metrics_secondary_726,726,726,3,4,0
d1_a,d1,a,common_grid_all5,common_grid,all5,artifact_peak_ratio,complete,complete,0.5657616469248543,0.3842708333333333,88.65191248,87.62404626742914,37.468194259706294,0.011594405397658436,0.5773560523225127,-0.37873015311155145,-0.3613541666666668,30,40,,,,,,,0.4570776195638353,0.7029261641429155,0.3566927083333333,0.4203906249999999,-0.470384697584343,-0.31037310331555396,-0.3949999999999999,-0.3144778645833334,9.99990000099999e-06,9.99990000099999e-06,9.99990000099999e-06,9.99990000099999e-06,0.007259927400725993,0.007259927400725993,other_metrics_secondary_726,other_metrics_secondary_726,726,726,1,2,0
d1_a,d1,a,common_grid_all5,common_grid,all5,missing_peak_ratio,complete,complete,0.5684652294284751,0.3902604166666668,88.65191248,86.87164505335389,36.4761152861376,0.020081545641192355,0.5885467750696673,-0.38143373561517224,-0.3553645833333333,30,40,,,,,,,0.46323091094561175,0.7002968734397246,0.3649453125,0.42390755208333325,-0.46407493395491567,-0.31856151431435564,-0.3889127604166667,-0.31145703125000007,9.99990000099999e-06,9.99990000099999e-06,9.99990000099999e-06,9.99990000099999e-06,0.007259927400725993,0.007259927400725993,other_metrics_secondary_726,other_metrics_secondary_726,726,726,7,8,0
d1_a,d1,a,common_grid_no_axis,common_grid,no_axis,mse,complete,complete,0.20859099995263558,0.6704861111111111,56.51347731111111,37.958303205786976,26.170100462661726,0.3283318420343603,0.5369228419869958,0.0,0.0,30,24,,,,,,,0.15239726123094574,0.2868211518373688,0.6508680555555556,0.6904578993055556,0.0,0.0,0.0,0.0,,,,,,,,,,,,,0
d1_a,d1,a,common_grid_no_axis,common_grid,no_axis,rmse,complete,complete,0.20653287099149076,0.6739583333333332,56.51347731111111,37.84143752700388,26.169546808227633,0.3303997678521211,0.536932638843612,0.002058128961144823,0.003472222222222099,30,24,,,,,,,0.152696331375654,0.28563759561599084,0.6542534722222223,0.6941015625,-0.0007598497303649538,0.00702741414979029,0.0,0.007638888888888895,0.6390836091639084,0.25247747522524777,0.6390836091639084,0.25247747522524777,1.0,1.0,other_metrics_secondary_726,other_metrics_secondary_726,726,726,663,594,0
d1_a,d1,a,common_grid_no_axis,common_grid,no_axis,mae,complete,complete,0.19628247216254593,0.7277777777777777,56.51347731111111,37.14510842816149,26.052503391034655,0.3427212375611791,0.539003709723725,0.012308527790089646,0.05729166666666663,30,24,,,,,,,0.14699676242918835,0.273322405644154,0.706857638888889,0.7454014756944445,-0.0009980570735126314,0.021931659241636394,0.039583333333333345,0.07378472222222225,0.055519444805551946,9.99990000099999e-06,0.055519444805551946,9.99990000099999e-06,1.0,0.007259927400725993,other_metrics_secondary_726,other_metrics_secondary_726,726,726,510,17,0
d1_a,d1,a,common_grid_no_axis,common_grid,no_axis,sam,complete,complete,0.22617867477993564,0.6763888888888889,56.51347731111111,40.07450236516854,27.29235895973547,0.29088592187390494,0.5170645966538406,-0.01758767482730006,0.005902777777777812,30,24,,,,,,,0.17152778085488102,0.3089525768473814,0.6572916666666667,0.6960091145833334,-0.0395939142812014,-0.00717144738433309,0.0024305555555555617,0.009722222222222217,0.1005089949100509,0.0031899681003189967,0.1005089949100509,0.0031899681003189967,1.0,0.9187108128918711,other_metrics_secondary_726,other_metrics_secondary_726,726,726,540,439,0
d1_a,d1,a,common_grid_no_axis,common_grid,no_axis,pearson_r,complete,complete,0.20631080160548165,0.6890625,56.51347731111111,38.567304287573016,26.907963482004483,0.31755563234488315,0.5238664339503648,0.0022801983471539278,0.018576388888888906,30,24,,,,,,,0.15261086665940146,0.2827099288940205,0.6651041666666668,0.7130208333333332,-0.008385720008999663,0.013151939854694657,0.003819444444444453,0.03211805555555556,0.7644123558764412,0.016089839101608983,0.7644123558764412,0.016089839101608983,1.0,1.0,other_metrics_secondary_726,other_metrics_secondary_726,726,726,693,483,0
d1_a,d1,a,common_grid_no_axis,common_grid,no_axis,nmse,complete,complete,0.21651688357250684,0.6718749999999999,56.51347731111111,40.10445145817728,27.86832947092993,0.2903559758427332,0.5068728594152401,-0.00792588361987126,0.001388888888888773,30,24,,,,,,,0.16445453224418766,0.30539600797051736,0.6519943576388888,0.6926236979166667,-0.03156517894778566,-0.0006460875358771786,0.0,0.004166666666666674,0.3680463195368046,1.0,0.3680463195368046,1.0,1.0,1.0,other_metrics_secondary_726,other_metrics_secondary_726,726,726,614,717,0
d1_a,d1,a,common_grid_no_axis,common_grid,no_axis,wasserstein_1_cm1,complete,complete,0.045880468870525944,0.8255208333333335,56.51347731111111,30.96334678259334,28.370481946055733,0.452106855641926,0.49798732451245187,0.16271053108210964,0.15503472222222237,30,24,,,,,,,0.03859416315696411,0.06724336459250771,0.7776888020833334,0.8634548611111111,0.09852256173159053,0.23589875601416754,0.09947916666666669,0.2031293402777778,0.0005499945000549994,1.999980000199998e-05,0.0005499945000549994,1.999980000199998e-05,0.013749862501374985,0.0009199908000919991,w1_axis_primary_66,w1_axis_primary_66,66,66,42,21,0
d1_a,d1,a,common_grid_no_axis,common_grid,no_axis,is_like_structure_to_noise,complete,complete,0.2134872922248797,0.1821180555555556,56.51347731111111,56.51215295821727,44.447243712855986,2.3434284295520413e-05,0.21351072650917524,-0.004896292272244113,-0.4883680555555555,30,24,,,,,,,0.1511830019202795,0.2984164036772871,0.14930555555555555,0.2229166666666666,-0.026416607690134798,0.015351839713845546,-0.5217013888888888,-0.44374131944444445,0.6589734102658973,9.99990000099999e-06,0.6589734102658973,9.99990000099999e-06,1.0,0.007259927400725993,other_metrics_secondary_726,other_metrics_secondary_726,726,726,668,16,0
d1_a,d1,a,common_grid_no_axis,common_grid,no_axis,precision,complete,complete,0.4541383548702286,0.31718749999999996,56.51347731111111,53.792833967377675,28.127896353313687,0.048141496032107156,0.5022798509023357,-0.245547354917593,-0.35329861111111116,30,24,,,,,,,0.35509550021647707,0.6121038249648212,0.27612630208333333,0.3646809895833333,-0.3337528803888049,-0.19523454801675194,-0.3878472222222222,-0.3064236111111111,1.999980000199998e-05,9.99990000099999e-06,1.999980000199998e-05,9.99990000099999e-06,0.008019919800801993,0.007259927400725993,other_metrics_secondary_726,other_metrics_secondary_726,726,726,327,20,0
d1_a,d1,a,common_grid_no_axis,common_grid,no_axis,recall,complete,complete,0.43675361020365167,0.33125,56.51347731111111,52.26405432559136,27.581589084801426,0.0751930899973885,0.5119467002010402,-0.22816261025101608,-0.3392361111111111,30,24,,,,,,,0.3397416546192666,0.5864401389944883,0.2939214409722223,0.3743098958333333,-0.30278776608630836,-0.18095930233483323,-0.3699652777777777,-0.29686197916666673,9.99990000099999e-06,9.99990000099999e-06,9.99990000099999e-06,9.99990000099999e-06,0.007259927400725993,0.007259927400725993,other_metrics_secondary_726,other_metrics_secondary_726,726,726,21,22,0
d1_a,d1,a,common_grid_no_axis,common_grid,no_axis,f1,complete,complete,0.45277034354978946,0.3251736111111111,56.51347731111111,52.691162791857266,27.103536254512257,0.06763545088920475,0.5204057944389943,-0.24417934359715388,-0.3453125,30,24,,,,,,,0.35693100277142054,0.6037660782253181,0.28618489583333334,0.3700716145833332,-0.32072243428496416,-0.19723442999664964,-0.37760416666666663,-0.3012109375000001,9.99990000099999e-06,9.99990000099999e-06,9.99990000099999e-06,9.99990000099999e-06,0.007259927400725993,0.007259927400725993,other_metrics_secondary_726,other_metrics_secondary_726,726,726,14,15,0
d1_a,d1,a,common_grid_no_axis,common_grid,no_axis,artifact_peak_ratio,complete,complete,0.4541383548702286,0.31718749999999996,56.51347731111111,53.792833967377675,28.127896353313687,0.048141496032107156,0.5022798509023357,-0.245547354917593,-0.35329861111111116,30,24,,,,,,,0.35509550021647707,0.6121038249648212,0.27612630208333333,0.3646809895833333,-0.3337528803888049,-0.19523454801675194,-0.3878472222222222,-0.3064236111111111,1.999980000199998e-05,9.99990000099999e-06,1.999980000199998e-05,9.99990000099999e-06,0.008019919800801993,0.007259927400725993,other_metrics_secondary_726,other_metrics_secondary_726,726,726,326,13,0
d1_a,d1,a,common_grid_no_axis,common_grid,no_axis,missing_peak_ratio,complete,complete,0.43675361020365167,0.33125,56.51347731111111,52.26405432559136,27.581589084801426,0.0751930899973885,0.5119467002010402,-0.22816261025101608,-0.3392361111111111,30,24,,,,,,,0.3397416546192666,0.5864401389944883,0.2939214409722223,0.3743098958333333,-0.30278776608630836,-0.18095930233483323,-0.3699652777777777,-0.29686197916666673,9.99990000099999e-06,9.99990000099999e-06,9.99990000099999e-06,9.99990000099999e-06,0.007259927400725993,0.007259927400725993,other_metrics_secondary_726,other_metrics_secondary_726,726,726,18,19,0
d2_5_a,d2_5,a,native_all5,native,all5,mse,complete,complete,0.12800776615654616,0.7940885416666668,37.05658591666666,16.341750766435332,11.598219981854704,0.559005494915671,0.687013261072217,0.0,0.0,30,40,0.10588549419281168,0.15360560897206416,0.7505201822916666,0.8301302083333334,,,0.10503813462076551,0.15458350382673422,0.7469967447916669,0.8310423177083335,0.0,0.0,0.0,0.0,,,,,,,,,,,,,0
d2_5_a,d2_5,a,native_all5,native,all5,rmse,complete,complete,0.12881608017260615,0.7946614583333335,37.05658591666666,16.34005254263316,11.566568400268759,0.5590513227694833,0.6878674029420895,-0.0008083140160599911,0.0005729166666667007,30,40,0.10641345308733727,0.15342829834019286,0.7507792968750001,0.8306796875000001,0.45490545094549056,0.7429025709742902,0.10559800270905255,0.1546851672091208,0.7476770833333335,0.8315664062500001,-0.0016052865622006515,0.0006541489638396912,-0.0006510416666666649,0.0023958333333333284,,,,,,,,,,,,,0
d2_5_a,d2_5,a,native_all5,native,all5,mae,complete,complete,0.1218275064540057,0.8047395833333333,37.05658591666666,15.976338289258528,11.461826829332404,0.5688664270047347,0.6906939334587403,0.006180259702540464,0.010651041666666528,30,40,0.10246910054586873,0.14657144123465815,0.7609361979166668,0.8393268229166668,0.17994820051799482,0.00021999780002199978,0.10172563505806784,0.1479618975224204,0.7564023437499999,0.8400787760416666,-0.004175277139369156,0.011184639181560563,0.00596289062499999,0.015182291666666648,,,,,,,,,,,,,0
d2_5_a,d2_5,a,native_all5,native,all5,sam,complete,complete,0.13897726286915224,0.791875,37.05658591666666,16.957513523196685,11.807490641222778,0.5423886711708692,0.6813659340400214,-0.01096949671260608,-0.002213541666666763,30,40,0.12020528731168956,0.1675385633351073,0.7476243489583334,0.8282298177083334,0.08543914560854392,0.19462805371946282,0.12056263414300504,0.16696180167613753,0.7444993489583333,0.8288802083333333,-0.025237271843989276,-0.0036492758360777843,-0.005677083333333325,0.0007571614583333167,,,,,,,,,,,,,0
d2_5_a,d2_5,a,native_all5,native,all5,pearson_r,complete,complete,0.12722789620160882,0.7930729166666666,37.05658591666666,16.809943588975337,12.095312122383671,0.5463709574654891,0.673598853667098,0.00077986995493734,-0.0010156250000001865,30,40,0.10719373424552174,0.15213723162913337,0.7492174479166668,0.8290384114583335,0.7587624123758763,0.6799432005679943,0.1059273542121273,0.1539503291348669,0.74536328125,0.8294016927083335,-0.005224458208929208,0.005292478480422161,-0.005886067708333332,0.0035156249999999814,,,,,,,,,,,,,0
d2_5_a,d2_5,a,native_all5,native,all5,nmse,complete,complete,0.10928518306365705,0.7917968749999997,37.05658591666666,16.795246662448633,12.745510886831582,0.5467675651443442,0.6560527482080013,0.018722583092889114,-0.002291666666667025,30,40,0.08628478390525604,0.13652339464245117,0.7478776041666666,0.8278691406249999,0.0001999980000199998,0.023259767402325975,0.08489359087705203,0.13758784672797983,0.7443736979166665,0.8280292968749999,0.011497325540954095,0.026189391728660954,-0.004947916666666647,-0.0003125000000000155,,,,,,,,,,,,,0
d2_5_a,d2_5,a,native_all5,native,all5,wasserstein_1_cm1,complete,complete,0.053120470286407775,0.83203125,37.05658591666666,14.212922984026477,12.244459712924469,0.6164535228369746,0.6695739931233824,0.07488729587013838,0.03794270833333324,30,40,0.04313738243578874,0.07107107054157907,0.7910110677083333,0.8599739583333332,4.999950000499995e-05,0.0025499745002549976,0.043140123710835206,0.07068556303781645,0.7870546875000001,0.8597161458333332,0.04800918774988762,0.09661065423743882,0.01538606770833334,0.06078515624999999,,,,,,,,,,,,,0
d2_5_a,d2_5,a,native_all5,native,all5,is_like_structure_to_noise,complete,complete,0.3916731068568527,0.29692708333333334,37.05658591666666,37.02224502075702,22.508176885268295,0.0009267150510537947,0.39259982190790654,-0.26366534070030656,-0.4971614583333334,30,40,0.32454288253919583,0.4648846781098003,0.2770253906250001,0.3206516927083334,0.00011999880001199988,9.99990000099999e-06,0.32281911669955676,0.4616783265628297,0.2766328125,0.32338671874999997,-0.3314881982197794,-0.2004383204507709,-0.5406536458333334,-0.4311920572916667,,,,,,,,,,,,,0
d2_5_a,d2_5,a,native_all5,native,all5,precision,complete,complete,0.4262028812432644,0.6178124999999999,37.05658591666666,29.209117631760087,13.415493945038182,0.2117698673740227,0.637972748617287,-0.29819511508671825,-0.17627604166666688,30,40,0.37544577766369597,0.5034567545955448,0.6008795572916668,0.6334654947916666,9.99990000099999e-06,9.99990000099999e-06,0.37213218937161346,0.5040913593850517,0.6006998697916667,0.6337773437500002,-0.3605805417920831,-0.25856219745606257,-0.20479882812499994,-0.13822786458333333,,,,,,,,,,,,,0
d2_5_a,d2_5,a,native_all5,native,all5,recall,complete,complete,0.4277132876207225,0.6244270833333333,37.05658591666666,28.17497987559508,12.325385685177817,0.239676856930227,0.6673901445509496,-0.2997055214641764,-0.16966145833333346,30,40,0.3840978272090088,0.49301451172079436,0.6063802083333335,0.6409680989583333,9.99990000099999e-06,9.99990000099999e-06,0.3798872717978691,0.4957038015382764,0.60575,0.6417447916666668,-0.34930711443927764,-0.2713776836976115,-0.19724804687500003,-0.13395638020833334,,,,,,,,,,,,,0
d2_5_a,d2_5,a,native_all5,native,all5,f1,complete,complete,0.4360858530439565,0.6220312499999999,37.05658591666666,28.443159963560333,12.283307083194087,0.2324398144091394,0.6685256674530959,-0.30807808688741034,-0.17205729166666683,30,40,0.391383902080083,0.5034309068635757,0.604607421875,0.63836328125,9.99990000099999e-06,9.99990000099999e-06,0.3871928723653394,0.5033758314228767,0.6037962239583333,0.6388808593749999,-0.3555856138063731,-0.2771420872016937,-0.19984505208333328,-0.13588020833333334,,,,,,,,,,,,,0
d2_5_a,d2_5,a,native_all5,native,all5,artifact_peak_ratio,complete,complete,0.4262028812432644,0.6178124999999999,37.05658591666666,29.209117631760087,13.415493945038182,0.2117698673740227,0.637972748617287,-0.29819511508671825,-0.17627604166666688,30,40,0.37544577766369597,0.5034567545955448,0.6008795572916668,0.6334654947916666,9.99990000099999e-06,9.99990000099999e-06,0.37213218937161346,0.5040913593850517,0.6006998697916667,0.6337773437500002,-0.3605805417920831,-0.25856219745606257,-0.20479882812499994,-0.13822786458333333,,,,,,,,,,,,,0
d2_5_a,d2_5,a,native_all5,native,all5,missing_peak_ratio,complete,complete,0.4277132876207225,0.6244270833333333,37.05658591666666,28.17497987559508,12.325385685177817,0.239676856930227,0.6673901445509496,-0.2997055214641764,-0.16966145833333346,30,40,0.3840978272090088,0.49301451172079436,0.6063802083333335,0.6409680989583333,9.99990000099999e-06,9.99990000099999e-06,0.3798872717978691,0.4957038015382764,0.60575,0.6417447916666668,-0.34930711443927764,-0.2713776836976115,-0.19724804687500003,-0.13395638020833334,,,,,,,,,,,,,0
d2_5_a,d2_5,a,native_no_axis,native,no_axis,mse,complete,complete,0.18488910849038073,0.7289062500000001,25.57677297777778,15.01012321911023,10.281256465188036,0.413134595511651,0.5980237040020318,0.0,0.0,30,24,,,,,,,0.14440633067672698,0.22964396289834224,0.7033832465277776,0.7537369791666667,0.0,0.0,0.0,0.0,,,,,,,,,,,,,0
d2_5_a,d2_5,a,native_no_axis,native,no_axis,rmse,complete,complete,0.18606022408849754,0.7308159722222222,25.57677297777778,15.008424995308054,10.249604883602093,0.4132009926213901,0.5992612167098876,-0.0011711155981168064,0.0019097222222220767,30,24,,,,,,,0.1448244938653676,0.22945804487632157,0.7041623263888891,0.7565169270833334,-0.0023324945900774175,0.0009644047202608161,-0.002170138888888869,0.007986111111111128,0.45533544664553355,0.7446025539744603,0.45533544664553355,0.7446025539744603,1.0,1.0,other_metrics_secondary_726,other_metrics_secondary_726,726,726,630,689,0
d2_5_a,d2_5,a,native_no_axis,native,no_axis,mae,complete,complete,0.17593408514567993,0.7644097222222223,25.57677297777778,14.644689467489819,10.144863312665738,0.4274223147613748,0.6033563999070548,0.008955023344700802,0.035503472222222165,30,24,,,,,,,0.1405134455541265,0.2174167147718578,0.7407964409722222,0.7822938368055556,-0.006028593481915192,0.016669939119916894,0.019876302083333335,0.050607638888888896,0.18038819611803883,0.0002599974000259997,0.18038819611803883,0.0002599974000259997,1.0,0.0860591394086059,other_metrics_secondary_726,other_metrics_secondary_726,726,726,571,396,0
d2_5_a,d2_5,a,native_no_axis,native,no_axis,sam,complete,complete,0.2007656883152667,0.7215277777777778,25.57677297777778,15.625465556322979,10.49052712455611,0.3890759569278318,0.5898416452430986,-0.015876579824885967,-0.007378472222222321,30,24,,,,,,,0.1663380903689156,0.24895585631085196,0.6942686631944442,0.7465277777777776,-0.03606937666694915,-0.005284316963472441,-0.01892361111111109,0.00252387152777778,0.08771912280877191,0.1947880521194788,0.08771912280877191,0.1947880521194788,1.0,1.0,other_metrics_secondary_726,other_metrics_secondary_726,726,726,530,578,0
d2_5_a,d2_5,a,native_no_axis,native,no_axis,pearson_r,complete,complete,0.18375828281038128,0.7255208333333332,25.57677297777778,15.47829248794441,10.778348605717003,0.3948301257006649,0.5785884085110462,0.0011308256799994476,-0.0033854166666669183,30,24,,,,,,,0.1463753126196483,0.22727772364568166,0.6993012152777778,0.7477452256944446,-0.007470210035927306,0.007711552947639641,-0.019620225694444427,0.01171875,0.7583624163758362,0.6825431745682543,0.7583624163758362,0.6825431745682543,1.0,1.0,other_metrics_secondary_726,other_metrics_secondary_726,726,726,691,674,0
d2_5_a,d2_5,a,native_no_axis,native,no_axis,nmse,complete,complete,0.15774669184871337,0.7212673611111112,25.57677297777778,15.463198695574928,11.428547370164917,0.3954202623994031,0.5531669542481165,0.02714241664166736,-0.007638888888888862,30,24,,,,,,,0.11689887540158486,0.20270882614127136,0.6963498263888891,0.7454882812500001,0.017084642897162647,0.03795509725593728,-0.016493055555555546,-0.0010416666666666627,8.99991000089999e-05,0.023899761002389976,8.99991000089999e-05,0.023899761002389976,0.03257967420325797,1.0,other_metrics_secondary_726,other_metrics_secondary_726,726,726,366,493,0
d2_5_a,d2_5,a,native_no_axis,native,no_axis,wasserstein_1_cm1,complete,complete,0.07633987527509274,0.8144097222222221,25.57677297777778,12.983852954677426,11.031325295614508,0.49235765724009173,0.5686975325151845,0.10854923321528799,0.08550347222222199,30,24,,,,,,,0.059472338552315894,0.10328397734539531,0.7737847222222223,0.845234375,0.0685129088321241,0.1428213530931883,0.04348958333333337,0.12960069444444447,7.999920000799993e-05,0.0004999950000499995,7.999920000799993e-05,0.0004999950000499995,0.0028799712002879974,0.013499865001349988,w1_axis_primary_66,w1_axis_primary_66,66,66,31,40,0
d2_5_a,d2_5,a,native_no_axis,native,no_axis,is_like_structure_to_noise,complete,complete,0.1714118600752014,0.18246527777777777,25.57677297777778,25.575375599443667,21.19121336860163,5.4634661508123905e-05,0.1714664947367095,0.013477248415179333,-0.5464409722222223,30,24,,,,,,,0.13869973777918868,0.21404607916605056,0.1578103298611111,0.21598090277777773,-0.011720593656991546,0.031422663519088165,-0.5793402777777777,-0.49929253472222224,0.1836981630183698,9.99990000099999e-06,0.1836981630183698,9.99990000099999e-06,1.0,0.007259927400725993,other_metrics_secondary_726,other_metrics_secondary_726,726,726,573,154,0
d2_5_a,d2_5,a,native_no_axis,native,no_axis,precision,complete,complete,0.4716271147202837,0.3263888888888888,25.57677297777778,24.25702608682671,12.194326443461657,0.051599429376713135,0.5232265440969968,-0.286738006229903,-0.4025173611111113,30,24,,,,,,,0.39186409991001525,0.586869336090154,0.28966579861111114,0.3671180555555555,-0.36825266554249575,-0.23956018407620305,-0.43715494791666665,-0.3531228298611111,9.99990000099999e-06,9.99990000099999e-06,9.99990000099999e-06,9.99990000099999e-06,0.007259927400725993,0.007259927400725993,other_metrics_secondary_726,other_metrics_secondary_726,726,726,157,158,0
d2_5_a,d2_5,a,native_no_axis,native,no_axis,recall,complete,complete,0.4645940745837755,0.3428819444444445,25.57677297777778,22.987035356051273,11.10421818360129,0.10125349370605052,0.5658475682898261,-0.2797049660933948,-0.3860243055555556,30,24,,,,,,,0.39227135209107944,0.5663485067939743,0.30728298611111116,0.37960720486111105,-0.3457303682256917,-0.24131112862663776,-0.4182291666666667,-0.3425303819444444,9.99990000099999e-06,9.99990000099999e-06,9.99990000099999e-06,9.99990000099999e-06,0.007259927400725993,0.007259927400725993,other_metrics_secondary_726,other_metrics_secondary_726,726,726,159,160,0
d2_5_a,d2_5,a,native_no_axis,native,no_axis,f1,complete,complete,0.47962901113754086,0.3355902777777778,25.57677297777778,23.32950191303849,11.06213958161756,0.08786374523055795,0.5674927563680989,-0.2947399026471601,-0.3933159722222223,30,24,,,,,,,0.40592364243791074,0.5835707801592934,0.3000846354166667,0.3729188368055555,-0.35933174542753604,-0.25594469735010167,-0.42587239583333336,-0.3480034722222223,9.99990000099999e-06,9.99990000099999e-06,9.99990000099999e-06,9.99990000099999e-06,0.007259927400725993,0.007259927400725993,other_metrics_secondary_726,other_metrics_secondary_726,726,726,152,153,0
d2_5_a,d2_5,a,native_no_axis,native,no_axis,artifact_peak_ratio,complete,complete,0.4716271147202837,0.3263888888888888,25.57677297777778,24.25702608682671,12.194326443461657,0.051599429376713135,0.5232265440969968,-0.286738006229903,-0.4025173611111113,30,24,,,,,,,0.39186409991001525,0.586869336090154,0.28966579861111114,0.3671180555555555,-0.36825266554249575,-0.23956018407620305,-0.43715494791666665,-0.3531228298611111,9.99990000099999e-06,9.99990000099999e-06,9.99990000099999e-06,9.99990000099999e-06,0.007259927400725993,0.007259927400725993,other_metrics_secondary_726,other_metrics_secondary_726,726,726,150,151,0
d2_5_a,d2_5,a,native_no_axis,native,no_axis,missing_peak_ratio,complete,complete,0.4645940745837755,0.3428819444444445,25.57677297777778,22.987035356051273,11.10421818360129,0.10125349370605052,0.5658475682898261,-0.2797049660933948,-0.3860243055555556,30,24,,,,,,,0.39227135209107944,0.5663485067939743,0.30728298611111116,0.37960720486111105,-0.3457303682256917,-0.24131112862663776,-0.4182291666666667,-0.3425303819444444,9.99990000099999e-06,9.99990000099999e-06,9.99990000099999e-06,9.99990000099999e-06,0.007259927400725993,0.007259927400725993,other_metrics_secondary_726,other_metrics_secondary_726,726,726,155,156,0
d2_5_a,d2_5,a,common_grid_all5,common_grid,all5,mse,complete,complete,0.18153947342274657,0.7497916666666665,37.05658591666666,18.28920373271962,11.561970638563189,0.5064520035966449,0.6879914770193913,0.0,0.0,30,40,,,,,,,0.1504248760651624,0.21494344676911287,0.7197389322916669,0.7759134114583335,0.0,0.0,0.0,0.0,,,,,,,,,,,,,0
d2_5_a,d2_5,a,common_grid_all5,common_grid,all5,rmse,complete,complete,0.18165802052954794,0.7511458333333333,37.05658591666666,18.259931157836057,11.528305112631267,0.5072419461712088,0.6888999667007567,-0.00011854710680136993,0.0013541666666667673,30,40,,,,,,,0.15000180064892227,0.2152361890490291,0.7214752604166668,0.77703125,-0.002555730539263073,0.0024020498729750476,0.0002083333333333326,0.0028124999999999843,0.9113808861911381,0.06163938360616394,0.9113808861911381,0.06163938360616394,1.0,1.0,other_metrics_secondary_726,other_metrics_secondary_726,726,726,709,516,0
d2_5_a,d2_5,a,common_grid_all5,common_grid,all5,mae,complete,complete,0.16783135991646003,0.7700520833333333,37.05658591666666,17.64713723426924,11.427880026013934,0.5237786537066756,0.6916100136231357,0.013708113506286534,0.02026041666666678,30,40,,,,,,,0.14121451377051664,0.20001207359499545,0.7373671875000001,0.7967493489583334,0.0043815362611340876,0.019771673685189145,0.014374999999999999,0.02541796875,0.015069849301506986,9.99990000099999e-06,0.015069849301506986,9.99990000099999e-06,1.0,0.007259927400725993,other_metrics_secondary_726,other_metrics_secondary_726,726,726,475,131,0
d2_5_a,d2_5,a,common_grid_all5,common_grid,all5,sam,complete,complete,0.1941044807980533,0.7488020833333332,37.05658591666666,18.886532281797976,11.693682912294939,0.49033264088952344,0.6844371216875768,-0.012565007375306747,-0.0009895833333333215,30,40,,,,,,,0.1729823965368171,0.22389435148370027,0.7191354166666667,0.7750833333333333,-0.032897541818278905,0.0008192999984425357,-0.0029687500000000126,0.001093750000000001,0.21848781512184878,0.3903360966390336,0.21848781512184878,0.3903360966390336,1.0,1.0,other_metrics_secondary_726,other_metrics_secondary_726,726,726,583,617,0
d2_5_a,d2_5,a,common_grid_all5,common_grid,all5,pearson_r,complete,complete,0.2951087300258579,0.7234375,37.05658591666666,22.973192000136304,12.037469991174714,0.3800510373028233,0.6751597673286812,-0.11356925660311135,-0.026354166666666567,30,40,,,,,,,0.23709193639396917,0.35018530976940654,0.6934342447916666,0.7527174479166666,-0.14294385139810262,-0.0780097897573601,-0.036770833333333315,-0.01567578124999998,7.999920000799993e-05,2.999970000299997e-05,7.999920000799993e-05,2.999970000299997e-05,0.02927970720292797,0.011639883601163989,other_metrics_secondary_726,other_metrics_secondary_726,726,726,361,347,0
d2_5_a,d2_5,a,common_grid_all5,common_grid,all5,nmse,complete,complete,0.17354419736074336,0.7492708333333332,37.05658591666666,18.647972748766954,12.217017288929611,0.496770350331173,0.6703145476919163,0.007995276062003204,-0.0005208333333333037,30,40,,,,,,,0.15311225097142916,0.20636990040376452,0.7193463541666667,0.7757565104166666,-0.01333449798012483,0.01466243892917988,-0.0018750000000000008,0.0008333333333333341,0.29570704292957073,0.5317246827531724,0.29570704292957073,0.5317246827531724,1.0,1.0,other_metrics_secondary_726,other_metrics_secondary_726,726,726,601,652,0
d2_5_a,d2_5,a,common_grid_all5,common_grid,all5,wasserstein_1_cm1,complete,complete,0.054434490362625,0.83,37.05658591666666,14.246200164556237,12.22904379560366,0.6155555129500252,0.6699900033126502,0.12710498306012158,0.08020833333333344,30,40,,,,,,,0.04414640567564046,0.07296952218217273,0.783330078125,0.8596881510416667,0.09042184946572371,0.15726503487862156,0.041714843750000015,0.11677213541666666,9.99990000099999e-05,0.0003999960000399996,9.99990000099999e-05,0.0003999960000399996,0.0033999660003399966,0.011999880001199987,w1_axis_primary_66,w1_axis_primary_66,66,66,34,37,0
d2_5_a,d2_5,a,common_grid_all5,common_grid,all5,is_like_structure_to_noise,complete,complete,0.391907305696636,0.4203645833333333,37.05658591666666,37.02224502075702,22.49949827584028,0.0009267150510537947,0.3928340207476898,-0.21036783227388944,-0.3294270833333332,30,40,,,,,,,0.3232676391799617,0.4625908766648359,0.3919752604166666,0.44680013020833337,-0.2581466861191994,-0.16529053789164933,-0.37521093749999995,-0.2818723958333334,0.00010999890001099989,9.99990000099999e-06,0.00010999890001099989,9.99990000099999e-06,0.03915960840391596,0.007259927400725993,other_metrics_secondary_726,other_metrics_secondary_726,726,726,373,130,0
d2_5_a,d2_5,a,common_grid_all5,common_grid,all5,precision,complete,complete,0.6467810046811082,0.3682291666666667,37.05658591666666,36.65727458101906,12.68977871178559,0.010775718425479863,0.6575567231065882,-0.46524153125836165,-0.3815624999999998,30,40,,,,,,,0.5697606266894601,0.7432804403604646,0.34041406250000006,0.40388476562500003,-0.5381571914152105,-0.41165353274010985,-0.4095846354166666,-0.33213411458333336,9.99990000099999e-06,9.99990000099999e-06,9.99990000099999e-06,9.99990000099999e-06,0.007259927400725993,0.007259927400725993,other_metrics_secondary_726,other_metrics_secondary_726,726,726,134,135,0
d2_5_a,d2_5,a,common_grid_all5,common_grid,all5,recall,complete,complete,0.6446045369692306,0.37677083333333333,37.05658591666666,36.08113709734178,12.194293690868355,0.02632322420415323,0.6709277611733838,-0.463065063546484,-0.3730208333333332,30,40,,,,,,,0.5547022954948068,0.7443859695484257,0.35145703125000005,0.4078919270833333,-0.5377698977165128,-0.40268632030404844,-0.4008867187499999,-0.32432031250000004,9.99990000099999e-06,9.99990000099999e-06,9.99990000099999e-06,9.99990000099999e-06,0.007259927400725993,0.007259927400725993,other_metrics_secondary_726,other_metrics_secondary_726,726,726,136,137,0
d2_5_a,d2_5,a,common_grid_all5,common_grid,all5,f1,complete,complete,0.6505214115662232,0.371875,37.05658591666666,36.43297004017548,12.326867461840456,0.01682874612069163,0.667350157686915,-0.46898193814347666,-0.3779166666666665,30,40,,,,,,,0.5732305292161616,0.7486981299891355,0.34536328125000004,0.40544401041666667,-0.5408834299992675,-0.4155452802346164,-0.4059375,-0.3284127604166667,9.99990000099999e-06,9.99990000099999e-06,9.99990000099999e-06,9.99990000099999e-06,0.007259927400725993,0.007259927400725993,other_metrics_secondary_726,other_metrics_secondary_726,726,726,128,129,0
d2_5_a,d2_5,a,common_grid_all5,common_grid,all5,artifact_peak_ratio,complete,complete,0.6467810046811082,0.3682291666666667,37.05658591666666,36.65727458101906,12.68977871178559,0.010775718425479863,0.6575567231065882,-0.46524153125836165,-0.3815624999999998,30,40,,,,,,,0.5697606266894601,0.7432804403604646,0.34041406250000006,0.40388476562500003,-0.5381571914152105,-0.41165353274010985,-0.4095846354166666,-0.33213411458333336,9.99990000099999e-06,9.99990000099999e-06,9.99990000099999e-06,9.99990000099999e-06,0.007259927400725993,0.007259927400725993,other_metrics_secondary_726,other_metrics_secondary_726,726,726,126,127,0
d2_5_a,d2_5,a,common_grid_all5,common_grid,all5,missing_peak_ratio,complete,complete,0.6446045369692306,0.37677083333333333,37.05658591666666,36.08113709734178,12.194293690868355,0.02632322420415323,0.6709277611733838,-0.463065063546484,-0.3730208333333332,30,40,,,,,,,0.5547022954948068,0.7443859695484257,0.35145703125000005,0.4078919270833333,-0.5377698977165128,-0.40268632030404844,-0.4008867187499999,-0.32432031250000004,9.99990000099999e-06,9.99990000099999e-06,9.99990000099999e-06,9.99990000099999e-06,0.007259927400725993,0.007259927400725993,other_metrics_secondary_726,other_metrics_secondary_726,726,726,132,133,0
d2_5_a,d2_5,a,common_grid_no_axis,common_grid,no_axis,mse,complete,complete,0.18615904683815954,0.7032986111111109,25.57677297777778,15.04261081059381,10.281263131854704,0.4118643965107135,0.5980234433488729,0.0,0.0,30,24,,,,,,,0.14622346362847957,0.23235144763682306,0.6806401909722221,0.7230902777777776,0.0,0.0,0.0,0.0,,,,,,,,,,,,,0
d2_5_a,d2_5,a,common_grid_no_axis,common_grid,no_axis,rmse,complete,complete,0.18704348365373974,0.7072916666666665,25.57677297777778,15.031398681351561,10.247429962967171,0.4123027680461683,0.5993462516999081,-0.0008844368155802029,0.003993055555555625,30,24,,,,,,,0.14661441511805828,0.23283121069980794,0.6855902777777778,0.7268272569444445,-0.004885404503555037,0.0032234816737840427,0.0,0.008858506944444424,0.6042239577604224,0.25049749502504975,0.6042239577604224,0.25049749502504975,1.0,1.0,other_metrics_secondary_726,other_metrics_secondary_726,726,726,656,592,0
d2_5_a,d2_5,a,common_grid_no_axis,common_grid,no_axis,mae,complete,complete,0.17613771367851236,0.7602430555555556,25.57677297777778,14.649897628245872,10.144863312665738,0.4272186862285424,0.6033563999070548,0.010021333159647178,0.056944444444444686,30,24,,,,,,,0.1405510799253176,0.21986636989088446,0.737322048611111,0.7784722222222222,-0.00404828101243509,0.017688831700285138,0.042361111111111134,0.07031684027777775,0.13909860901390986,9.99990000099999e-06,0.13909860901390986,9.99990000099999e-06,1.0,0.007259927400725993,other_metrics_secondary_726,other_metrics_secondary_726,726,726,552,143,0
d2_5_a,d2_5,a,common_grid_no_axis,common_grid,no_axis,sam,complete,complete,0.21898759435247214,0.7107638888888889,25.57677297777778,16.023266799334998,10.422270813632126,0.3735227343474208,0.592510328699893,-0.032828547514312606,0.0074652777777779455,30,24,,,,,,,0.18931189596977496,0.26330080323830607,0.6877560763888889,0.731252170138889,-0.0542308151801406,-0.018525445054357895,0.003472222222222221,0.012326388888888892,0.005019949800501995,0.002089979100208998,0.005019949800501995,0.002089979100208998,1.0,0.6165438345616544,other_metrics_secondary_726,other_metrics_secondary_726,726,726,448,432,0
d2_5_a,d2_5,a,common_grid_no_axis,common_grid,no_axis,pearson_r,complete,complete,0.18648247110694996,0.7180555555555554,25.57677297777778,15.547709312608841,10.778089484771378,0.3921160685080416,0.5785985396149915,-0.0003234242687904232,0.01475694444444453,30,24,,,,,,,0.15046550892066596,0.22924433036617362,0.6924479166666668,0.7400173611111108,-0.008868006183455157,0.010246266576609661,0.002083333333333326,0.02621961805555553,0.960070399296007,0.028989710102898972,0.960070399296007,0.028989710102898972,1.0,1.0,other_metrics_secondary_726,other_metrics_secondary_726,726,726,714,497,0
d2_5_a,d2_5,a,common_grid_no_axis,common_grid,no_axis,nmse,complete,complete,0.19935451960650108,0.7046874999999999,25.57677297777778,16.04444452122333,10.945599231153903,0.3726947283316998,0.5720492479382009,-0.013195472768341543,0.001388888888888995,30,24,,,,,,,0.16887537686214513,0.2519381759022727,0.6834136284722222,0.7232638888888888,-0.0399270334811684,-0.005606154958015789,0.0,0.004166666666666663,0.1000789992100079,1.0,0.1000789992100079,1.0,1.0,1.0,other_metrics_secondary_726,other_metrics_secondary_726,726,726,539,723,0
d2_5_a,d2_5,a,common_grid_no_axis,common_grid,no_axis,wasserstein_1_cm1,complete,complete,0.07651696308599899,0.8149305555555554,25.57677297777778,12.985116892291042,11.028059898491444,0.4923082398403785,0.5688252029263776,0.10964208375216054,0.11163194444444446,30,24,,,,,,,0.05957273973852999,0.10283074367884805,0.7743012152777778,0.8457508680555554,0.07041780705383792,0.14705045957263044,0.06753472222222223,0.15815972222222216,9.99990000099999e-05,5.999940000599994e-05,9.99990000099999e-05,5.999940000599994e-05,0.0033999660003399966,0.0022199778002219978,w1_axis_primary_66,w1_axis_primary_66,66,66,35,30,0
d2_5_a,d2_5,a,common_grid_no_axis,common_grid,no_axis,is_like_structure_to_noise,complete,complete,0.17139334425516586,0.18020833333333333,25.57677297777778,25.57537559944367,21.19168694352718,5.463466150801288e-05,0.17144797891667385,0.014765702582993673,-0.5230902777777776,30,24,,,,,,,0.13856709846537602,0.21404517247929059,0.1568576388888889,0.21242187499999995,-0.008974804041359506,0.034519546663407244,-0.5484375,-0.483146701388889,0.15589844101558983,9.99990000099999e-06,0.15589844101558983,9.99990000099999e-06,1.0,0.007259927400725993,other_metrics_secondary_726,other_metrics_secondary_726,726,726,559,142,0
d2_5_a,d2_5,a,common_grid_no_axis,common_grid,no_axis,precision,complete,complete,0.48649658049635186,0.3276041666666666,25.57677297777778,23.90483151669254,11.461818922872155,0.06536952345543734,0.5518661039517891,-0.3003375336581923,-0.37569444444444433,30,24,,,,,,,0.41144643933726144,0.5937502230125816,0.2897547743055556,0.36857638888888883,-0.3709319458681343,-0.256175022354433,-0.40190972222222227,-0.33384982638888894,9.99990000099999e-06,9.99990000099999e-06,9.99990000099999e-06,9.99990000099999e-06,0.007259927400725993,0.007259927400725993,other_metrics_secondary_726,other_metrics_secondary_726,726,726,146,147,0
d2_5_a,d2_5,a,common_grid_no_axis,common_grid,no_axis,recall,complete,complete,0.4690965369368,0.34288194444444453,25.57677297777778,22.984369639495526,10.986394009601245,0.10135771782212899,0.5704542547589289,-0.28293749009864044,-0.3604166666666664,30,24,,,,,,,0.38888270874655406,0.5749964129746291,0.30824218749999993,0.3786545138888889,-0.3509964834247316,-0.2378930015746454,-0.3838585069444445,-0.32534288194444444,9.99990000099999e-06,9.99990000099999e-06,9.99990000099999e-06,9.99990000099999e-06,0.007259927400725993,0.007259927400725993,other_metrics_secondary_726,other_metrics_secondary_726,726,726,148,149,0
d2_5_a,d2_5,a,common_grid_no_axis,common_grid,no_axis,f1,complete,complete,0.47527732002907447,0.33645833333333325,25.57677297777778,23.263388798207714,11.10732868233744,0.09044863406263304,0.5657259540917076,-0.28911827319091493,-0.36684027777777767,30,24,,,,,,,0.4011865140997608,0.5835857893530766,0.3008637152777777,0.37379340277777773,-0.35462853120279253,-0.2474870502555778,-0.39115017361111115,-0.3291623263888889,9.99990000099999e-06,9.99990000099999e-06,9.99990000099999e-06,9.99990000099999e-06,0.007259927400725993,0.007259927400725993,other_metrics_secondary_726,other_metrics_secondary_726,726,726,140,141,0
d2_5_a,d2_5,a,common_grid_no_axis,common_grid,no_axis,artifact_peak_ratio,complete,complete,0.48649658049635186,0.3276041666666666,25.57677297777778,23.90483151669254,11.461818922872155,0.06536952345543734,0.5518661039517891,-0.3003375336581923,-0.37569444444444433,30,24,,,,,,,0.41144643933726144,0.5937502230125816,0.2897547743055556,0.36857638888888883,-0.3709319458681343,-0.256175022354433,-0.40190972222222227,-0.33384982638888894,9.99990000099999e-06,9.99990000099999e-06,9.99990000099999e-06,9.99990000099999e-06,0.007259927400725993,0.007259927400725993,other_metrics_secondary_726,other_metrics_secondary_726,726,726,138,139,0
d2_5_a,d2_5,a,common_grid_no_axis,common_grid,no_axis,missing_peak_ratio,complete,complete,0.4690965369368,0.34288194444444453,25.57677297777778,22.984369639495526,10.986394009601245,0.10135771782212899,0.5704542547589289,-0.28293749009864044,-0.3604166666666664,30,24,,,,,,,0.38888270874655406,0.5749964129746291,0.30824218749999993,0.3786545138888889,-0.3509964834247316,-0.2378930015746454,-0.3838585069444445,-0.32534288194444444,9.99990000099999e-06,9.99990000099999e-06,9.99990000099999e-06,9.99990000099999e-06,0.007259927400725993,0.007259927400725993,other_metrics_secondary_726,other_metrics_secondary_726,726,726,144,145,0
d2_5_b,d2_5,b,native_all5,native,all5,mse,complete,complete,0.1403274719754123,0.8020312500000001,48.286418080000004,22.65071518735119,15.874804207436947,0.5309091854810204,0.6712366574564326,0.0,0.0,30,40,0.1178287246167197,0.16969051032282645,0.7527330729166665,0.8434928385416668,,,0.11790833268545904,0.1700277448186865,0.7520045572916666,0.8422669270833334,0.0,0.0,0.0,0.0,,,,,,,,,,,,,0
d2_5_b,d2_5,b,native_all5,native,all5,rmse,complete,complete,0.1407258377063015,0.8018489583333334,48.286418080000004,22.612040454095713,15.816893819951009,0.5317101298209256,0.6724359675272271,-0.0003983657308892219,-0.00018229166666672292,30,40,0.11818283055880073,0.1700480888236202,0.7524739583333334,0.8433880208333335,0.7423225767742323,0.6296237037629624,0.1181459846540168,0.1705990200551505,0.7516790364583333,0.8422916666666665,-0.002531290082415761,7.469171341570431e-05,-0.0007552083333333293,0.00044270833333334334,,,,,,,,,,,,,0
d2_5_b,d2_5,b,native_all5,native,all5,mae,complete,complete,0.14397228485996066,0.8015624999999998,48.286418080000004,22.721116425444116,15.7692104867632,0.5294511929255095,0.6734234777854701,-0.0036448128845483763,-0.0004687500000002398,30,40,0.12205165692681019,0.1742734561901125,0.7529069010416668,0.8426907552083333,0.13433865661343386,0.7130028699713002,0.12293034243770151,0.17523760076528785,0.7519518229166667,0.8405839843749998,-0.014589762615278057,-3.31171390667425e-05,-0.0027089843750000013,0.0019270833333333388,,,,,,,,,,,,,0
d2_5_b,d2_5,b,native_all5,native,all5,sam,complete,complete,0.13721435681106922,0.8005729166666667,48.286418080000004,23.284182306258728,16.658592506701144,0.5177902351820352,0.6550045919931043,0.0031131151643430666,-0.0014583333333333393,30,40,0.11764357502970157,0.17004482767253154,0.7509368489583336,0.8422141927083334,0.4953950460495395,0.2881371186288137,0.1166492431231669,0.16992588349536114,0.7508964843749999,0.8413391927083335,-0.009096436510258736,0.009698463405797268,-0.003958333333333332,0.001016276041666666,,,,,,,,,,,,,0
d2_5_b,d2_5,b,native_all5,native,all5,pearson_r,complete,complete,0.1391248700773135,0.8002083333333333,48.286418080000004,23.108217123644415,16.390375481765574,0.5214344314096944,0.6605593014870079,0.0012026018980987874,-0.001822916666666785,30,40,0.11738175874758203,0.16701375232818974,0.7506243489583333,0.8414596354166667,0.6774232257677423,0.3053469465305347,0.11650503116634907,0.16840242431140512,0.7508255208333331,0.8405501302083332,-0.0027256805427087775,0.006647847531494484,-0.004921875000000012,0.001510416666666655,,,,,,,,,,,,,0
d2_5_b,d2_5,b,native_all5,native,all5,nmse,complete,complete,0.13403702212395432,0.800546875,48.286418080000004,23.361926108661805,16.889758420186336,0.5161801799015985,0.6502172020255528,0.006290449851457963,-0.0014843750000000933,30,40,0.11081343525174671,0.16024513186950443,0.750779296875,0.8424049479166666,0.09701902980970191,0.0031899681003189967,0.10986450657085092,0.16121397744984287,0.7500130208333333,0.8414088541666667,0.0009600591071864735,0.016049762793131313,-0.0025260416666666565,-0.0005722656250000009,,,,,,,,,,,,,0
d2_5_b,d2_5,b,native_all5,native,all5,wasserstein_1_cm1,complete,complete,0.20989283465050015,0.7366406249999998,48.286418080000004,26.93118722625811,16.79621406032775,0.44226164836581916,0.6521544830163193,-0.06956536267508787,-0.06539062500000026,30,40,0.17917002349284328,0.2554323154946662,0.7012408854166666,0.7654186197916666,0.0002899971000289997,9.99990000099999e-06,0.1784006588442319,0.2574122993818753,0.7006451822916666,0.7656263020833335,-0.09817681331101122,-0.05005117318174315,-0.08130208333333333,-0.047108723958333334,,,,,,,,,,,,,0
d2_5_b,d2_5,b,native_all5,native,all5,is_like_structure_to_noise,complete,complete,0.4253839446839741,0.37328125,48.286418080000004,43.988686541579014,23.448419544049045,0.08900497716149891,0.514388921845473,-0.2850564727085618,-0.4287500000000001,30,40,0.35031463072761837,0.5015995613826008,0.35905859375,0.38742447916666656,7.999920000799993e-05,9.99990000099999e-06,0.3475611566598536,0.49959046279175157,0.3585625,0.38672265625,-0.3494357681110549,-0.216913179202023,-0.46898632812499996,-0.37731119791666673,,,,,,,,,,,,,0
d2_5_b,d2_5,b,native_all5,native,all5,precision,complete,complete,0.3840817258570806,0.6676041666666668,48.286418080000004,34.56101807129237,16.015087279669423,0.28424970321815257,0.6683314290752331,-0.24375425388166833,-0.1344270833333333,30,40,0.34301558712736213,0.4402457358526505,0.6288736979166667,0.7007096354166668,9.99990000099999e-06,9.99990000099999e-06,0.341989913850445,0.4431044331390191,0.6286438802083334,0.7001347656249999,-0.28846906470910877,-0.21091863936757144,-0.14979296875,-0.11744596354166667,,,,,,,,,,,,,0
d2_5_b,d2_5,b,native_all5,native,all5,recall,complete,complete,0.3885156130364344,0.67234375,48.286418080000004,34.27752406668078,15.517496744996013,0.29012079525363754,0.6786364082900719,-0.2481881410610221,-0.12968750000000007,30,40,0.35408418498179645,0.44186113493303564,0.6335358072916667,0.7063320312499999,9.99990000099999e-06,9.99990000099999e-06,0.35300109803657437,0.44284873155287896,0.6334055989583334,0.7043769531249999,-0.29047753707660784,-0.2219057671326235,-0.1440638020833333,-0.11439713541666666,,,,,,,,,,,,,0
d2_5_b,d2_5,b,native_all5,native,all5,f1,complete,complete,0.3826736126325487,0.6719270833333332,48.286418080000004,34.157430551444435,15.679492503685216,0.2926079028091696,0.6752815154417182,-0.2423461406571364,-0.1301041666666669,30,40,0.34503115808754514,0.4353767295545234,0.6329069010416666,0.7059121093749998,9.99990000099999e-06,9.99990000099999e-06,0.34345028240809744,0.4372035162765183,0.6326035156250002,0.7044290364583334,-0.2838332503399404,-0.2123525794518677,-0.144583984375,-0.11413932291666666,,,,,,,,,,,,,0
d2_5_b,d2_5,b,native_all5,native,all5,artifact_peak_ratio,complete,complete,0.3840817258570806,0.6676041666666668,48.286418080000004,34.56101807129237,16.015087279669423,0.28424970321815257,0.6683314290752331,-0.24375425388166833,-0.1344270833333333,30,40,0.34301558712736213,0.4402457358526505,0.6288736979166667,0.7007096354166668,9.99990000099999e-06,9.99990000099999e-06,0.341989913850445,0.4431044331390191,0.6286438802083334,0.7001347656249999,-0.28846906470910877,-0.21091863936757144,-0.14979296875,-0.11744596354166667,,,,,,,,,,,,,0
d2_5_b,d2_5,b,native_all5,native,all5,missing_peak_ratio,complete,complete,0.3885156130364344,0.67234375,48.286418080000004,34.27752406668078,15.517496744996013,0.29012079525363754,0.6786364082900719,-0.2481881410610221,-0.12968750000000007,30,40,0.35408418498179645,0.44186113493303564,0.6335358072916667,0.7063320312499999,9.99990000099999e-06,9.99990000099999e-06,0.35300109803657437,0.44284873155287896,0.6334055989583334,0.7043769531249999,-0.29047753707660784,-0.2219057671326235,-0.1440638020833333,-0.11439713541666666,,,,,,,,,,,,,0
d2_5_b,d2_5,b,native_no_axis,native,no_axis,mse,complete,complete,0.2251320390346908,0.6942708333333332,29.81736555,21.75759026235119,15.044745957436945,0.270304741514926,0.4954367805496168,0.0,0.0,30,24,,,,,,,0.178627321489611,0.28876619433184436,0.6749978298611111,0.7120724826388888,0.0,0.0,0.0,0.0,,,,,,,,,,,,,0
d2_5_b,d2_5,b,native_no_axis,native,no_axis,rmse,complete,complete,0.22577715485480593,0.6936631944444444,29.81736555,21.718915529095714,14.986835569951008,0.2716017955149055,0.49737895036971136,-0.0006451158201151164,-0.0006076388888888173,30,24,,,,,,,0.17928891637914066,0.28876778046253876,0.6736111111111113,0.7119791666666667,-0.004069204560089114,0.00012238743692731497,-0.00251736111111112,0.0014756944444444197,0.7423425765742343,0.6311636883631163,0.7423425765742343,0.6311636883631163,1.0,1.0,other_metrics_secondary_726,other_metrics_secondary_726,726,726,687,661,0
d2_5_b,d2_5,b,native_no_axis,native,no_axis,mae,complete,complete,0.23103447057149265,0.6927083333333333,29.81736555,21.827991500444114,14.9391522367632,0.2679436597495075,0.49897813032100025,-0.005902431536801839,-0.0015624999999999112,30,24,,,,,,,0.1876586640379826,0.2945019990665626,0.6730902777777779,0.7106792534722223,-0.023831927806482727,-5.712635579243665e-05,-0.009029947916666657,0.006423611111111113,0.13590864091359087,0.7124928750712493,0.13590864091359087,0.7124928750712493,1.0,1.0,other_metrics_secondary_726,other_metrics_secondary_726,726,726,550,683,0
d2_5_b,d2_5,b,native_no_axis,native,no_axis,sam,complete,complete,0.22009064192988648,0.6894097222222223,29.81736555,22.391057381258726,15.828534256701143,0.24905983582916758,0.46915047775905394,0.005041397104804335,-0.004861111111110872,30,24,,,,,,,0.17727703394724825,0.29080623970635266,0.6684852430555556,0.7086805555555556,-0.01547918166433423,0.01486836720901002,-0.013194444444444457,0.0033875868055555395,0.4927350726492735,0.28861711382886174,0.4927350726492735,0.28861711382886174,1.0,1.0,other_metrics_secondary_726,other_metrics_secondary_726,726,726,634,600,0
d2_5_b,d2_5,b,native_no_axis,native,no_axis,pearson_r,complete,complete,0.22318453840999508,0.6881944444444443,29.81736555,22.215092198644413,15.560317231765573,0.25496126874815694,0.47814580715815214,0.0019475006246957305,-0.0060763888888888395,30,24,,,,,,,0.17681874937859868,0.2862022860598553,0.6687500000000001,0.7063389756944445,-0.004405667004370384,0.010585700711520119,-0.016406250000000015,0.005034722222222224,0.6775332246677533,0.30698693013069867,0.6775332246677533,0.30698693013069867,1.0,1.0,other_metrics_secondary_726,other_metrics_secondary_726,726,726,672,605,0
d2_5_b,d2_5,b,native_no_axis,native,no_axis,nmse,complete,complete,0.21494524735017936,0.6893229166666666,29.81736555,22.468801183661803,16.059700170186336,0.24645250278786612,0.4613977501380455,0.010186791684511448,-0.0049479166666666075,30,24,,,,,,,0.16620674587875958,0.2785078349274125,0.6691840277777779,0.707814670138889,0.0016015843693560732,0.025272993377738088,-0.008420138888888892,-0.0019075520833333368,0.0979590204097959,0.002949970500294997,0.0979590204097959,0.002949970500294997,1.0,0.8554914450855491,other_metrics_secondary_726,other_metrics_secondary_726,726,726,536,437,0
d2_5_b,d2_5,b,native_no_axis,native,no_axis,wasserstein_1_cm1,complete,complete,0.3176545032454394,0.5732638888888889,29.81736555,25.446985316319694,15.975364874446765,0.1465716421644201,0.4642261454098595,-0.09252246421074861,-0.12100694444444426,30,24,,,,,,,0.25020868429848525,0.4226835213783884,0.5433094618055556,0.6038216145833333,-0.14620759506970435,-0.060800423830751,-0.1573849826388889,-0.0816818576388889,0.0005799942000579994,9.99990000099999e-06,0.0005799942000579994,9.99990000099999e-06,0.013749862501374985,0.0006599934000659994,w1_axis_primary_66,w1_axis_primary_66,66,66,44,10,0
d2_5_b,d2_5,b,native_no_axis,native,no_axis,is_like_structure_to_noise,complete,complete,0.21690397155017538,0.396875,29.81736555,29.085866303007425,22.618361294049045,0.024532658519611505,0.24143663006978688,0.008228067484515433,-0.2973958333333332,30,24,,,,,,,0.1632048401159016,0.28495321793243156,0.36371527777777785,0.42926215277777774,-0.01310268932418134,0.036731903952239596,-0.33047092013888885,-0.26301866319444445,0.5112948870511295,9.99990000099999e-06,0.5112948870511295,9.99990000099999e-06,1.0,0.007259927400725993,other_metrics_secondary_726,other_metrics_secondary_726,726,726,641,179,0
d2_5_b,d2_5,b,native_no_axis,native,no_axis,precision,complete,complete,0.3191884759290536,0.5661458333333333,29.81736555,24.7064618805308,15.189102414406833,0.1714069494469206,0.4905954253759742,-0.09405643689436277,-0.12812499999999982,30,24,,,,,,,0.2615547269899512,0.40681917709262644,0.52638671875,0.6037391493055555,-0.152287207670262,-0.05839792668200604,-0.16623697916666666,-0.08905815972222228,0.00021999780002199978,9.99990000099999e-06,0.00021999780002199978,9.99990000099999e-06,0.07369926300736993,0.007259927400725993,other_metrics_secondary_726,other_metrics_secondary_726,726,726,394,181,0
d2_5_b,d2_5,b,native_no_axis,native,no_axis,recall,complete,complete,0.32168862066607573,0.5753472222222221,29.81736555,24.283419075409086,14.69151187973342,0.18559474898314465,0.5072833696492204,-0.09655658163138492,-0.11892361111111105,30,24,,,,,,,0.267088484464561,0.4087477384857933,0.5354144965277777,0.6112868923611112,-0.15299172676594525,-0.06064414549588195,-0.15390842013888892,-0.08263454861111116,0.0003999960000399996,9.99990000099999e-06,0.0003999960000399996,9.99990000099999e-06,0.12839871601283986,0.007259927400725993,other_metrics_secondary_726,other_metrics_secondary_726,726,726,407,182,0
d2_5_b,d2_5,b,native_no_axis,native,no_axis,f1,complete,complete,0.3222434307329527,0.5732638888888889,29.81736555,24.46195780867318,14.853507638422624,0.1796070056003597,0.5018504363333124,-0.09711139169826188,-0.12100694444444426,30,24,,,,,,,0.26627925521560897,0.40760744886679684,0.5331553819444446,0.6102452256944444,-0.15162182775017027,-0.06096240634396896,-0.15868489583333334,-0.08359375000000001,0.00011999880001199988,9.99990000099999e-06,0.00011999880001199988,9.99990000099999e-06,0.04235957640423596,0.007259927400725993,other_metrics_secondary_726,other_metrics_secondary_726,726,726,375,178,0
d2_5_b,d2_5,b,native_no_axis,native,no_axis,artifact_peak_ratio,complete,complete,0.3191884759290536,0.5661458333333333,29.81736555,24.7064618805308,15.189102414406833,0.1714069494469206,0.4905954253759742,-0.09405643689436277,-0.12812499999999982,30,24,,,,,,,0.2615547269899512,0.40681917709262644,0.52638671875,0.6037391493055555,-0.152287207670262,-0.05839792668200604,-0.16623697916666666,-0.08905815972222228,0.00021999780002199978,9.99990000099999e-06,0.00021999780002199978,9.99990000099999e-06,0.07369926300736993,0.007259927400725993,other_metrics_secondary_726,other_metrics_secondary_726,726,726,393,177,0
d2_5_b,d2_5,b,native_no_axis,native,no_axis,missing_peak_ratio,complete,complete,0.32168862066607573,0.5753472222222221,29.81736555,24.283419075409086,14.69151187973342,0.18559474898314465,0.5072833696492204,-0.09655658163138492,-0.11892361111111105,30,24,,,,,,,0.267088484464561,0.4087477384857933,0.5354144965277777,0.6112868923611112,-0.15299172676594525,-0.06064414549588195,-0.15390842013888892,-0.08263454861111116,0.0003999960000399996,9.99990000099999e-06,0.0003999960000399996,9.99990000099999e-06,0.12839871601283986,0.007259927400725993,other_metrics_secondary_726,other_metrics_secondary_726,726,726,406,180,0
d2_5_b,d2_5,b,common_grid_all5,common_grid,all5,mse,complete,complete,0.2724239645424531,0.6905989583333334,48.286418080000004,29.025814803896903,15.871437356988917,0.39888241956967085,0.6713063841121238,0.0,0.0,30,40,,,,,,,0.22602129191020945,0.32020256080371107,0.6641386718750001,0.7123704427083333,0.0,0.0,0.0,0.0,,,,,,,,,,,,,0
d2_5_b,d2_5,b,common_grid_all5,common_grid,all5,rmse,complete,complete,0.27283411827342086,0.6915364583333333,48.286418080000004,28.984598516506086,15.810416215067518,0.3997359988789194,0.6725701171523404,-0.000410153730967755,0.0009374999999999245,30,40,,,,,,,0.22588466270618832,0.31986475877669746,0.6652063802083334,0.7135703124999999,-0.0019638823629762325,0.0022225343773374204,0.0002083333333333363,0.0018750000000000082,0.7062829371706283,0.031139688603113967,0.7062829371706283,0.031139688603113967,1.0,1.0,other_metrics_secondary_726,other_metrics_secondary_726,726,726,678,499,0
d2_5_b,d2_5,b,common_grid_all5,common_grid,all5,mae,complete,complete,0.2686402629979581,0.6915364583333334,48.286418080000004,28.73637701311713,15.76470096087657,0.40487660597422537,0.6735168689721835,0.0037837015444949773,0.0009375000000000355,30,40,,,,,,,0.22646035213214438,0.31497272186101133,0.6646328125,0.7137246093749999,-0.009284292039522812,0.008239585000040815,-0.0023958333333333284,0.004270833333333327,0.3526564734352656,0.6171338286617134,0.3526564734352656,0.6171338286617134,1.0,1.0,other_metrics_secondary_726,other_metrics_secondary_726,726,726,612,658,0
d2_5_b,d2_5,b,common_grid_all5,common_grid,all5,sam,complete,complete,0.23687526696661515,0.687421875,48.286418080000004,28.10509994228783,16.667241768726235,0.41795020090900425,0.6548254678756193,0.03554869757583795,-0.0031770833333334414,30,40,,,,,,,0.20017125986689688,0.28769422878516293,0.6613235677083333,0.70893359375,0.015593030053721245,0.042064322327147324,-0.005052083333333323,-0.0013528645833333233,0.0001799982000179998,0.0035099649003509964,0.0001799982000179998,0.0035099649003509964,0.061919380806191936,1.0,other_metrics_secondary_726,other_metrics_secondary_726,726,726,385,442,0
d2_5_b,d2_5,b,common_grid_all5,common_grid,all5,pearson_r,complete,complete,0.39590031393759695,0.6485156249999999,48.286418080000004,35.51680722552008,16.400199148726024,0.2644555417907263,0.6603558557283232,-0.12347634939514385,-0.04208333333333347,30,40,,,,,,,0.3240506060876774,0.4667469221279521,0.6257031249999999,0.6687259114583333,-0.1514563443490482,-0.09427371141888692,-0.05229296875000001,-0.03130078125000003,6.999930000699993e-05,9.99990000099999e-06,6.999930000699993e-05,9.99990000099999e-06,0.025759742402575975,0.007259927400725993,other_metrics_secondary_726,other_metrics_secondary_726,726,726,360,167,0
d2_5_b,d2_5,b,common_grid_all5,common_grid,all5,nmse,complete,complete,0.22348143888851071,0.689921875,48.286418080000004,27.30767295338888,16.51655476209828,0.43446472032474936,0.65794615921326,0.04894252565394239,-0.0006770833333333837,30,40,,,,,,,0.19106781256370278,0.26953103759582664,0.6635657552083334,0.7114082031250001,0.0254128386083817,0.06192407272690222,-0.0021874999999999902,0.0006250000000000015,0.0015299847001529984,0.4995950040499595,0.0015299847001529984,0.4995950040499595,0.4574654253457465,1.0,other_metrics_secondary_726,other_metrics_secondary_726,726,726,428,637,0
d2_5_b,d2_5,b,common_grid_all5,common_grid,all5,wasserstein_1_cm1,complete,complete,0.19697096882487475,0.749453125,48.286418080000004,26.382902952801164,16.871880402500615,0.4536164826082051,0.6505874514330798,0.07545299571757835,0.05885416666666665,30,40,,,,,,,0.1678546157498455,0.2434875488570034,0.7100989583333334,0.7812786458333334,0.03121189764569183,0.10723315457930734,0.03759765625000001,0.07677343749999997,0.002979970200297997,1.999980000199998e-05,0.002979970200297997,1.999980000199998e-05,0.05363946360536395,0.0009199908000919991,w1_axis_primary_66,w1_axis_primary_66,66,66,49,26,0
d2_5_b,d2_5,b,common_grid_all5,common_grid,all5,is_like_structure_to_noise,complete,complete,0.42600478088069427,0.5232552083333334,48.286418080000004,43.98878086571695,23.41853591203295,0.08900302373149349,0.5150078046121878,-0.15358081633824117,-0.16734375,30,40,,,,,,,0.34805179923905816,0.5006499256832211,0.484890625,0.5577610677083333,-0.1868247247143169,-0.12203869672951088,-0.19203255208333334,-0.14166536458333334,9.99990000099999e-05,9.99990000099999e-06,9.99990000099999e-05,9.99990000099999e-06,0.03599964000359996,0.007259927400725993,other_metrics_secondary_726,other_metrics_secondary_726,726,726,370,164,0
d2_5_b,d2_5,b,common_grid_all5,common_grid,all5,precision,complete,complete,0.642785335507698,0.4042447916666667,48.286418080000004,46.914072242597065,15.876270796579288,0.028420949243517346,0.6712062847512154,-0.3703613709652449,-0.2863541666666667,30,40,,,,,,,0.5644745986970651,0.7423112301139255,0.38945182291666663,0.42049544270833333,-0.435796046398524,-0.32489434994281674,-0.3128138020833333,-0.2529661458333334,1.999980000199998e-05,9.99990000099999e-06,1.999980000199998e-05,9.99990000099999e-06,0.008019919800801993,0.007259927400725993,other_metrics_secondary_726,other_metrics_secondary_726,726,726,335,168,0
d2_5_b,d2_5,b,common_grid_all5,common_grid,all5,recall,complete,complete,0.6280688837988758,0.41664062500000004,48.286418080000004,45.404137172417336,15.076940466265874,0.05969133810686389,0.6877602219057398,-0.3556449192564227,-0.27395833333333336,30,40,,,,,,,0.5483206636962855,0.717744872867239,0.40176757812499997,0.4318248697916667,-0.40932133590492104,-0.31514825417962616,-0.29875,-0.24333072916666665,9.99990000099999e-06,9.99990000099999e-06,9.99990000099999e-06,9.99990000099999e-06,0.007259927400725993,0.007259927400725993,other_metrics_secondary_726,other_metrics_secondary_726,726,726,169,170,0
d2_5_b,d2_5,b,common_grid_all5,common_grid,all5,f1,complete,complete,0.6424310406497382,0.41018229166666664,48.286418080000004,46.62094933023601,15.600255513853273,0.034491453621692925,0.6769224942714311,-0.3700070761072851,-0.28041666666666676,30,40,,,,,,,0.563829059010053,0.736414501472322,0.3954680989583333,0.4255227864583333,-0.4268870530617562,-0.329306762381336,-0.30593880208333335,-0.24926953124999995,9.99990000099999e-06,9.99990000099999e-06,9.99990000099999e-06,9.99990000099999e-06,0.007259927400725993,0.007259927400725993,other_metrics_secondary_726,other_metrics_secondary_726,726,726,162,163,0
d2_5_b,d2_5,b,common_grid_all5,common_grid,all5,artifact_peak_ratio,complete,complete,0.642785335507698,0.4042447916666667,48.286418080000004,46.914072242597065,15.876270796579288,0.028420949243517346,0.6712062847512154,-0.3703613709652449,-0.2863541666666667,30,40,,,,,,,0.5644745986970651,0.7423112301139255,0.38945182291666663,0.42049544270833333,-0.435796046398524,-0.32489434994281674,-0.3128138020833333,-0.2529661458333334,1.999980000199998e-05,9.99990000099999e-06,1.999980000199998e-05,9.99990000099999e-06,0.008019919800801993,0.007259927400725993,other_metrics_secondary_726,other_metrics_secondary_726,726,726,334,161,0
d2_5_b,d2_5,b,common_grid_all5,common_grid,all5,missing_peak_ratio,complete,complete,0.6280688837988758,0.41664062500000004,48.286418080000004,45.404137172417336,15.076940466265874,0.05969133810686389,0.6877602219057398,-0.3556449192564227,-0.27395833333333336,30,40,,,,,,,0.5483206636962855,0.717744872867239,0.40176757812499997,0.4318248697916667,-0.40932133590492104,-0.31514825417962616,-0.29875,-0.24333072916666665,9.99990000099999e-06,9.99990000099999e-06,9.99990000099999e-06,9.99990000099999e-06,0.007259927400725993,0.007259927400725993,other_metrics_secondary_726,other_metrics_secondary_726,726,726,165,166,0
d2_5_b,d2_5,b,common_grid_no_axis,common_grid,no_axis,mse,complete,complete,0.22351747001425024,0.7012152777777777,29.81736555,21.710590743101605,15.045888632875542,0.2718809880539026,0.49539845806815286,0.0,0.0,30,24,,,,,,,0.17624548887416783,0.2851816380831444,0.68046875,0.72005859375,0.0,0.0,0.0,0.0,,,,,,,,,,,,,0
d2_5_b,d2_5,b,common_grid_no_axis,common_grid,no_axis,rmse,complete,complete,0.22413064659225398,0.7036458333333333,29.81736555,21.667852911353243,14.984867490954144,0.2733143082336045,0.4974449548258584,-0.000613176578003749,0.0024305555555556024,30,24,,,,,,,0.17751048673727587,0.28521219843535944,0.6837651909722222,0.722482638888889,-0.0030892319993723475,0.0015322078326634088,0.0,0.005555555555555558,0.7067529324706753,0.25049749502504975,0.7067529324706753,0.25049749502504975,1.0,1.0,other_metrics_secondary_726,other_metrics_secondary_726,726,726,679,593,0
d2_5_b,d2_5,b,common_grid_no_axis,common_grid,no_axis,mae,complete,complete,0.22907199362185454,0.6904513888888889,29.81736555,21.769475607853305,14.9391522367632,0.26990613669914565,0.49897813032100025,-0.005554523607604306,-0.010763888888888795,30,24,,,,,,,0.18688941924177738,0.2933302467774718,0.6706575520833332,0.7083355034722224,-0.02878196182411995,-0.0010497298330594965,-0.021354166666666664,-0.0005164930555555576,0.21301786982130178,0.057899421005789944,0.21301786982130178,0.057899421005789944,1.0,1.0,other_metrics_secondary_726,other_metrics_secondary_726,726,726,581,511,0
d2_5_b,d2_5,b,common_grid_no_axis,common_grid,no_axis,sam,complete,complete,0.1871532815844901,0.7036458333333332,29.81736555,21.42589850014957,15.845480689262747,0.2814288551340657,0.46858213671855575,0.036364188429760136,0.0024305555555554914,30,24,,,,,,,0.15301669142077806,0.25308981493978383,0.6828949652777778,0.7230924479166667,0.011710133113017118,0.04400305415929721,-0.0003472222222222285,0.005208333333333326,0.00026999730002699973,0.13083869161308387,0.00026999730002699973,0.13083869161308387,0.08909910900890991,1.0,other_metrics_secondary_726,other_metrics_secondary_726,726,726,398,549,0
d2_5_b,d2_5,b,common_grid_no_axis,common_grid,no_axis,pearson_r,complete,complete,0.2223876013322044,0.6855902777777778,29.81736555,22.206596327807333,15.575583925097327,0.2552461990456655,0.47763380037786984,0.0011298686820458426,-0.015624999999999889,30,24,,,,,,,0.17581501864365032,0.2854701663137906,0.6645811631944444,0.7059917534722224,-0.008409086638263164,0.008863725715933265,-0.026215277777777775,-0.005555555555555547,0.8359216407835922,0.00914990850091499,0.8359216407835922,0.00914990850091499,1.0,1.0,other_metrics_secondary_726,other_metrics_secondary_726,726,726,701,466,0
d2_5_b,d2_5,b,common_grid_no_axis,common_grid,no_axis,nmse,complete,complete,0.18494001381916272,0.7022569444444444,29.81736555,21.20905468889082,15.694630692022793,0.2887012552022451,0.4736412690214078,0.03857745619508751,0.0010416666666667185,30,24,,,,,,,0.14977398240601458,0.24543862882713027,0.6823763020833333,0.7209201388888891,0.011415921053854555,0.05505102192106597,0.0,0.003125,0.007139928600713993,1.0,0.007139928600713993,1.0,1.0,1.0,other_metrics_secondary_726,other_metrics_secondary_726,726,726,458,724,0
d2_5_b,d2_5,b,common_grid_no_axis,common_grid,no_axis,wasserstein_1_cm1,complete,complete,0.3145905255143976,0.5734375,29.81736555,25.44071295944355,16.060452261614156,0.1467820013547927,0.4613725268691903,-0.09107305550014735,-0.12777777777777766,30,24,,,,,,,0.2487300351443569,0.42148854473929037,0.5434895833333334,0.6036480034722224,-0.14822194849348722,-0.06166141092660347,-0.1680598958333333,-0.08610677083333335,0.0008899911000889991,9.99990000099999e-06,0.0008899911000889991,9.99990000099999e-06,0.017799822001779982,0.0006599934000659994,w1_axis_primary_66,w1_axis_primary_66,66,66,47,9,0
d2_5_b,d2_5,b,common_grid_no_axis,common_grid,no_axis,is_like_structure_to_noise,complete,complete,0.2169037290984506,0.39184027777777786,29.81736555,29.085960627145358,22.618462847458684,0.024529495123510103,0.24143322422196078,0.006613740915799637,-0.30937499999999984,30,24,,,,,,,0.16321917789503881,0.28496943128374863,0.3591102430555555,0.42422309027777766,-0.016396477245887147,0.03368556569509402,-0.33888888888888885,-0.2781206597222223,0.5948740512594874,9.99990000099999e-06,0.5948740512594874,9.99990000099999e-06,1.0,0.007259927400725993,other_metrics_secondary_726,other_metrics_secondary_726,726,726,654,173,0
d2_5_b,d2_5,b,common_grid_no_axis,common_grid,no_axis,precision,complete,complete,0.31864033463380326,0.5677083333333334,29.81736555,24.550490581925573,15.049475245175135,0.17663783741197847,0.49527817204578173,-0.09512286461955302,-0.13350694444444433,30,24,,,,,,,0.2640356146033098,0.40533513237113356,0.528122829861111,0.6054752604166667,-0.15484893886039247,-0.062006462054417726,-0.16788194444444443,-0.09739583333333333,0.0001799982000179998,9.99990000099999e-06,0.0001799982000179998,9.99990000099999e-06,0.061919380806191936,0.007259927400725993,other_metrics_secondary_726,other_metrics_secondary_726,726,726,387,175,0
d2_5_b,d2_5,b,common_grid_no_axis,common_grid,no_axis,recall,complete,complete,0.33205203964212754,0.5756944444444445,29.81736555,24.150122614508785,14.249205566876377,0.19006517950044777,0.5221172191425753,-0.1085345696278773,-0.1255208333333332,30,24,,,,,,,0.27538967526496627,0.41312099005695485,0.5365407986111111,0.6114626736111111,-0.16177864379683743,-0.07303114006543945,-0.15729166666666666,-0.09287760416666667,0.00015999840001599985,9.99990000099999e-06,0.00015999840001599985,9.99990000099999e-06,0.05599944000559995,0.007259927400725993,other_metrics_secondary_726,other_metrics_secondary_726,726,726,378,176,0
d2_5_b,d2_5,b,common_grid_no_axis,common_grid,no_axis,f1,complete,complete,0.3194426584082833,0.5730902777777778,29.81736555,24.298355987432394,14.77341746940883,0.18509380224463212,0.5045364606529155,-0.09592518839403305,-0.12812499999999993,30,24,,,,,,,0.2661851039925347,0.40721997853229075,0.5328124999999999,0.61015625,-0.15224156069215616,-0.0646050675930124,-0.1626822916666667,-0.09305555555555559,0.0002099979000209998,9.99990000099999e-06,0.0002099979000209998,9.99990000099999e-06,0.07076929230707693,0.007259927400725993,other_metrics_secondary_726,other_metrics_secondary_726,726,726,390,172,0
d2_5_b,d2_5,b,common_grid_no_axis,common_grid,no_axis,artifact_peak_ratio,complete,complete,0.31864033463380326,0.5677083333333334,29.81736555,24.550490581925573,15.049475245175135,0.17663783741197847,0.49527817204578173,-0.09512286461955302,-0.13350694444444433,30,24,,,,,,,0.2640356146033098,0.40533513237113356,0.528122829861111,0.6054752604166667,-0.15484893886039247,-0.062006462054417726,-0.16788194444444443,-0.09739583333333333,0.0001799982000179998,9.99990000099999e-06,0.0001799982000179998,9.99990000099999e-06,0.061919380806191936,0.007259927400725993,other_metrics_secondary_726,other_metrics_secondary_726,726,726,386,171,0
d2_5_b,d2_5,b,common_grid_no_axis,common_grid,no_axis,missing_peak_ratio,complete,complete,0.33205203964212754,0.5756944444444445,29.81736555,24.150122614508785,14.249205566876377,0.19006517950044777,0.5221172191425753,-0.1085345696278773,-0.1255208333333332,30,24,,,,,,,0.27538967526496627,0.41312099005695485,0.5365407986111111,0.6114626736111111,-0.16177864379683743,-0.07303114006543945,-0.15729166666666666,-0.09287760416666667,0.00015999840001599985,9.99990000099999e-06,0.00015999840001599985,9.99990000099999e-06,0.05599944000559995,0.007259927400725993,other_metrics_secondary_726,other_metrics_secondary_726,726,726,377,174,0
d2_10_a,d2_10,a,native_all5,native,all5,mse,complete,complete,0.1600017184366217,0.7833593749999999,57.333285386666674,24.59343275312204,15.420008567638122,0.5710444188352506,0.7310461372718722,0.0,0.0,30,40,0.13103573474607297,0.19160347064206412,0.7413014322916665,0.8186516927083333,,,0.13084717640788013,0.1928683772526466,0.7391601562499999,0.8174759114583333,0.0,0.0,0.0,0.0,,,,,,,,,,,,,0
d2_10_a,d2_10,a,native_all5,native,all5,rmse,complete,complete,0.16012393577250375,0.7844791666666667,57.333285386666674,24.59340529597918,15.412973989097939,0.5710448977393056,0.7311688335118094,-0.0001222173358820522,0.0011197916666668695,30,40,0.13074389389364138,0.19156934398134184,0.7418170572916667,0.8204446614583334,0.6576034239657603,0.15010849891501085,0.13063265064928806,0.1928712366385288,0.7410891927083331,0.8186503906249999,-0.0006880909464548494,0.0013556686825068308,-5.2083333333334075e-05,0.003125,,,,,,,,,,,,,0
d2_10_a,d2_10,a,native_all5,native,all5,mae,complete,complete,0.1529706860091944,0.7953385416666668,57.333285386666674,24.07351014366455,15.303198146905228,0.5801128440258014,0.7330835300349958,0.007031032427427308,0.011979166666666985,30,40,0.12661434654721546,0.18210893217490495,0.75262109375,0.8298190104166668,0.04080959190408096,2.999970000299997e-05,0.12581488049899858,0.18356145547473965,0.7506490885416667,0.8294557291666668,0.00024232517212485625,0.013949248320565958,0.007630208333333351,0.016380859375000018,,,,,,,,,,,,,0
d2_10_a,d2_10,a,native_all5,native,all5,sam,complete,complete,0.16664892238320667,0.781953125,57.333285386666674,26.237782785447543,16.68325255907069,0.5423638710306778,0.7090127934138846,-0.0066472039465849675,-0.0014062499999998312,30,40,0.1426971417526382,0.2002033238326705,0.7396263020833334,0.8175013020833334,0.22532774672253278,0.4048759512404876,0.1418718667310227,0.20167100505359928,0.7381953125,0.8162246093750001,-0.019247843359402158,6.500357434387755e-05,-0.004401041666666661,0.0014062500000000088,,,,,,,,,,,,,0
d2_10_a,d2_10,a,native_all5,native,all5,pearson_r,complete,complete,0.15862276032614706,0.7837760416666667,57.333285386666674,25.40467951743232,16.310315530832504,0.5568947541363052,0.7155175144624522,0.001378958110474643,0.0004166666666668428,30,40,0.13263762931978468,0.18801009650458791,0.7430651041666665,0.8181582031250001,0.6110938890611094,0.8674413255867441,0.13178232851559285,0.18975763412848967,0.7407018229166668,0.8175266927083334,-0.00427568510271131,0.007282726745945335,-0.0038287760416666457,0.004583984375000021,,,,,,,,,,,,,0
d2_10_a,d2_10,a,native_all5,native,all5,nmse,complete,complete,0.13657593264380835,0.7815364583333333,57.333285386666674,25.826712646846527,17.996365723628898,0.5495337050255149,0.6861096376693232,0.023425785792813347,-0.001822916666666563,30,40,0.10848180339070942,0.17018896929459223,0.7391041666666666,0.8167727864583332,6.999930000699993e-05,0.12375876241237588,0.10750769177000362,0.17070714184434777,0.7374427083333335,0.8159648437500002,0.015226513185136828,0.031167469464761236,-0.004193359374999999,6.510416666773248e-07,,,,,,,,,,,,,0
d2_10_a,d2_10,a,native_all5,native,all5,wasserstein_1_cm1,complete,complete,0.04633408968857839,0.8327083333333333,57.333285386666674,19.862295261906688,17.205809674660014,0.6535643278079817,0.6998984174965601,0.11366762874804331,0.049348958333333415,30,40,0.03578120826136799,0.06335604769917347,0.7909479166666668,0.8623203125000001,1.999980000199998e-05,0.00023999760002399976,0.03672270519290238,0.06411078454402482,0.78998828125,0.8634134114583336,0.08318861043127083,0.1411335990097045,0.027080729166666696,0.07072916666666668,,,,,,,,,,,,,0
d2_10_a,d2_10,a,native_all5,native,all5,is_like_structure_to_noise,complete,complete,0.4216292564290009,0.29013020833333336,57.333285386666674,57.332855986655545,33.159465500443574,7.489541341221262e-06,0.42163674597034206,-0.2616275379923792,-0.4932291666666665,30,40,0.34556837254598965,0.5013311474391668,0.2663541666666667,0.32208723958333335,5.999940000599994e-05,9.99990000099999e-06,0.3457749704014478,0.5066718406446108,0.2672096354166667,0.3230748697916667,-0.33826184935665704,-0.19299827319938948,-0.5382311197916667,-0.4246054687500001,,,,,,,,,,,,,0
d2_10_a,d2_10,a,native_all5,native,all5,precision,complete,complete,0.4518576065882411,0.6071614583333335,57.333285386666674,44.34646340592465,18.43998229326487,0.2265145263027647,0.6783721328910057,-0.2918558881516194,-0.1761979166666664,30,40,0.4022076676496506,0.5232876197810893,0.5897376302083334,0.6238561197916667,9.99990000099999e-06,9.99990000099999e-06,0.4021135793738668,0.5271646201240271,0.5889055989583334,0.6236725260416666,-0.3480951610835133,-0.26157546745008564,-0.209455078125,-0.13775911458333334,,,,,,,,,,,,,0
d2_10_a,d2_10,a,native_all5,native,all5,recall,complete,complete,0.4514596610683407,0.6140885416666666,57.333285386666674,42.95867814480289,17.0750125562039,0.25072010342541295,0.7021797644937536,-0.291457942631719,-0.16927083333333326,30,40,0.4059385483813915,0.515692842879482,0.5967415364583334,0.6308867187499999,9.99990000099999e-06,9.99990000099999e-06,0.40695064705945355,0.5187980553367433,0.5967148437499998,0.630080078125,-0.3367408399875718,-0.26804308186158626,-0.20109374999999996,-0.13187239583333338,,,,,,,,,,,,,0
d2_10_a,d2_10,a,native_all5,native,all5,f1,complete,complete,0.46081363073621845,0.6116927083333333,57.333285386666674,43.27544846506498,16.855489063999336,0.24519503507941232,0.7060086658156308,-0.30081191229959675,-0.17166666666666652,30,40,0.4145093227160761,0.5237737134023955,0.5941627604166666,0.6282350260416667,9.99990000099999e-06,9.99990000099999e-06,0.41593611847217954,0.5265363728792247,0.5941145833333333,0.6277864583333332,-0.3429493489581045,-0.27717201187037277,-0.20372721354166662,-0.13419270833333333,,,,,,,,,,,,,0
d2_10_a,d2_10,a,native_all5,native,all5,artifact_peak_ratio,complete,complete,0.4518576065882411,0.6071614583333335,57.333285386666674,44.34646340592465,18.43998229326487,0.2265145263027647,0.6783721328910057,-0.2918558881516194,-0.1761979166666664,30,40,0.4022076676496506,0.5232876197810893,0.5897376302083334,0.6238561197916667,9.99990000099999e-06,9.99990000099999e-06,0.4021135793738668,0.5271646201240271,0.5889055989583334,0.6236725260416666,-0.3480951610835133,-0.26157546745008564,-0.209455078125,-0.13775911458333334,,,,,,,,,,,,,0
d2_10_a,d2_10,a,native_all5,native,all5,missing_peak_ratio,complete,complete,0.4514596610683407,0.6140885416666666,57.333285386666674,42.95867814480289,17.0750125562039,0.25072010342541295,0.7021797644937536,-0.291457942631719,-0.16927083333333326,30,40,0.4059385483813915,0.515692842879482,0.5967415364583334,0.6308867187499999,9.99990000099999e-06,9.99990000099999e-06,0.40695064705945355,0.5187980553367433,0.5967148437499998,0.630080078125,-0.3367408399875718,-0.26804308186158626,-0.20109374999999996,-0.13187239583333338,,,,,,,,,,,,,0
d2_10_a,d2_10,a,native_no_axis,native,no_axis,mse,complete,complete,0.23728691725882714,0.714670138888889,38.39525599444444,21.611034716590012,12.500342784304788,0.4371431012280007,0.6744300184868279,0.0,0.0,30,24,,,,,,,0.18635379055704074,0.2953512582498114,0.68931640625,0.7388888888888888,0.0,0.0,0.0,0.0,,,,,,,,,,,,,0
d2_10_a,d2_10,a,native_no_axis,native,no_axis,rmse,complete,complete,0.23746941692488846,0.7184027777777777,38.39525599444444,21.611007259447156,12.493308205764606,0.43714381634610955,0.6746132332709981,-0.00018249966606131984,0.0037326388888887507,30,24,,,,,,,0.18658209930576208,0.29451983698172385,0.6918381076388886,0.7434960937500001,-0.001033123835394663,0.002129378021354661,-0.00017361111111111242,0.010416666666666666,0.6593434065659344,0.15321846781532183,0.6593434065659344,0.15321846781532183,1.0,1.0,other_metrics_secondary_726,other_metrics_secondary_726,726,726,670,558,0
d2_10_a,d2_10,a,native_no_axis,native,no_axis,mae,complete,complete,0.22676516578461303,0.7546006944444446,38.39525599444444,21.090238954494744,12.383532363571893,0.450707166595103,0.677472332379716,0.010521751474214108,0.03993055555555558,30,24,,,,,,,0.18039749636445962,0.27954970184090083,0.7307269965277777,0.7730924479166666,0.000370618527962216,0.021328878469641877,0.025434027777777774,0.05460286458333332,0.04022959770402296,2.999970000299997e-05,0.04022959770402296,2.999970000299997e-05,1.0,0.011639883601163989,other_metrics_secondary_726,other_metrics_secondary_726,726,726,506,340,0
d2_10_a,d2_10,a,native_no_axis,native,no_axis,sam,complete,complete,0.24728588507105187,0.7099826388888888,38.39525599444444,23.258191636853162,13.763586775737359,0.3942430898176983,0.6415289748887502,-0.00999896781222473,-0.004687500000000178,30,24,,,,,,,0.20331331426839627,0.307983681543257,0.6846332465277778,0.7329882812500002,-0.028232436479370352,-7.901747353741806e-05,-0.01467013888888891,0.00468749999999998,0.21998780012199878,0.4032259677403226,0.21998780012199878,0.4032259677403226,1.0,1.0,other_metrics_secondary_726,other_metrics_secondary_726,726,726,584,619,0
d2_10_a,d2_10,a,native_no_axis,native,no_axis,pearson_r,complete,complete,0.23524847868853527,0.7160590277777776,38.39525599444444,22.42307530904909,13.39064974749917,0.4159935979514352,0.6512420766399705,0.002038438570291873,0.001388888888888662,30,24,,,,,,,0.18854053817274372,0.2911565276854131,0.6950520833333335,0.734377170138889,-0.006288640628236058,0.010871579151307998,-0.012762586805555568,0.01527994791666665,0.6140138598614013,0.8648713512864872,0.6140138598614013,0.8648713512864872,1.0,1.0,other_metrics_secondary_726,other_metrics_secondary_726,726,726,657,705,0
d2_10_a,d2_10,a,native_no_axis,native,no_axis,nmse,complete,complete,0.20237867227150505,0.7085937499999999,38.39525599444444,22.847080869975777,15.076699940295565,0.40495042217503097,0.6073290944465359,0.03490824498732209,-0.006076388888889062,30,24,,,,,,,0.15230535443779059,0.26021668880217635,0.6827256944444444,0.7329014756944445,0.02262240512803207,0.04698289485118722,-0.013977864583333346,2.170138888876368e-06,2.999970000299997e-05,0.12170878291217088,2.999970000299997e-05,0.12170878291217088,0.011639883601163989,1.0,other_metrics_secondary_726,other_metrics_secondary_726,726,726,341,545,0
d2_10_a,d2_10,a,native_no_axis,native,no_axis,wasserstein_1_cm1,complete,complete,0.06699758459248839,0.8315104166666668,38.39525599444444,17.168534389418717,14.596144977980678,0.5528475082467766,0.619845092839265,0.17028933266633875,0.11684027777777783,30,24,,,,,,,0.05143922219297967,0.0898579931486482,0.7808138020833333,0.8671006944444443,0.12150569887071554,0.2188003335995571,0.07299696180555554,0.1590299479166667,1.999980000199998e-05,1.999980000199998e-05,1.999980000199998e-05,1.999980000199998e-05,0.0009199908000919991,0.0009199908000919991,w1_axis_primary_66,w1_axis_primary_66,66,66,23,24,0
d2_10_a,d2_10,a,native_no_axis,native,no_axis,is_like_structure_to_noise,complete,complete,0.2124079151474923,0.1693576388888889,38.39525599444444,38.39525599444444,30.23979971711024,0.0,0.21240791514749224,0.02487900211133484,-0.5453125000000001,30,24,,,,,,,0.1688640335518496,0.2701386335245189,0.13932074652777776,0.21605902777777777,-0.001303713034919792,0.046795772466496015,-0.589670138888889,-0.4794986979166667,0.03914960850391496,9.99990000099999e-06,0.03914960850391496,9.99990000099999e-06,1.0,0.007259927400725993,other_metrics_secondary_726,other_metrics_secondary_726,726,726,504,61,0
d2_10_a,d2_10,a,native_no_axis,native,no_axis,precision,complete,complete,0.5303839745997129,0.30928819444444444,38.39525599444444,36.174308304402516,15.81007982429562,0.05784432562093822,0.5882283002206512,-0.29309705734088576,-0.40538194444444453,30,24,,,,,,,0.4488278421432272,0.6518042383480993,0.27404296875,0.3531250000000001,-0.36849785191518575,-0.2531296693572048,-0.4454014756944444,-0.3480837673611112,9.99990000099999e-06,9.99990000099999e-06,9.99990000099999e-06,9.99990000099999e-06,0.007259927400725993,0.007259927400725993,other_metrics_secondary_726,other_metrics_secondary_726,726,726,64,65,0
d2_10_a,d2_10,a,native_no_axis,native,no_axis,recall,complete,complete,0.5216929121125137,0.32612847222222224,38.39525599444444,34.47564299828181,14.445110087234646,0.10208586698132116,0.6237787790938347,-0.28440599485368656,-0.38854166666666673,30,24,,,,,,,0.4492456114602203,0.6282916725731971,0.2926193576388889,0.36580729166666665,-0.3456548039281882,-0.2509501611795623,-0.42656684027777775,-0.3363433159722223,9.99990000099999e-06,9.99990000099999e-06,9.99990000099999e-06,9.99990000099999e-06,0.007259927400725993,0.007259927400725993,other_metrics_secondary_726,other_metrics_secondary_726,726,726,66,67,0
d2_10_a,d2_10,a,native_no_axis,native,no_axis,f1,complete,complete,0.5383033980577719,0.3188368055555556,38.39525599444444,34.893883366137565,14.225586595030085,0.0911928449914099,0.629496243049182,-0.30101648079894483,-0.39583333333333337,30,24,,,,,,,0.4641368778410001,0.6470231923310552,0.28575520833333334,0.3598133680555555,-0.3586111248317856,-0.26918454923048085,-0.43394531249999996,-0.34166666666666673,9.99990000099999e-06,9.99990000099999e-06,9.99990000099999e-06,9.99990000099999e-06,0.007259927400725993,0.007259927400725993,other_metrics_secondary_726,other_metrics_secondary_726,726,726,59,60,0
d2_10_a,d2_10,a,native_no_axis,native,no_axis,artifact_peak_ratio,complete,complete,0.5303839745997129,0.30928819444444444,38.39525599444444,36.174308304402516,15.81007982429562,0.05784432562093822,0.5882283002206512,-0.29309705734088576,-0.40538194444444453,30,24,,,,,,,0.4488278421432272,0.6518042383480993,0.27404296875,0.3531250000000001,-0.36849785191518575,-0.2531296693572048,-0.4454014756944444,-0.3480837673611112,9.99990000099999e-06,9.99990000099999e-06,9.99990000099999e-06,9.99990000099999e-06,0.007259927400725993,0.007259927400725993,other_metrics_secondary_726,other_metrics_secondary_726,726,726,57,58,0
d2_10_a,d2_10,a,native_no_axis,native,no_axis,missing_peak_ratio,complete,complete,0.5216929121125137,0.32612847222222224,38.39525599444444,34.47564299828181,14.445110087234646,0.10208586698132116,0.6237787790938347,-0.28440599485368656,-0.38854166666666673,30,24,,,,,,,0.4492456114602203,0.6282916725731971,0.2926193576388889,0.36580729166666665,-0.3456548039281882,-0.2509501611795623,-0.42656684027777775,-0.3363433159722223,9.99990000099999e-06,9.99990000099999e-06,9.99990000099999e-06,9.99990000099999e-06,0.007259927400725993,0.007259927400725993,other_metrics_secondary_726,other_metrics_secondary_726,726,726,62,63,0
d2_10_a,d2_10,a,common_grid_all5,common_grid,all5,mse,complete,complete,0.2134012967482314,0.7461979166666667,57.333285386666674,27.52240340788849,15.287405959537395,0.5199576786456224,0.7333589753938538,0.0,0.0,30,40,,,,,,,0.17578352931899172,0.25596762228980946,0.7179680989583334,0.77425,0.0,0.0,0.0,0.0,,,,,,,,,,,,,0
d2_10_a,d2_10,a,common_grid_all5,common_grid,all5,rmse,complete,complete,0.2127968680511473,0.7477083333333333,57.333285386666674,27.481564256957054,15.281220691591773,0.5206699900133733,0.7334668580645206,0.0006044286970841029,0.0015104166666666252,30,40,,,,,,,0.17490400467565712,0.2557899488295842,0.7193476562499999,0.7753932291666664,-0.0009366788617174694,0.0025717086560349644,0.00031250000000000445,0.003072916666666666,0.5234847651523484,0.016069839301606985,0.5234847651523484,0.016069839301606985,1.0,1.0,other_metrics_secondary_726,other_metrics_secondary_726,726,726,645,482,0
d2_10_a,d2_10,a,common_grid_all5,common_grid,all5,mae,complete,complete,0.19686428082620447,0.7683333333333332,57.333285386666674,26.46105193383282,15.174175938783147,0.5384696384417114,0.7353339192679158,0.016537015922026943,0.02213541666666652,30,40,,,,,,,0.1636102249685048,0.23666418226324917,0.7390052083333333,0.7959674479166665,0.008875407851381696,0.023997760564134187,0.01718619791666668,0.026822916666666658,0.004109958900410996,9.99990000099999e-06,0.004109958900410996,9.99990000099999e-06,1.0,0.007259927400725993,other_metrics_secondary_726,other_metrics_secondary_726,726,726,446,38,0
d2_10_a,d2_10,a,common_grid_all5,common_grid,all5,sam,complete,complete,0.21823156978467656,0.7452604166666668,57.333285386666674,29.084772275952044,16.57283940510692,0.49270703606467414,0.7109386058493506,-0.0048302730364451485,-0.0009374999999999245,30,40,,,,,,,0.191425689726834,0.25845637181845266,0.7174733072916666,0.772890625,-0.025669884879721046,0.006578505121300059,-0.0030729166666666474,0.001251302083333347,0.6236537634623653,0.43268567314326856,0.6236537634623653,0.43268567314326856,1.0,1.0,other_metrics_secondary_726,other_metrics_secondary_726,726,726,660,627,0
d2_10_a,d2_10,a,common_grid_all5,common_grid,all5,pearson_r,complete,complete,0.3174009072807611,0.7233333333333334,57.333285386666674,34.33950706014167,16.141870261026867,0.4010546085306389,0.7184555158114,-0.10399961053252968,-0.0228645833333333,30,40,,,,,,,0.2526002136436293,0.3884120543831108,0.6945566406250002,0.7523971354166666,-0.138480663776055,-0.068468051890854,-0.03385416666666665,-0.011093750000000003,0.00011999880001199988,0.0006099939000609993,0.00011999880001199988,0.0006099939000609993,0.04235957640423596,0.19092809071909278,other_metrics_secondary_726,other_metrics_secondary_726,726,726,374,414,0
d2_10_a,d2_10,a,common_grid_all5,common_grid,all5,nmse,complete,complete,0.20080023667741168,0.7455729166666667,57.333285386666674,28.763464401920643,17.250927126784386,0.498311247856558,0.6991114845339697,0.012601060070819736,-0.0006249999999999867,30,40,,,,,,,0.17395993102120186,0.24010299501626886,0.7175494791666666,0.77369921875,-0.005770342401300259,0.020451101590982314,-0.002187500000000005,0.00083463541666666,0.08867911320886791,0.5245447545524545,0.08867911320886791,0.5245447545524545,1.0,1.0,other_metrics_secondary_726,other_metrics_secondary_726,726,726,531,647,0
d2_10_a,d2_10,a,common_grid_all5,common_grid,all5,wasserstein_1_cm1,complete,complete,0.048319771483885665,0.8284895833333333,57.333285386666674,19.95758585579937,17.187254607495234,0.6519022811757327,0.7002220526596183,0.16508152526434575,0.08229166666666665,30,40,,,,,,,0.03802529518442447,0.06821855003696022,0.7842005208333334,0.8601321614583332,0.12191250143322604,0.2059470135895061,0.041979166666666665,0.11906380208333331,3.999960000399996e-05,0.00043999560004399956,3.999960000399996e-05,0.00043999560004399956,0.0015999840001599986,0.012319876801231987,w1_axis_primary_66,w1_axis_primary_66,66,66,28,39,0
d2_10_a,d2_10,a,common_grid_all5,common_grid,all5,is_like_structure_to_noise,complete,complete,0.42187232627710153,0.4091145833333334,57.333285386666674,57.332855986655545,33.145529507473526,7.489541341221262e-06,0.4218798158184427,-0.20847102952887012,-0.3370833333333333,30,40,,,,,,,0.34741014200401604,0.5070694553363239,0.3787226562500001,0.43758398437499996,-0.2590675695084991,-0.16090844033734752,-0.3896471354166666,-0.28457942708333334,2.999970000299997e-05,9.99990000099999e-06,2.999970000299997e-05,9.99990000099999e-06,0.011639883601163989,0.007259927400725993,other_metrics_secondary_726,other_metrics_secondary_726,726,726,339,37,0
d2_10_a,d2_10,a,common_grid_all5,common_grid,all5,precision,complete,complete,0.6828573151126375,0.3645833333333333,57.333285386666674,56.69271526149039,17.54226193576457,0.011172744084978814,0.6940300591976163,-0.4694560183644061,-0.38161458333333337,30,40,,,,,,,0.6064196194970776,0.7807785498663414,0.3325240885416667,0.40247916666666655,-0.5360448836940116,-0.42442930868605316,-0.41083333333333333,-0.33296614583333334,9.99990000099999e-06,9.99990000099999e-06,9.99990000099999e-06,9.99990000099999e-06,0.007259927400725993,0.007259927400725993,other_metrics_secondary_726,other_metrics_secondary_726,726,726,41,42,0
d2_10_a,d2_10,a,common_grid_all5,common_grid,all5,recall,complete,complete,0.680395399895443,0.37270833333333336,57.333285386666674,55.94999687629906,16.94069323831843,0.024127145357857094,0.7045225452533002,-0.46699410314721157,-0.3734895833333333,30,40,,,,,,,0.5932094799379612,0.7837924063583848,0.3438763020833333,0.40713541666666664,-0.5381258515269942,-0.41257667511702983,-0.4035416666666667,-0.3266080729166667,9.99990000099999e-06,9.99990000099999e-06,9.99990000099999e-06,9.99990000099999e-06,0.007259927400725993,0.007259927400725993,other_metrics_secondary_726,other_metrics_secondary_726,726,726,43,44,0
d2_10_a,d2_10,a,common_grid_all5,common_grid,all5,f1,complete,complete,0.6869981471566033,0.3685416666666666,57.333285386666674,56.38739677533532,16.999535944294546,0.016498070971375567,0.7034962181279789,-0.47359685040837196,-0.3776562500000001,30,40,,,,,,,0.6059264777466393,0.7854388720932741,0.33803776041666667,0.40492838541666665,-0.5402874001567579,-0.4261644651444971,-0.4070833333333333,-0.32972916666666674,9.99990000099999e-06,9.99990000099999e-06,9.99990000099999e-06,9.99990000099999e-06,0.007259927400725993,0.007259927400725993,other_metrics_secondary_726,other_metrics_secondary_726,726,726,35,36,0
d2_10_a,d2_10,a,common_grid_all5,common_grid,all5,artifact_peak_ratio,complete,complete,0.6828573151126375,0.3645833333333333,57.333285386666674,56.69271526149039,17.54226193576457,0.011172744084978814,0.6940300591976163,-0.4694560183644061,-0.38161458333333337,30,40,,,,,,,0.6064196194970776,0.7807785498663414,0.3325240885416667,0.40247916666666655,-0.5360448836940116,-0.42442930868605316,-0.41083333333333333,-0.33296614583333334,9.99990000099999e-06,9.99990000099999e-06,9.99990000099999e-06,9.99990000099999e-06,0.007259927400725993,0.007259927400725993,other_metrics_secondary_726,other_metrics_secondary_726,726,726,33,34,0
d2_10_a,d2_10,a,common_grid_all5,common_grid,all5,missing_peak_ratio,complete,complete,0.680395399895443,0.37270833333333336,57.333285386666674,55.94999687629906,16.94069323831843,0.024127145357857094,0.7045225452533002,-0.46699410314721157,-0.3734895833333333,30,40,,,,,,,0.5932094799379612,0.7837924063583848,0.3438763020833333,0.40713541666666664,-0.5381258515269942,-0.41257667511702983,-0.4035416666666667,-0.3266080729166667,9.99990000099999e-06,9.99990000099999e-06,9.99990000099999e-06,9.99990000099999e-06,0.007259927400725993,0.007259927400725993,other_metrics_secondary_726,other_metrics_secondary_726,726,726,39,40,0
d2_10_a,d2_10,a,common_grid_no_axis,common_grid,no_axis,mse,complete,complete,0.23935870083362226,0.6861979166666667,38.39525599444444,21.690812343976024,12.500573750971455,0.43506530215309536,0.6744240029867177,0.0,0.0,30,24,,,,,,,0.18936278991594013,0.30067983083374084,0.6651019965277778,0.703298611111111,0.0,0.0,0.0,0.0,,,,,,,,,,,,,0
d2_10_a,d2_10,a,common_grid_no_axis,common_grid,no_axis,rmse,complete,complete,0.23940831159432446,0.6903645833333335,38.39525599444444,21.684877669676812,12.492734258815004,0.43521987005856966,0.6746281816528941,-4.961076070220116e-05,0.004166666666666763,30,24,,,,,,,0.189421824422349,0.30066572929395896,0.6692686631944444,0.7086805555555554,-0.002462775164517219,0.002597464233690105,0.0,0.00972222222222224,0.9578604213957861,0.24790752092479076,0.9578604213957861,0.24790752092479076,1.0,1.0,other_metrics_secondary_726,other_metrics_secondary_726,726,726,713,588,0
d2_10_a,d2_10,a,common_grid_no_axis,common_grid,no_axis,mae,complete,complete,0.22635501282404044,0.7504340277777779,38.39525599444444,21.07449102657668,12.383532363571893,0.4511173195556756,0.677472332379716,0.01300368800958182,0.06423611111111116,30,24,,,,,,,0.18130949827730572,0.28140039487477436,0.7276866319444444,0.7686631944444445,0.004186781758809567,0.02331187409104777,0.052083333333333336,0.0756987847222222,0.026619733802661975,9.99990000099999e-06,0.026619733802661975,9.99990000099999e-06,1.0,0.007259927400725993,other_metrics_secondary_726,other_metrics_secondary_726,726,726,494,50,0
d2_10_a,d2_10,a,common_grid_no_axis,common_grid,no_axis,sam,complete,complete,0.2610441017030106,0.6938368055555557,38.39525599444444,23.8274835420602,13.804628431333317,0.37941594801430956,0.6404600497173203,-0.02168540086938836,0.007638888888888973,30,24,,,,,,,0.22214727310290877,0.3217044986582702,0.6723068576388889,0.7118923611111111,-0.04391791954487847,-0.007848018810420533,0.0032986111111111124,0.013020833333333334,0.06418935810641893,0.0017899821001789982,0.06418935810641893,0.0017899821001789982,1.0,0.5298347016529835,other_metrics_secondary_726,other_metrics_secondary_726,726,726,520,431,0
d2_10_a,d2_10,a,common_grid_no_axis,common_grid,no_axis,pearson_r,complete,complete,0.23690405028445014,0.7080729166666667,38.39525599444444,22.49196059910689,13.395968942314688,0.41419948854198707,0.6511035388264372,0.002454650549172127,0.021874999999999978,30,24,,,,,,,0.19083135655765693,0.29325743133751436,0.6881054687500001,0.72517578125,-0.005502330377885929,0.013503112841145205,0.011280381944444437,0.031601562499999986,0.7083729162708373,0.0005599944000559995,0.7083729162708373,0.0005599944000559995,1.0,0.17639823601763982,other_metrics_secondary_726,other_metrics_secondary_726,726,726,682,412,0
d2_10_a,d2_10,a,common_grid_no_axis,common_grid,no_axis,nmse,complete,complete,0.24355845077753774,0.6875868055555556,38.39525599444444,23.836555528370102,14.485066461156245,0.3791796691805075,0.6227381199580452,-0.004199749943915476,0.001388888888888884,30,24,,,,,,,0.20099771203212258,0.3074396626885789,0.6666623263888889,0.7050368923611113,-0.025966623064286685,0.003556898376468336,0.0,0.004166666666666674,0.5565844341556584,1.0,0.5565844341556584,1.0,1.0,1.0,other_metrics_secondary_726,other_metrics_secondary_726,726,726,653,719,0
d2_10_a,d2_10,a,common_grid_no_axis,common_grid,no_axis,wasserstein_1_cm1,complete,complete,0.0668495009168467,0.8316840277777778,38.39525599444444,17.14977816013488,14.583074459331701,0.5533360120683569,0.6201855129852036,0.17250919991677555,0.1454861111111111,30,24,,,,,,,0.051261420561336896,0.08965618207106607,0.7812391493055556,0.8671050347222221,0.1256172991966935,0.22408593248648417,0.09930121527777776,0.18819878472222226,1.999980000199998e-05,9.99990000099999e-06,1.999980000199998e-05,9.99990000099999e-06,0.0009199908000919991,0.0006599934000659994,w1_axis_primary_66,w1_axis_primary_66,66,66,22,1,0
d2_10_a,d2_10,a,common_grid_no_axis,common_grid,no_axis,is_like_structure_to_noise,complete,complete,0.21230118569210074,0.1688368055555556,38.39525599444444,38.39525599444444,30.243897621872147,0.0,0.21230118569210077,0.02705751514152152,-0.5173611111111112,30,24,,,,,,,0.1688640335518496,0.2701320870837556,0.13967013888888893,0.2148502604166666,0.004469309687477211,0.05007327612681286,-0.553125,-0.4598914930555556,0.028459715402845972,9.99990000099999e-06,0.028459715402845972,9.99990000099999e-06,1.0,0.007259927400725993,other_metrics_secondary_726,other_metrics_secondary_726,726,726,495,49,0
d2_10_a,d2_10,a,common_grid_no_axis,common_grid,no_axis,precision,complete,complete,0.5436070136547769,0.3108506944444445,38.39525599444444,35.777207770582905,14.905277320932292,0.06818676307928118,0.6117937767340581,-0.30424831282115467,-0.3753472222222222,30,24,,,,,,,0.4694271529118139,0.6490303918819507,0.27534722222222224,0.3547808159722222,-0.3645234871090229,-0.26926932744621307,-0.40642361111111114,-0.32395833333333346,9.99990000099999e-06,9.99990000099999e-06,9.99990000099999e-06,9.99990000099999e-06,0.007259927400725993,0.007259927400725993,other_metrics_secondary_726,other_metrics_secondary_726,726,726,53,54,0
d2_10_a,d2_10,a,common_grid_no_axis,common_grid,no_axis,recall,complete,complete,0.5234996556445425,0.3261284722222222,38.39525599444444,34.46236956941333,14.362466277937614,0.10243157190044971,0.6259312275449922,-0.2841409548109202,-0.36006944444444455,30,24,,,,,,,0.4432404439042605,0.6309533915558428,0.29279296875000005,0.3660611979166666,-0.34202553688921494,-0.2443668220016479,-0.3892361111111111,-0.3133680555555556,9.99990000099999e-06,9.99990000099999e-06,9.99990000099999e-06,9.99990000099999e-06,0.007259927400725993,0.007259927400725993,other_metrics_secondary_726,other_metrics_secondary_726,726,726,55,56,0
d2_10_a,d2_10,a,common_grid_no_axis,common_grid,no_axis,f1,complete,complete,0.533225568873564,0.3197048611111111,38.39525599444444,34.85865742462212,14.38532520493837,0.0921103005624977,0.6253358694360616,-0.2938668680399417,-0.3664930555555556,30,24,,,,,,,0.4618401816374737,0.6406955356957109,0.2861067708333333,0.36068359375,-0.349606423859238,-0.26320134295779823,-0.39618055555555554,-0.3180512152777778,9.99990000099999e-06,9.99990000099999e-06,9.99990000099999e-06,9.99990000099999e-06,0.007259927400725993,0.007259927400725993,other_metrics_secondary_726,other_metrics_secondary_726,726,726,47,48,0
d2_10_a,d2_10,a,common_grid_no_axis,common_grid,no_axis,artifact_peak_ratio,complete,complete,0.5436070136547769,0.3108506944444445,38.39525599444444,35.777207770582905,14.905277320932292,0.06818676307928118,0.6117937767340581,-0.30424831282115467,-0.3753472222222222,30,24,,,,,,,0.4694271529118139,0.6490303918819507,0.27534722222222224,0.3547808159722222,-0.3645234871090229,-0.26926932744621307,-0.40642361111111114,-0.32395833333333346,9.99990000099999e-06,9.99990000099999e-06,9.99990000099999e-06,9.99990000099999e-06,0.007259927400725993,0.007259927400725993,other_metrics_secondary_726,other_metrics_secondary_726,726,726,45,46,0
d2_10_a,d2_10,a,common_grid_no_axis,common_grid,no_axis,missing_peak_ratio,complete,complete,0.5234996556445425,0.3261284722222222,38.39525599444444,34.46236956941333,14.362466277937614,0.10243157190044971,0.6259312275449922,-0.2841409548109202,-0.36006944444444455,30,24,,,,,,,0.4432404439042605,0.6309533915558428,0.29279296875000005,0.3660611979166666,-0.34202553688921494,-0.2443668220016479,-0.3892361111111111,-0.3133680555555556,9.99990000099999e-06,9.99990000099999e-06,9.99990000099999e-06,9.99990000099999e-06,0.007259927400725993,0.007259927400725993,other_metrics_secondary_726,other_metrics_secondary_726,726,726,51,52,0
d2_10_b,d2_10,b,native_all5,native,all5,mse,complete,complete,0.2865859764330646,0.7897656249999999,60.87818191666667,32.66380074305469,15.216967534997037,0.46345636951237046,0.7500423459454351,0.0,0.0,30,40,0.2423732935563196,0.333621374651546,0.7475703125000001,0.8270338541666669,,,0.2425927106251532,0.3356194385649399,0.748587890625,0.8255729166666665,0.0,0.0,0.0,0.0,,,,,,,,,,,,,0
d2_10_b,d2_10,b,native_all5,native,all5,rmse,complete,complete,0.2870779634062815,0.7896354166666665,60.87818191666667,32.652819099520194,15.176034619006412,0.46363675669196014,0.7507147200982417,-0.0004919869732168958,-0.00013020833333343695,30,40,0.24328532455895102,0.3343789926642467,0.747291015625,0.8268229166666665,0.6384536154638454,0.6960130398696013,0.2431439902939189,0.3360823224110546,0.7484368489583333,0.8252864583333334,-0.00329242543705978,4.6693595445694536e-05,-0.0006250000000000015,0.0003645833333333423,,,,,,,,,,,,,0
d2_10_b,d2_10,b,native_all5,native,all5,mae,complete,complete,0.29112369592127446,0.7884635416666667,60.87818191666667,32.88107599800419,15.157994677456497,0.4598873526970043,0.7510110486182788,-0.004537719488209857,-0.0013020833333332593,30,40,0.25105312307399136,0.3385397241711212,0.7469902343750002,0.8250019531249998,0.18181818181818182,0.24459755402445976,0.25032188725981064,0.3399953484663193,0.7476770833333334,0.8233378906250002,-0.015223446564004723,-0.000753925154069425,-0.003437499999999971,0.0008072916666666876,,,,,,,,,,,,,0
d2_10_b,d2_10,b,native_all5,native,all5,sam,complete,complete,0.2736931946281863,0.7883593750000001,60.87818191666667,33.558211150527086,16.896267058598703,0.4487645640196126,0.7224577586477989,0.012892781804878295,-0.0014062499999998312,30,40,0.23284460553511668,0.3208527455924947,0.7472903645833332,0.8243756510416667,0.06202937970620294,0.38025619743802563,0.2323524126796524,0.3255412887905389,0.7477324218749999,0.8232825520833332,-0.0018694509564168744,0.024609756924213497,-0.004453776041666659,0.0015110677083333673,,,,,,,,,,,,,0
d2_10_b,d2_10,b,native_all5,native,all5,pearson_r,complete,complete,0.2799056546975217,0.786640625,60.87818191666667,33.01240944307867,15.972262076899254,0.4577300372033477,0.7376356919008694,0.0066803217355428934,-0.0031249999999999334,30,40,0.23820050461382067,0.32513715700649826,0.7452838541666666,0.82180078125,0.13847861521384786,0.08614913850861491,0.23782308502203406,0.3273033065602256,0.7463528645833333,0.8212246093750002,-0.0003355202126295156,0.014664478531443445,-0.006641276041666655,0.00013085937500002213,,,,,,,,,,,,,0
d2_10_b,d2_10,b,native_all5,native,all5,nmse,complete,complete,0.2731870869201924,0.7887760416666667,60.87818191666667,33.74168295316538,17.11054977835368,0.44575081103189296,0.7189378979520853,0.013398889512872214,-0.0009895833333332105,30,40,0.22888623458039528,0.3191891569131692,0.7470494791666665,0.8255748697916666,0.05962940370596294,0.01036989630103699,0.22709503102175269,0.32099937961780933,0.7478118489583333,0.8244791666666668,0.003993831986682609,0.027653436382570423,-0.0016406249999999809,-0.0002864583333333317,,,,,,,,,,,,,0
d2_10_b,d2_10,b,native_all5,native,all5,wasserstein_1_cm1,complete,complete,0.34806290625780667,0.7249739583333334,60.87818191666667,38.45681727271173,17.26738034710528,0.3682988541715406,0.7163617604293473,-0.061476929824742066,-0.06479166666666647,30,40,0.2986551381714189,0.4097684860188174,0.6922044270833334,0.7521367187500001,0.0007699923000769992,9.99990000099999e-06,0.2960932595376846,0.4130063868446892,0.6939055989583334,0.7520572916666666,-0.08873892406422768,-0.04051472795202866,-0.07791861979166664,-0.05054557291666666,,,,,,,,,,,,,0
d2_10_b,d2_10,b,native_all5,native,all5,is_like_structure_to_noise,complete,complete,0.4670391414781468,0.3849739583333333,60.87818191666667,55.436213783796475,27.003719966686035,0.08939110797230199,0.5564302494504487,-0.1804531650450822,-0.4047916666666666,30,40,0.393758867690237,0.5391772811422381,0.36827994791666663,0.40031380208333334,8.99991000089999e-05,9.99990000099999e-06,0.39170130857852214,0.5415978000735723,0.36877473958333334,0.4006796875,-0.22974653234412107,-0.12743807596907258,-0.44770898437499995,-0.3540305989583333,,,,,,,,,,,,,0
d2_10_b,d2_10,b,native_all5,native,all5,precision,complete,complete,0.4265374838844232,0.6771614583333334,60.87818191666667,42.1705352948277,16.20370875663451,0.30729640788956214,0.7338338917739853,-0.1399515074513586,-0.1126041666666665,30,40,0.39429927718855506,0.4722691932675705,0.6463385416666667,0.7044277343750001,9.99990000099999e-06,9.99990000099999e-06,0.39435232545568794,0.4723264842811364,0.6467141927083333,0.704689453125,-0.17860582059406963,-0.11447389104349802,-0.12588541666666664,-0.09729166666666668,,,,,,,,,,,,,0
d2_10_b,d2_10,b,native_all5,native,all5,recall,complete,complete,0.4369024639251238,0.6758072916666666,60.87818191666667,42.359890622762364,15.762062944088784,0.30418601066722295,0.7410884745923467,-0.15031648749205917,-0.11395833333333327,30,40,0.4031209271439037,0.48212033912526614,0.6454654947916666,0.7028170572916667,9.99990000099999e-06,9.99990000099999e-06,0.4042900722397106,0.4838668500560675,0.6459876302083335,0.7035416666666667,-0.18976526389440218,-0.12131017400778667,-0.12690104166666663,-0.098435546875,,,,,,,,,,,,,0
d2_10_b,d2_10,b,native_all5,native,all5,f1,complete,complete,0.4257766487489219,0.6778906249999999,60.87818191666667,41.87671307993307,15.956204801527516,0.3121228039093519,0.7378994526582737,-0.1391906723158573,-0.11187500000000006,30,40,0.3932032423595535,0.4709680406368592,0.6469772135416667,0.7053398437500001,9.99990000099999e-06,9.99990000099999e-06,0.3926733825253354,0.47106548970175255,0.6480930989583333,0.7055488281250001,-0.1773043697145054,-0.11222768733365196,-0.12450651041666667,-0.09687369791666668,,,,,,,,,,,,,0
d2_10_b,d2_10,b,native_all5,native,all5,artifact_peak_ratio,complete,complete,0.4265374838844232,0.6771614583333334,60.87818191666667,42.1705352948277,16.20370875663451,0.30729640788956214,0.7338338917739853,-0.1399515074513586,-0.1126041666666665,30,40,0.39429927718855506,0.4722691932675705,0.6463385416666667,0.7044277343750001,9.99990000099999e-06,9.99990000099999e-06,0.39435232545568794,0.4723264842811364,0.6467141927083333,0.704689453125,-0.17860582059406963,-0.11447389104349802,-0.12588541666666664,-0.09729166666666668,,,,,,,,,,,,,0
d2_10_b,d2_10,b,native_all5,native,all5,missing_peak_ratio,complete,complete,0.4369024639251238,0.6758072916666666,60.87818191666667,42.359890622762364,15.762062944088784,0.30418601066722295,0.7410884745923467,-0.15031648749205917,-0.11395833333333327,30,40,0.4031209271439037,0.48212033912526614,0.6454654947916666,0.7028170572916667,9.99990000099999e-06,9.99990000099999e-06,0.4042900722397106,0.4838668500560675,0.6459876302083335,0.7035416666666667,-0.18976526389440218,-0.12131017400778667,-0.12690104166666663,-0.098435546875,,,,,,,,,,,,,0
d2_10_b,d2_10,b,native_no_axis,native,no_axis,mse,complete,complete,0.4077788319729882,0.6487847222222222,42.711420527777776,32.107173576388035,14.690360401663703,0.24827661595786,0.6560554479308482,0.0,0.0,30,24,,,,,,,0.32931593691663147,0.5010982571681998,0.6342013888888889,0.6643229166666667,0.0,0.0,0.0,0.0,,,,,,,,,,,,,0
d2_10_b,d2_10,b,native_no_axis,native,no_axis,rmse,complete,complete,0.40848007936972675,0.6483506944444444,42.711420527777776,32.09619193285352,14.64942748567308,0.24853372853802747,0.6570138079077541,-0.0007012473967385469,-0.0004340277777777901,30,24,,,,,,,0.3315109181182783,0.5013801289864982,0.6340256076388888,0.6638020833333332,-0.004585560413823533,6.558128013497954e-05,-0.002083333333333348,0.0012152777777777715,0.6373436265637343,0.6950530494695053,0.6373436265637343,0.6950530494695053,1.0,1.0,other_metrics_secondary_726,other_metrics_secondary_726,726,726,662,676,0
d2_10_b,d2_10,b,native_no_axis,native,no_axis,mae,complete,complete,0.414246612933595,0.6444444444444445,42.711420527777776,32.32444883133753,14.631387544123166,0.24318956307447048,0.6574361760080655,-0.006467780960606795,-0.004340277777777679,30,24,,,,,,,0.3399847458088136,0.5077955780963314,0.6276909722222223,0.6612890625,-0.021174560048935878,-0.0010523911790663563,-0.011458333333333341,0.002690972222222218,0.1819581804181958,0.24260757392426074,0.1819581804181958,0.24260757392426074,1.0,1.0,other_metrics_secondary_726,other_metrics_secondary_726,726,726,572,587,0
d2_10_b,d2_10,b,native_no_axis,native,no_axis,sam,complete,complete,0.38940226883295376,0.6440972222222222,42.711420527777776,33.00158398386043,16.369659925265367,0.22733583720547212,0.6167381060384258,0.01837656314003444,-0.004687499999999956,30,24,,,,,,,0.3167963996826068,0.4887760352739612,0.6263888888888888,0.6627625868055557,-0.002657028472405977,0.0339967380878842,-0.0148459201388889,0.005036892361111108,0.06318936810631894,0.38033619663803364,0.06318936810631894,0.38033619663803364,1.0,1.0,other_metrics_secondary_726,other_metrics_secondary_726,726,726,518,615,0
d2_10_b,d2_10,b,native_no_axis,native,no_axis,pearson_r,complete,complete,0.3982571200548897,0.6383680555555556,42.711420527777776,32.455782276411995,15.445654943565918,0.24011466077781074,0.6383717808327005,0.009521711918098474,-0.010416666666666519,30,24,,,,,,,0.32475942553582987,0.4906365676446227,0.6203971354166666,0.6577278645833333,-0.0004843419095634127,0.02039193337587482,-0.02213758680555556,0.00043619791666666297,0.13654863451365487,0.08563914360856391,0.13654863451365487,0.08563914360856391,1.0,1.0,other_metrics_secondary_726,other_metrics_secondary_726,726,726,551,528,0
d2_10_b,d2_10,b,native_no_axis,native,no_axis,nmse,complete,complete,0.38868089462586874,0.6454861111111111,42.711420527777776,33.18505578649871,16.583942645020347,0.22304022258130018,0.6117211172071689,0.019097937347119454,-0.0032986111111110716,30,24,,,,,,,0.3099971918207208,0.48105807269020123,0.63125,0.6605946180555555,0.005713659704691651,0.038220067197713876,-0.005468750000000011,-0.0009548611111111381,0.05956940430595694,0.00926990730092699,0.05956940430595694,0.00926990730092699,1.0,1.0,other_metrics_secondary_726,other_metrics_secondary_726,726,726,514,468,0
d2_10_b,d2_10,b,native_no_axis,native,no_axis,wasserstein_1_cm1,complete,complete,0.488677272409621,0.5314236111111111,42.711420527777776,37.61438793898543,16.742287454730693,0.1193365269946347,0.6080137994042556,-0.0808984404366328,-0.11736111111111103,30,24,,,,,,,0.3958179537433615,0.6107146970851799,0.5080685763888889,0.5564257812500001,-0.12421224026052499,-0.049967088036799556,-0.14288194444444444,-0.09018663194444448,0.0006799932000679993,9.99990000099999e-06,0.0006799932000679993,9.99990000099999e-06,0.014959850401495986,0.0006599934000659994,w1_axis_primary_66,w1_axis_primary_66,66,66,45,4,0
d2_10_b,d2_10,b,native_no_axis,native,no_axis,is_like_structure_to_noise,complete,complete,0.35344588330074045,0.43749999999999994,42.711420527777776,41.57328858882249,26.4771128333527,0.02664701676721537,0.3800929000679558,0.05433294867224775,-0.21128472222222222,30,24,,,,,,,0.2781653705659693,0.44167578884746345,0.41232638888888895,0.4598958333333333,0.03055423822543498,0.08285296290832884,-0.24218749999999997,-0.1821180555555556,0.0033999660003399966,9.99990000099999e-06,0.0033999660003399966,9.99990000099999e-06,0.972390276097239,0.007259927400725993,other_metrics_secondary_726,other_metrics_secondary_726,726,726,441,81,0
d2_10_b,d2_10,b,native_no_axis,native,no_axis,precision,complete,complete,0.3467752214237809,0.5982638888888889,42.711420527777776,30.490571187116284,15.679308876271923,0.2861260334976109,0.6329012549213919,0.06100361054920728,-0.05052083333333324,30,24,,,,,,,0.3052515184743895,0.4093755949532356,0.5681401909722222,0.6252625868055557,-0.012449001196473932,0.11948267524320026,-0.08334201388888889,-0.01944227430555555,0.0982490175098249,0.003889961100388996,0.0982490175098249,0.003889961100388996,1.0,1.0,other_metrics_secondary_726,other_metrics_secondary_726,726,726,538,445,0
d2_10_b,d2_10,b,native_no_axis,native,no_axis,recall,complete,complete,0.35685679755534033,0.5885416666666665,42.711420527777776,30.4795238123084,15.237663063726199,0.2863846850402516,0.6432414825955919,0.050922034417647866,-0.06024305555555565,30,24,,,,,,,0.314431585912214,0.42050116541023813,0.5614539930555555,0.6130208333333333,-0.02110722527625835,0.10821026797038683,-0.08906467013888887,-0.03307074652777778,0.15315846841531586,0.0001799982000179998,0.15315846841531586,0.0001799982000179998,1.0,0.061919380806191936,other_metrics_secondary_726,other_metrics_secondary_726,726,726,557,384,0
d2_10_b,d2_10,b,native_no_axis,native,no_axis,f1,complete,complete,0.35064884554530823,0.5947916666666668,42.711420527777776,30.408515220830388,15.43180492116493,0.2880472050548185,0.6386960506001267,0.05712998642767997,-0.053993055555555336,30,24,,,,,,,0.30748980324884223,0.4127798295011645,0.5663129340277778,0.6210091145833334,-0.014862270854088335,0.11375440019596224,-0.08437934027777778,-0.025080295138888934,0.10905890941090589,0.0008799912000879991,0.10905890941090589,0.0008799912000879991,1.0,0.27191728082719174,other_metrics_secondary_726,other_metrics_secondary_726,726,726,541,418,0
d2_10_b,d2_10,b,native_no_axis,native,no_axis,artifact_peak_ratio,complete,complete,0.3467752214237809,0.5982638888888889,42.711420527777776,30.490571187116284,15.679308876271923,0.2861260334976109,0.6329012549213919,0.06100361054920728,-0.05052083333333324,30,24,,,,,,,0.3052515184743895,0.4093755949532356,0.5681401909722222,0.6252625868055557,-0.012449001196473932,0.11948267524320026,-0.08334201388888889,-0.01944227430555555,0.0982490175098249,0.003889961100388996,0.0982490175098249,0.003889961100388996,1.0,1.0,other_metrics_secondary_726,other_metrics_secondary_726,726,726,537,444,0
d2_10_b,d2_10,b,native_no_axis,native,no_axis,missing_peak_ratio,complete,complete,0.35685679755534033,0.5885416666666665,42.711420527777776,30.4795238123084,15.237663063726199,0.2863846850402516,0.6432414825955919,0.050922034417647866,-0.06024305555555565,30,24,,,,,,,0.314431585912214,0.42050116541023813,0.5614539930555555,0.6130208333333333,-0.02110722527625835,0.10821026797038683,-0.08906467013888887,-0.03307074652777778,0.15315846841531586,0.0001799982000179998,0.15315846841531586,0.0001799982000179998,1.0,0.061919380806191936,other_metrics_secondary_726,other_metrics_secondary_726,726,726,556,383,0
d2_10_b,d2_10,b,common_grid_all5,common_grid,all5,mse,complete,complete,0.37492929161295796,0.6752864583333336,60.87818191666667,38.07068635096188,15.245672730261258,0.3746415357299092,0.7495708273428672,0.0,0.0,30,40,,,,,,,0.3129707509184753,0.43492804747294006,0.652369140625,0.6959733072916665,0.0,0.0,0.0,0.0,,,,,,,,,,,,,0
d2_10_b,d2_10,b,common_grid_all5,common_grid,all5,rmse,complete,complete,0.3751337656638802,0.6764843749999999,60.87818191666667,38.01044819494459,15.172986565774686,0.3756310225069577,0.7507647881708379,-0.00020447405092222093,0.0011979166666663543,30,40,,,,,,,0.3133277119169433,0.434093303487254,0.653203125,0.6970846354166667,-0.0027147697154887573,0.0022075957284326277,0.00020703124999998864,0.002553385416666653,0.8776812231877681,0.06305936940630594,0.8776812231877681,0.06305936940630594,1.0,1.0,other_metrics_secondary_726,other_metrics_secondary_726,726,726,707,517,0
d2_10_b,d2_10,b,common_grid_all5,common_grid,all5,mae,complete,complete,0.3777532410697158,0.6736197916666666,60.87818191666667,38.15293265323567,15.156002123783077,0.37329053772562626,0.751043778795342,-0.002823949456757846,-0.0016666666666669272,30,40,,,,,,,0.32334222379622246,0.43922288363695594,0.6497643229166667,0.6949739583333333,-0.020049584716449544,0.0005494757314201491,-0.004739583333333341,0.0013020833333333333,0.5298947010529895,0.3316866831331687,0.5298947010529895,0.3316866831331687,1.0,1.0,other_metrics_secondary_726,other_metrics_secondary_726,726,726,651,610,0
d2_10_b,d2_10,b,common_grid_all5,common_grid,all5,sam,complete,complete,0.32182193494124645,0.6728906249999999,60.87818191666667,36.60523838147389,17.013304081347023,0.3987133447647778,0.7205352797060243,0.053107356671711514,-0.002395833333333708,30,40,,,,,,,0.2683148572882781,0.38770682039866117,0.6503098958333333,0.6933131510416668,0.03266504845929358,0.060035064537085646,-0.004479166666666662,-0.0002604166666666685,3.999960000399996e-05,0.03949960500394996,3.999960000399996e-05,0.03949960500394996,0.015079849201507987,1.0,other_metrics_secondary_726,other_metrics_secondary_726,726,726,351,505,0
d2_10_b,d2_10,b,common_grid_all5,common_grid,all5,pearson_r,complete,complete,0.47624491039593686,0.6334635416666667,60.87818191666667,44.983182556774736,15.990258264804275,0.26109517169303553,0.7373400820889724,-0.1013156187829789,-0.04182291666666682,30,40,,,,,,,0.3979198800106913,0.5587389947240076,0.6124466145833333,0.6546139322916666,-0.13120933375378765,-0.07534519555279373,-0.05369921875,-0.02994661458333334,2.999970000299997e-05,9.99990000099999e-06,2.999970000299997e-05,9.99990000099999e-06,0.011639883601163989,0.007259927400725993,other_metrics_secondary_726,other_metrics_secondary_726,726,726,342,75,0
d2_10_b,d2_10,b,common_grid_all5,common_grid,all5,nmse,complete,complete,0.29662802163287666,0.6749739583333334,60.87818191666667,34.91026832834472,16.85209366579752,0.4265553400373918,0.7231833616702685,0.0783012699800813,-0.00031250000000015987,30,40,,,,,,,0.24970393928323784,0.3533020837872822,0.6517701822916667,0.6959388020833335,0.0517572729090133,0.09176985392344054,-0.0019270833333333219,0.0011458333333333275,8.99991000089999e-05,0.7073829261707383,8.99991000089999e-05,0.7073829261707383,0.03257967420325797,1.0,other_metrics_secondary_726,other_metrics_secondary_726,726,726,365,680,0
d2_10_b,d2_10,b,common_grid_all5,common_grid,all5,wasserstein_1_cm1,complete,complete,0.341962652684226,0.737109375,60.87818191666667,38.13388259845091,17.315818019634698,0.37360345861427624,0.7155661112985023,0.03296663892873197,0.061822916666666394,30,40,,,,,,,0.2911319957359074,0.40678623405772335,0.7038756510416666,0.76635546875,-0.005793046682685629,0.056368877244983906,0.04551822916666668,0.07619921875,0.049029509704902954,9.99990000099999e-06,0.049029509704902954,9.99990000099999e-06,0.6864131358686414,0.0006599934000659994,w1_axis_primary_66,w1_axis_primary_66,66,66,53,2,0
d2_10_b,d2_10,b,common_grid_all5,common_grid,all5,is_like_structure_to_noise,complete,complete,0.4673555165192216,0.538984375,60.87818191666667,55.432066077012195,26.98031192259731,0.08945923922480814,0.5568147557440297,-0.09242622490626362,-0.1363020833333336,30,40,,,,,,,0.39357539475093606,0.5421308955323949,0.5125104166666666,0.5639407552083334,-0.12015835072444235,-0.06973734024759645,-0.15583593750000005,-0.11791536458333333,3.999960000399996e-05,9.99990000099999e-06,3.999960000399996e-05,9.99990000099999e-06,0.015079849201507987,0.007259927400725993,other_metrics_secondary_726,other_metrics_secondary_726,726,726,350,72,0
d2_10_b,d2_10,b,common_grid_all5,common_grid,all5,precision,complete,complete,0.6886402845626545,0.41304687500000004,60.87818191666667,57.73013676812711,15.806968249376729,0.05171056443257083,0.7403508489952253,-0.3137109929496965,-0.2622395833333335,30,40,,,,,,,0.6172791691593059,0.7738030936240914,0.3960833333333334,0.4314856770833334,-0.36037455409658725,-0.2872181919783565,-0.2920833333333333,-0.22811848958333328,9.99990000099999e-06,9.99990000099999e-06,9.99990000099999e-06,9.99990000099999e-06,0.007259927400725993,0.007259927400725993,other_metrics_secondary_726,other_metrics_secondary_726,726,726,76,77,0
d2_10_b,d2_10,b,common_grid_all5,common_grid,all5,recall,complete,complete,0.6655373836827221,0.42054687500000004,60.87818191666667,55.76088366680932,15.244177750630179,0.08405800056352175,0.749595384246244,-0.2906080920697641,-0.2547395833333335,30,40,,,,,,,0.5899497794956469,0.7515875381041501,0.40218684895833334,0.4386744791666667,-0.3308816541214998,-0.2611925193911519,-0.28338541666666667,-0.22156119791666667,9.99990000099999e-06,9.99990000099999e-06,9.99990000099999e-06,9.99990000099999e-06,0.007259927400725993,0.007259927400725993,other_metrics_secondary_726,other_metrics_secondary_726,726,726,78,79,0
d2_10_b,d2_10,b,common_grid_all5,common_grid,all5,f1,complete,complete,0.686563037386898,0.417421875,60.87818191666667,57.4570343900118,15.660324902713006,0.05619661131368736,0.7427596487005854,-0.31163374577394,-0.25786458333333356,30,40,,,,,,,0.6147839561134855,0.7714715851386337,0.39932161458333326,0.43617643229166664,-0.35426507570650395,-0.2840739326741867,-0.28729687500000006,-0.22364192708333339,9.99990000099999e-06,9.99990000099999e-06,9.99990000099999e-06,9.99990000099999e-06,0.007259927400725993,0.007259927400725993,other_metrics_secondary_726,other_metrics_secondary_726,726,726,70,71,0
d2_10_b,d2_10,b,common_grid_all5,common_grid,all5,artifact_peak_ratio,complete,complete,0.6886402845626545,0.41304687500000004,60.87818191666667,57.73013676812711,15.806968249376729,0.05171056443257083,0.7403508489952253,-0.3137109929496965,-0.2622395833333335,30,40,,,,,,,0.6172791691593059,0.7738030936240914,0.3960833333333334,0.4314856770833334,-0.36037455409658725,-0.2872181919783565,-0.2920833333333333,-0.22811848958333328,9.99990000099999e-06,9.99990000099999e-06,9.99990000099999e-06,9.99990000099999e-06,0.007259927400725993,0.007259927400725993,other_metrics_secondary_726,other_metrics_secondary_726,726,726,68,69,0
d2_10_b,d2_10,b,common_grid_all5,common_grid,all5,missing_peak_ratio,complete,complete,0.6655373836827221,0.42054687500000004,60.87818191666667,55.76088366680932,15.244177750630179,0.08405800056352175,0.749595384246244,-0.2906080920697641,-0.2547395833333335,30,40,,,,,,,0.5899497794956469,0.7515875381041501,0.40218684895833334,0.4386744791666667,-0.3308816541214998,-0.2611925193911519,-0.28338541666666667,-0.22156119791666667,9.99990000099999e-06,9.99990000099999e-06,9.99990000099999e-06,9.99990000099999e-06,0.007259927400725993,0.007259927400725993,other_metrics_secondary_726,other_metrics_secondary_726,726,726,73,74,0
d2_10_b,d2_10,b,common_grid_no_axis,common_grid,no_axis,mse,complete,complete,0.4019139847799903,0.659375,42.711420527777776,31.888430870092694,14.722113650159653,0.2533980261941007,0.655312010974091,0.0,0.0,30,24,,,,,,,0.32070196982927013,0.49019997710574836,0.6457465277777779,0.673611111111111,0.0,0.0,0.0,0.0,,,,,,,,,,,,,0
d2_10_b,d2_10,b,common_grid_no_axis,common_grid,no_axis,rmse,complete,complete,0.40301671524827076,0.6628472222222223,42.711420527777776,31.862843890365642,14.64942748567308,0.25399709265948345,0.6570138079077541,-0.0011027304682804662,0.00347222222222221,30,24,,,,,,,0.3217726386907761,0.49021053067181,0.6489561631944444,0.6772569444444444,-0.004015806592230438,0.0015815830981037882,0.0,0.0076388888888889025,0.4989150108498915,0.24790752092479076,0.4989150108498915,0.24790752092479076,1.0,1.0,other_metrics_secondary_726,other_metrics_secondary_726,726,726,636,589,0
d2_10_b,d2_10,b,common_grid_no_axis,common_grid,no_axis,mae,complete,complete,0.4131528211522354,0.640625,42.711420527777776,32.27889871197934,14.632554825508448,0.24425602536477453,0.6574088465170099,-0.011238836372245098,-0.018750000000000044,30,24,,,,,,,0.33972269860522236,0.5069495350585416,0.624826388888889,0.6566840277777778,-0.03566771607217215,-0.006145230375067497,-0.028129340277777786,-0.00954861111111112,0.0967790322096779,0.0009299907000929991,0.0967790322096779,0.0009299907000929991,1.0,0.2864371356286437,other_metrics_secondary_726,other_metrics_secondary_726,726,726,535,419,0
d2_10_b,d2_10,b,common_grid_no_axis,common_grid,no_axis,sam,complete,complete,0.3391089834948007,0.6625,42.711420527777776,30.97501451655528,16.491188117761595,0.2747837900542225,0.6138927735490232,0.06280500128518962,0.0031249999999999334,30,24,,,,,,,0.27229272341373,0.43171425174697176,0.6485221354166666,0.6768250868055558,0.03570200601342579,0.07235415483181216,3.7007434154171884e-18,0.006250000000000004,6.999930000699993e-05,0.0914490855091449,6.999930000699993e-05,0.0914490855091449,0.025759742402575975,1.0,other_metrics_secondary_726,other_metrics_secondary_726,726,726,359,533,0
d2_10_b,d2_10,b,common_grid_no_axis,common_grid,no_axis,pearson_r,complete,complete,0.39724789535474614,0.6402777777777777,42.711420527777776,32.43761670224252,15.470594789971301,0.240539970307323,0.6377878656620691,0.004666089425244158,-0.01909722222222232,30,24,,,,,,,0.32332297613269234,0.4891355016162157,0.6223046875,0.6589431423611112,-0.011038434838575766,0.012738307590510183,-0.03229166666666665,-0.0071180555555555546,0.5206847931520685,0.006729932700672994,0.5206847931520685,0.006729932700672994,1.0,1.0,other_metrics_secondary_726,other_metrics_secondary_726,726,726,644,453,0
d2_10_b,d2_10,b,common_grid_no_axis,common_grid,no_axis,nmse,complete,complete,0.319053430865655,0.6607638888888889,42.711420527777776,29.95720295874535,16.329977702212084,0.2986137527488134,0.6176671836144685,0.08286055391433528,0.001388888888888884,30,24,,,,,,,0.25963004311652216,0.40031138236517566,0.646872829861111,0.6749131944444445,0.04928299702322218,0.10136422498040858,0.0,0.004166666666666663,0.00018999810001899982,1.0,0.00018999810001899982,1.0,0.06440935590644094,1.0,other_metrics_secondary_726,other_metrics_secondary_726,726,726,388,720,0
d2_10_b,d2_10,b,common_grid_no_axis,common_grid,no_axis,wasserstein_1_cm1,complete,complete,0.4861348034381938,0.5317708333333334,42.711420527777776,37.56380541994464,16.800297397107357,0.12052081256546676,0.6066556160036605,-0.08422081865820352,-0.12760416666666663,30,24,,,,,,,0.3955072487510636,0.6094044026407739,0.5083268229166668,0.556603732638889,-0.13355143630691488,-0.057426546971235455,-0.15538628472222227,-0.09773871527777779,0.0005499945000549994,9.99990000099999e-06,0.0005499945000549994,9.99990000099999e-06,0.013749862501374985,0.0006599934000659994,w1_axis_primary_66,w1_axis_primary_66,66,66,43,3,0
d2_10_b,d2_10,b,common_grid_no_axis,common_grid,no_axis,is_like_structure_to_noise,complete,complete,0.353319710969022,0.4324652777777777,42.711420527777776,41.56879690833469,26.478010152383895,0.02675218022074377,0.3800718911897657,0.048594273810968314,-0.22690972222222233,30,24,,,,,,,0.27808992515261866,0.44076073642314767,0.4081575520833334,0.45477864583333333,0.02072582850042702,0.07323792699525626,-0.25296006944444444,-0.20104166666666667,0.007659923400765992,9.99990000099999e-06,0.007659923400765992,9.99990000099999e-06,1.0,0.007259927400725993,other_metrics_secondary_726,other_metrics_secondary_726,726,726,462,80,0
d2_10_b,d2_10,b,common_grid_no_axis,common_grid,no_axis,precision,complete,complete,0.350195450910568,0.5973958333333333,42.711420527777776,30.238347410203676,15.28100223944765,0.2920313340892542,0.6422267849998221,0.05171853386942232,-0.061979166666666696,30,24,,,,,,,0.3087340261800687,0.4094191085701102,0.5681380208333334,0.6243945312500001,-0.02243677833499111,0.10516294942007688,-0.08940972222222224,-0.03472222222222223,0.14846851531484684,9.99990000099999e-05,0.14846851531484684,9.99990000099999e-05,1.0,0.03599964000359996,other_metrics_secondary_726,other_metrics_secondary_726,726,726,555,368,0
d2_10_b,d2_10,b,common_grid_no_axis,common_grid,no_axis,recall,complete,complete,0.36573169239334224,0.5899305555555556,42.711420527777776,30.339045955375703,14.718125841227797,0.28967368491889856,0.6554053773122408,0.03618229238664805,-0.06944444444444442,30,24,,,,,,,0.32275149188708185,0.42328430586280774,0.5624978298611111,0.6149327256944446,-0.03542304640175123,0.08938353177638854,-0.09444444444444446,-0.04565538194444447,0.2971070289297107,2.999970000299997e-05,0.2971070289297107,2.999970000299997e-05,1.0,0.011639883601163989,other_metrics_secondary_726,other_metrics_secondary_726,726,726,603,344,0
d2_10_b,d2_10,b,common_grid_no_axis,common_grid,no_axis,f1,complete,complete,0.3514216107038647,0.5958333333333332,42.711420527777776,30.144412206047733,15.134696008725957,0.2942306335505037,0.6456522442543684,0.05049237407612561,-0.06354166666666683,30,24,,,,,,,0.30928256898699663,0.4124838550723332,0.5665798611111111,0.6225716145833334,-0.022395688209691775,0.10050211355261708,-0.08993489583333333,-0.03767361111111113,0.14199858001419985,4.999950000499995e-05,0.14199858001419985,4.999950000499995e-05,1.0,0.01864981350186498,other_metrics_secondary_726,other_metrics_secondary_726,726,726,553,354,0
d2_10_b,d2_10,b,common_grid_no_axis,common_grid,no_axis,artifact_peak_ratio,complete,complete,0.350195450910568,0.5973958333333333,42.711420527777776,30.238347410203676,15.28100223944765,0.2920313340892542,0.6422267849998221,0.05171853386942232,-0.061979166666666696,30,24,,,,,,,0.3087340261800687,0.4094191085701102,0.5681380208333334,0.6243945312500001,-0.02243677833499111,0.10516294942007688,-0.08940972222222224,-0.03472222222222223,0.14846851531484684,9.99990000099999e-05,0.14846851531484684,9.99990000099999e-05,1.0,0.03599964000359996,other_metrics_secondary_726,other_metrics_secondary_726,726,726,554,367,0
d2_10_b,d2_10,b,common_grid_no_axis,common_grid,no_axis,missing_peak_ratio,complete,complete,0.36573169239334224,0.5899305555555556,42.711420527777776,30.339045955375703,14.718125841227797,0.28967368491889856,0.6554053773122408,0.03618229238664805,-0.06944444444444442,30,24,,,,,,,0.32275149188708185,0.42328430586280774,0.5624978298611111,0.6149327256944446,-0.03542304640175123,0.08938353177638854,-0.09444444444444446,-0.04565538194444447,0.2971070289297107,2.999970000299997e-05,0.2971070289297107,2.999970000299997e-05,1.0,0.011639883601163989,other_metrics_secondary_726,other_metrics_secondary_726,726,726,602,343,0
d2_20_a,d2_20,a,native_all5,native,all5,mse,complete,complete,0.1696397967556941,0.7665885416666668,72.33741854666667,32.81855158867931,20.547246608591202,0.54631292838426,0.7159527251399542,0.0,0.0,30,40,0.13521015467969716,0.20665275825281718,0.719244140625,0.8054479166666666,,,0.13607011623037868,0.20731627198071761,0.719322265625,0.8053906249999999,0.0,0.0,0.0,0.0,,,,,,,,,,,,,0
d2_20_a,d2_20,a,native_all5,native,all5,rmse,complete,complete,0.16966693482986128,0.7674739583333334,72.33741854666667,32.818551588679306,20.545283510361614,0.5463129283842603,0.7159798632141214,-2.713807416718228e-05,0.0008854166666666385,30,40,0.13508159368713094,0.20667753941593228,0.7195299479166666,0.8064889322916666,0.8641613583864162,0.4987650123498765,0.1360122739238202,0.20717186446472563,0.7206673177083334,0.8065638020833333,-0.0005730616954815838,0.0012660414959004102,-0.00031250000000000445,0.0028645833333333258,,,,,,,,,,,,,0
d2_20_a,d2_20,a,native_all5,native,all5,mae,complete,complete,0.16246327819454195,0.7784635416666668,72.33741854666667,32.24090198854732,20.488727835325196,0.5542984165553556,0.7167616947498976,0.007176518561152145,0.011874999999999969,30,40,0.12947499953142358,0.19699261690752773,0.7303105468750001,0.8169309895833333,0.015259847401525984,6.999930000699993e-05,0.13072878540024171,0.1983781178713756,0.73033203125,0.8167447916666666,0.0011542281961965627,0.013886365765342162,0.007264973958333339,0.016380208333333323,,,,,,,,,,,,,0
d2_20_a,d2_20,a,native_all5,native,all5,sam,complete,complete,0.17548000366470684,0.7648177083333334,72.33741854666667,34.859614816218304,22.165844344553804,0.5180970579738133,0.6935770616385202,-0.005840206909012741,-0.001770833333333388,30,40,0.1465356928632992,0.2140108584222318,0.7162486979166667,0.8045325520833334,0.2881171188288117,0.3012469875301247,0.14588299097050364,0.2140451119272206,0.7166367187499999,0.804505859375,-0.019301492864873857,0.0009274123414220615,-0.005078125000000007,0.0013287760416666576,,,,,,,,,,,,,0
d2_20_a,d2_20,a,native_all5,native,all5,pearson_r,complete,complete,0.16770650416439525,0.7667447916666664,72.33741854666667,33.84368011709195,21.712224532353794,0.5321414449527453,0.6998479491171405,0.0019332925912988463,0.00015624999999963585,30,40,0.1359773113547564,0.20324893159032006,0.7192929687499999,0.8051041666666665,0.4988950110498895,0.9543404565954341,0.1364826024141531,0.20373648397087984,0.7200247395833334,0.804666015625,-0.004734198832252408,0.007801165934554574,-0.004348958333333331,0.00463541666666667,,,,,,,,,,,,,0
d2_20_a,d2_20,a,native_all5,native,all5,nmse,complete,complete,0.14423992732624527,0.7643749999999999,72.33741854666667,34.27328950223056,23.839345508091174,0.5262024801158751,0.6704424074421205,0.02539986942944883,-0.002213541666666874,30,40,0.1116814535908743,0.18193674199270374,0.7164804687499999,0.8039583333333333,7.999920000799993e-05,0.021819781802181977,0.11261475172197488,0.18273230260027104,0.7162740885416669,0.8038079427083333,0.016420213332350237,0.033227811295380646,-0.004791666666666658,-0.00028645833333333897,,,,,,,,,,,,,0
d2_20_a,d2_20,a,native_all5,native,all5,wasserstein_1_cm1,complete,complete,0.043428461861171115,0.8297916666666665,72.33741854666667,25.846515401198815,22.70501257870933,0.6426950820131274,0.6861235438742985,0.126211334894523,0.0632031249999997,30,40,0.0328591596804214,0.06212198732639601,0.7788919270833333,0.8655358072916667,4.999950000499995e-05,7.999920000799993e-05,0.03397426494769832,0.0628606718241116,0.7798098958333334,0.8655520833333333,0.0904820367821554,0.15705169718623793,0.03802083333333335,0.086224609375,,,,,,,,,,,,,0
d2_20_a,d2_20,a,native_all5,native,all5,is_like_structure_to_noise,complete,complete,0.41713186518626805,0.29132812500000005,72.33741854666667,72.33741854666667,42.163176225535864,0.0,0.417131865186268,-0.24749206843057395,-0.47526041666666674,30,40,0.3341399614086713,0.5036932013669749,0.2654680989583333,0.33010872395833335,6.999930000699993e-05,9.99990000099999e-06,0.33772395145019457,0.5055224982254257,0.26596289062499995,0.3296360677083334,-0.32429971372670596,-0.18125819882169972,-0.526458984375,-0.39678515625,,,,,,,,,,,,,0
d2_20_a,d2_20,a,native_all5,native,all5,precision,complete,complete,0.4467827853802707,0.6055729166666667,72.33741854666667,56.237660056901404,23.918546711403216,0.22256473638714258,0.6693475217674132,-0.27714298862457665,-0.1610156250000001,30,40,0.3930805923170246,0.5202402216493386,0.5908333333333332,0.6198177083333333,9.99990000099999e-06,9.99990000099999e-06,0.39945932685387897,0.5219560625699912,0.5914309895833333,0.619662109375,-0.33344793608606976,-0.25152949374650135,-0.196888671875,-0.11947265625000004,,,,,,,,,,,,,0
d2_20_a,d2_20,a,native_all5,native,all5,recall,complete,complete,0.44654407909535354,0.6123958333333334,72.33741854666667,54.59269958037083,22.29085363131441,0.24530484115697715,0.6918489202523308,-0.27690428233965947,-0.15419270833333343,30,40,0.3970790624203553,0.5139154019535268,0.5974739583333333,0.6267467447916666,9.99990000099999e-06,9.99990000099999e-06,0.40392619500730886,0.5171708920862804,0.5985097656249999,0.626849609375,-0.32091176752675454,-0.2558485272555401,-0.18928515625,-0.11351432291666667,,,,,,,,,,,,,0
d2_20_a,d2_20,a,native_all5,native,all5,f1,complete,complete,0.4546355938587237,0.6101041666666666,72.33741854666667,54.98558025451,22.098415015339143,0.2398736178422315,0.6945092117009553,-0.2849957971030296,-0.15648437500000023,30,40,0.404507626064179,0.521114628292912,0.5954934895833333,0.6245592447916667,9.99990000099999e-06,9.99990000099999e-06,0.4107567317977606,0.5253019781159772,0.5961959635416667,0.6242714843750001,-0.3275836928682488,-0.26607700584408617,-0.19159114583333337,-0.115310546875,,,,,,,,,,,,,0
d2_20_a,d2_20,a,native_all5,native,all5,artifact_peak_ratio,complete,complete,0.4467827853802707,0.6055729166666667,72.33741854666667,56.237660056901404,23.918546711403216,0.22256473638714258,0.6693475217674132,-0.27714298862457665,-0.1610156250000001,30,40,0.3930805923170246,0.5202402216493386,0.5908333333333332,0.6198177083333333,9.99990000099999e-06,9.99990000099999e-06,0.39945932685387897,0.5219560625699912,0.5914309895833333,0.619662109375,-0.33344793608606976,-0.25152949374650135,-0.196888671875,-0.11947265625000004,,,,,,,,,,,,,0
d2_20_a,d2_20,a,native_all5,native,all5,missing_peak_ratio,complete,complete,0.44654407909535354,0.6123958333333334,72.33741854666667,54.59269958037083,22.29085363131441,0.24530484115697715,0.6918489202523308,-0.27690428233965947,-0.15419270833333343,30,40,0.3970790624203553,0.5139154019535268,0.5974739583333333,0.6267467447916666,9.99990000099999e-06,9.99990000099999e-06,0.40392619500730886,0.5171708920862804,0.5985097656249999,0.626849609375,-0.32091176752675454,-0.2558485272555401,-0.18928515625,-0.11351432291666667,,,,,,,,,,,,,0
d2_20_a,d2_20,a,native_no_axis,native,no_axis,mse,complete,complete,0.24735400613345973,0.6990451388888889,49.07202291111112,28.79710139806079,16.658939941924533,0.4131666132813854,0.6605206194148451,0.0,0.0,30,24,,,,,,,0.19080501219320886,0.3131962138884629,0.6711805555555556,0.7251736111111111,0.0,0.0,0.0,0.0,,,,,,,,,,,,,0
d2_20_a,d2_20,a,native_no_axis,native,no_axis,rmse,complete,complete,0.24739401056191257,0.7019965277777778,49.07202291111112,28.79710139806079,16.65697684369495,0.4131666132813854,0.660560623843298,-4.0004428452838914e-05,0.002951388888888906,30,24,,,,,,,0.1912345228989705,0.3131967207201328,0.6723958333333333,0.7284722222222222,-0.0008341824226146217,0.0019203828853181946,-0.0010416666666666797,0.009548611111111105,0.8631713682863171,0.5004549954500455,0.8631713682863171,0.5004549954500455,1.0,1.0,other_metrics_secondary_726,other_metrics_secondary_726,726,726,703,638,0
d2_20_a,d2_20,a,native_no_axis,native,no_axis,mae,complete,complete,0.2367685232805523,0.7386284722222222,49.07202291111112,28.21913156771174,16.60042116865853,0.424944603999151,0.6617131272797032,0.010585482852907419,0.039583333333333304,30,24,,,,,,,0.18332562489030274,0.2980901338198859,0.7107552083333333,0.7594661458333334,0.001630768934307697,0.021135812948157872,0.02421657986111111,0.054600694444444445,0.015179848201517986,5.999940000599994e-05,0.015179848201517986,5.999940000599994e-05,1.0,0.022199778002219978,other_metrics_secondary_726,other_metrics_secondary_726,726,726,477,358,0
d2_20_a,d2_20,a,native_no_axis,native,no_axis,sam,complete,complete,0.25600627683832106,0.6931423611111112,49.07202291111112,30.84028356028548,18.277537677887135,0.37153021761198923,0.6275364944503103,-0.008652270704861326,-0.005902777777777701,30,24,,,,,,,0.20540840818625386,0.32538336080804536,0.6655381944444444,0.7197916666666667,-0.027510021086496056,0.0012730768646766562,-0.01692708333333334,0.0044292534722222094,0.2877571224287757,0.3025569744302557,0.2877571224287757,0.3025569744302557,1.0,1.0,other_metrics_secondary_726,other_metrics_secondary_726,726,726,599,604,0
d2_20_a,d2_20,a,native_no_axis,native,no_axis,pearson_r,complete,complete,0.24449335604530228,0.6995659722222222,49.07202291111112,29.82170143515665,17.82391786568713,0.3922870983090392,0.6367804543543414,0.002860650088157446,0.0005208333333333037,30,24,,,,,,,0.19153936017128917,0.31076038430166286,0.676213107638889,0.7215342881944445,-0.007040549019921379,0.011549758559165247,-0.01449652777777779,0.015451388888888884,0.4949650503494965,0.953990460095399,0.4949650503494965,0.953990460095399,1.0,1.0,other_metrics_secondary_726,other_metrics_secondary_726,726,726,635,712,0
d2_20_a,d2_20,a,native_no_axis,native,no_axis,nmse,complete,complete,0.20995632267263567,0.6916666666666667,49.07202291111112,30.254020317948722,19.951038841424506,0.38347721322288375,0.5934335358955194,0.03739768346082406,-0.00737847222222221,30,24,,,,,,,0.15851067863608753,0.2755507723569479,0.6641471354166666,0.7190104166666665,0.024614890952341966,0.05023479676416073,-0.015972222222222228,-0.0009548611111111196,4.999950000499995e-05,0.022599774002259976,4.999950000499995e-05,0.022599774002259976,0.01864981350186498,1.0,other_metrics_secondary_726,other_metrics_secondary_726,726,726,356,492,0
d2_20_a,d2_20,a,native_no_axis,native,no_axis,wasserstein_1_cm1,complete,complete,0.06018193242524798,0.8297743055555556,49.07202291111112,22.264298119530693,19.311048952723983,0.5462934519764926,0.6064753844017405,0.18717207370821176,0.13072916666666679,30,24,,,,,,,0.046612811280950954,0.08414635518133246,0.7696158854166668,0.8704058159722221,0.12971477016548075,0.24304744969653835,0.08124782986111112,0.17257161458333334,1.999980000199998e-05,9.99990000099999e-06,1.999980000199998e-05,9.99990000099999e-06,0.0009199908000919991,0.0006599934000659994,w1_axis_primary_66,w1_axis_primary_66,66,66,25,7,0
d2_20_a,d2_20,a,native_no_axis,native,no_axis,is_like_structure_to_noise,complete,complete,0.220026661052874,0.1802951388888889,49.07202291111112,49.07202291111111,38.2748695588692,1.1102230246251565e-16,0.22002666105287416,0.027327345080585735,-0.5187499999999999,30,24,,,,,,,0.17134188897509187,0.28455371203743773,0.14895833333333333,0.2326410590277778,0.0009609871457592671,0.04867150784138969,-0.56875,-0.4429622395833334,0.032239677603223965,9.99990000099999e-06,0.032239677603223965,9.99990000099999e-06,1.0,0.007259927400725993,other_metrics_secondary_726,other_metrics_secondary_726,726,726,501,110,0
d2_20_a,d2_20,a,native_no_axis,native,no_axis,precision,complete,complete,0.5264280601015326,0.30824652777777783,49.07202291111112,46.3278102116933,20.494920385339107,0.05592214334405332,0.5823502034455859,-0.27907405396807294,-0.390798611111111,30,24,,,,,,,0.4470572121864837,0.6494630371772132,0.26839626736111105,0.36112847222222205,-0.35002003295270234,-0.2475900927749925,-0.4395855034722222,-0.319767795138889,9.99990000099999e-06,9.99990000099999e-06,9.99990000099999e-06,9.99990000099999e-06,0.007259927400725993,0.007259927400725993,other_metrics_secondary_726,other_metrics_secondary_726,726,726,113,114,0
d2_20_a,d2_20,a,native_no_axis,native,no_axis,recall,complete,complete,0.5185372861594888,0.32543402777777775,49.07202291111112,44.31290089193412,18.867227305250303,0.09698238908548062,0.6155196752449694,-0.2711832800260291,-0.3736111111111111,30,24,,,,,,,0.44280842166781376,0.6316315985284227,0.2863715277777778,0.3761284722222222,-0.3308770091454866,-0.24065492756151202,-0.4210959201388889,-0.30674913194444453,9.99990000099999e-06,9.99990000099999e-06,9.99990000099999e-06,9.99990000099999e-06,0.007259927400725993,0.007259927400725993,other_metrics_secondary_726,other_metrics_secondary_726,726,726,115,116,0
d2_20_a,d2_20,a,native_no_axis,native,no_axis,f1,complete,complete,0.5324496159334466,0.31779513888888894,49.07202291111112,44.803168441373444,18.674788689275033,0.08699161388700571,0.6194412298204524,-0.28509560979998694,-0.3812499999999999,30,24,,,,,,,0.4582009398947722,0.647245631259837,0.27959418402777775,0.36935763888888895,-0.34216579328730323,-0.257822561612204,-0.42864800347222215,-0.31327473958333335,9.99990000099999e-06,9.99990000099999e-06,9.99990000099999e-06,9.99990000099999e-06,0.007259927400725993,0.007259927400725993,other_metrics_secondary_726,other_metrics_secondary_726,726,726,108,109,0
d2_20_a,d2_20,a,native_no_axis,native,no_axis,artifact_peak_ratio,complete,complete,0.5264280601015326,0.30824652777777783,49.07202291111112,46.3278102116933,20.494920385339107,0.05592214334405332,0.5823502034455859,-0.27907405396807294,-0.390798611111111,30,24,,,,,,,0.4470572121864837,0.6494630371772132,0.26839626736111105,0.36112847222222205,-0.35002003295270234,-0.2475900927749925,-0.4395855034722222,-0.319767795138889,9.99990000099999e-06,9.99990000099999e-06,9.99990000099999e-06,9.99990000099999e-06,0.007259927400725993,0.007259927400725993,other_metrics_secondary_726,other_metrics_secondary_726,726,726,106,107,0
d2_20_a,d2_20,a,native_no_axis,native,no_axis,missing_peak_ratio,complete,complete,0.5185372861594888,0.32543402777777775,49.07202291111112,44.31290089193412,18.867227305250303,0.09698238908548062,0.6155196752449694,-0.2711832800260291,-0.3736111111111111,30,24,,,,,,,0.44280842166781376,0.6316315985284227,0.2863715277777778,0.3761284722222222,-0.3308770091454866,-0.24065492756151202,-0.4210959201388889,-0.30674913194444453,9.99990000099999e-06,9.99990000099999e-06,9.99990000099999e-06,9.99990000099999e-06,0.007259927400725993,0.007259927400725993,other_metrics_secondary_726,other_metrics_secondary_726,726,726,111,112,0
d2_20_a,d2_20,a,common_grid_all5,common_grid,all5,mse,complete,complete,0.2193690985349494,0.7467708333333334,72.33741854666667,36.14185371886207,20.273259421934476,0.5003712539790722,0.7197403525140216,0.0,0.0,30,40,,,,,,,0.17990638653445715,0.2657393946366732,0.7149199218749999,0.7750553385416666,0.0,0.0,0.0,0.0,,,,,,,,,,,,,0
d2_20_a,d2_20,a,common_grid_all5,common_grid,all5,rmse,complete,complete,0.2187160352882049,0.7481770833333334,72.33741854666667,36.09312454136257,20.271771153852175,0.5010448911986264,0.7197609264868312,0.0006530632467444952,0.0014062500000000533,30,40,,,,,,,0.17990651338276503,0.26537131858564345,0.7161438802083335,0.7758098958333333,-0.00048574302737584217,0.0025252747494636076,0.00026041666666667035,0.002864583333333337,0.4253257467425326,0.015629843701562986,0.4253257467425326,0.015629843701562986,1.0,1.0,other_metrics_secondary_726,other_metrics_secondary_726,726,726,622,478,0
d2_20_a,d2_20,a,common_grid_all5,common_grid,all5,mae,complete,complete,0.20212231983264223,0.7698958333333333,72.33741854666667,34.83595660302589,20.214949755668826,0.5184241115743943,0.7205464314070364,0.017246778702307175,0.02312499999999995,30,40,,,,,,,0.1666468327265431,0.24575634760162615,0.7359889322916666,0.7986718750000001,0.009463359581598836,0.024870051013902987,0.017708333333333343,0.02817838541666668,0.007039929600703993,9.99990000099999e-06,0.007039929600703993,9.99990000099999e-06,1.0,0.007259927400725993,other_metrics_secondary_726,other_metrics_secondary_726,726,726,455,87,0
d2_20_a,d2_20,a,common_grid_all5,common_grid,all5,sam,complete,complete,0.22592479699252785,0.7459375,72.33741854666667,38.096814309161864,21.75399770904268,0.4733456753839693,0.6992704723764972,-0.006555698457578446,-0.0008333333333333526,30,40,,,,,,,0.19542910987908188,0.2687515881477549,0.7139322916666665,0.7741145833333332,-0.02538754064721691,0.004930743284386021,-0.0028645833333333297,0.0012500000000000048,0.48689513104868953,0.4866951330486695,0.48689513104868953,0.4866951330486695,1.0,1.0,other_metrics_secondary_726,other_metrics_secondary_726,726,726,633,632,0
d2_20_a,d2_20,a,common_grid_all5,common_grid,all5,pearson_r,complete,complete,0.31137147864785863,0.7264062499999998,72.33741854666667,43.87683437399955,21.353025399554916,0.3934420766522998,0.7048135553001584,-0.09200238011290923,-0.020364583333333575,30,40,,,,,,,0.24864954970253583,0.3801454913201555,0.6950247395833333,0.7558339843750002,-0.12540856707649725,-0.0599636694825128,-0.03239713541666667,-0.009738281249999998,0.00026999730002699973,0.0011599884001159987,0.00026999730002699973,0.0011599884001159987,0.08909910900890991,0.3526364736352636,other_metrics_secondary_726,other_metrics_secondary_726,726,726,397,423,0
d2_20_a,d2_20,a,common_grid_all5,common_grid,all5,nmse,complete,complete,0.2064739946713824,0.7461458333333334,72.33741854666667,37.745528381269125,22.809732609723113,0.4782018885990721,0.6846758832704545,0.012895103863567015,-0.0006249999999999867,30,40,,,,,,,0.17600732584407827,0.25006539528878585,0.7142421875000001,0.7739602864583333,-0.005136986450157301,0.020595206484225335,-0.002239583333333321,0.0007291666666666697,0.06574934250657494,0.5292547074529255,0.06574934250657494,0.5292547074529255,1.0,1.0,other_metrics_secondary_726,other_metrics_secondary_726,726,726,521,650,0
d2_20_a,d2_20,a,common_grid_all5,common_grid,all5,wasserstein_1_cm1,complete,complete,0.045780218385760796,0.8222916666666665,72.33741854666667,26.046393287278125,22.73477046874954,0.6399319493206003,0.6857121677063611,0.1735888801491886,0.07552083333333315,30,40,,,,,,,0.03520538027015594,0.06740228794148598,0.7711829427083334,0.8583079427083333,0.12616231489985497,0.22023894723246074,0.034686197916666675,0.11182291666666669,4.999950000499995e-05,0.0006899931000689993,4.999950000499995e-05,0.0006899931000689993,0.001899981000189998,0.014959850401495986,w1_axis_primary_66,w1_axis_primary_66,66,66,29,46,0
d2_20_a,d2_20,a,common_grid_all5,common_grid,all5,is_like_structure_to_noise,complete,complete,0.41770256557693286,0.4026041666666666,72.33741854666667,72.33741854666667,42.121893232511596,0.0,0.41770256557693286,-0.19833346704198346,-0.3441666666666668,30,40,,,,,,,0.34008277606238213,0.5063836920164907,0.3710631510416666,0.4352102864583333,-0.2508200860423675,-0.15177673325238988,-0.39776822916666665,-0.28217968750000005,4.999950000499995e-05,9.99990000099999e-06,4.999950000499995e-05,9.99990000099999e-06,0.01864981350186498,0.007259927400725993,other_metrics_secondary_726,other_metrics_secondary_726,726,726,355,86,0
d2_20_a,d2_20,a,common_grid_all5,common_grid,all5,precision,complete,complete,0.6726991128643665,0.37229166666666663,72.33741854666667,71.50868960306688,22.847372319825844,0.01145643513757888,0.6841555480019454,-0.45333001432941705,-0.37447916666666675,30,40,,,,,,,0.5964635925023438,0.7762968741848664,0.3412747395833333,0.4124557291666666,-0.518957152811921,-0.41051129638575073,-0.4084374999999999,-0.31713151041666676,9.99990000099999e-06,9.99990000099999e-06,9.99990000099999e-06,9.99990000099999e-06,0.007259927400725993,0.007259927400725993,other_metrics_secondary_726,other_metrics_secondary_726,726,726,90,91,0
d2_20_a,d2_20,a,common_grid_all5,common_grid,all5,recall,complete,complete,0.6658498518893884,0.37859375000000006,72.33741854666667,70.62564425161477,22.459784826256076,0.023663745948406922,0.6895135978377953,-0.446480753354439,-0.3681770833333333,30,40,,,,,,,0.5772486883540021,0.7783789380800972,0.34971289062499994,0.41573958333333333,-0.5206446508181106,-0.39264924954081953,-0.40234374999999994,-0.31286197916666675,9.99990000099999e-06,9.99990000099999e-06,9.99990000099999e-06,9.99990000099999e-06,0.007259927400725993,0.007259927400725993,other_metrics_secondary_726,other_metrics_secondary_726,726,726,92,93,0
d2_20_a,d2_20,a,common_grid_all5,common_grid,all5,f1,complete,complete,0.6714943185918036,0.3753125,72.33741854666667,71.15362799907999,22.579462423395952,0.01636484369183,0.6878591622836336,-0.45212522005685424,-0.3714583333333334,30,40,,,,,,,0.5897014405831421,0.7807371444358071,0.34536263020833335,0.41460937499999984,-0.5221655960298331,-0.40544542577919046,-0.4058333333333333,-0.3148841145833335,9.99990000099999e-06,9.99990000099999e-06,9.99990000099999e-06,9.99990000099999e-06,0.007259927400725993,0.007259927400725993,other_metrics_secondary_726,other_metrics_secondary_726,726,726,84,85,0
d2_20_a,d2_20,a,common_grid_all5,common_grid,all5,artifact_peak_ratio,complete,complete,0.6726991128643665,0.37229166666666663,72.33741854666667,71.50868960306688,22.847372319825844,0.01145643513757888,0.6841555480019454,-0.45333001432941705,-0.37447916666666675,30,40,,,,,,,0.5964635925023438,0.7762968741848664,0.3412747395833333,0.4124557291666666,-0.518957152811921,-0.41051129638575073,-0.4084374999999999,-0.31713151041666676,9.99990000099999e-06,9.99990000099999e-06,9.99990000099999e-06,9.99990000099999e-06,0.007259927400725993,0.007259927400725993,other_metrics_secondary_726,other_metrics_secondary_726,726,726,82,83,0
d2_20_a,d2_20,a,common_grid_all5,common_grid,all5,missing_peak_ratio,complete,complete,0.6658498518893884,0.37859375000000006,72.33741854666667,70.62564425161477,22.459784826256076,0.023663745948406922,0.6895135978377953,-0.446480753354439,-0.3681770833333333,30,40,,,,,,,0.5772486883540021,0.7783789380800972,0.34971289062499994,0.41573958333333333,-0.5206446508181106,-0.39264924954081953,-0.40234374999999994,-0.31286197916666675,9.99990000099999e-06,9.99990000099999e-06,9.99990000099999e-06,9.99990000099999e-06,0.007259927400725993,0.007259927400725993,other_metrics_secondary_726,other_metrics_secondary_726,726,726,88,89,0
d2_20_a,d2_20,a,common_grid_no_axis,common_grid,no_axis,mse,complete,complete,0.24918775583299452,0.6705729166666665,49.07202291111112,28.887362719615318,16.659215456210248,0.4113272490938109,0.6605150049268055,0.0,0.0,30,24,,,,,,,0.19437008339892253,0.3173749054558632,0.6488715277777778,0.6916688368055556,0.0,0.0,0.0,0.0,,,,,,,,,,,,,0
d2_20_a,d2_20,a,common_grid_no_axis,common_grid,no_axis,rmse,complete,complete,0.2489829186510444,0.674392361111111,49.07202291111112,28.875072332214316,16.65697684369495,0.41157770519225356,0.660560623843298,0.00020483718195010714,0.0038194444444444864,30,24,,,,,,,0.19454440637181003,0.3174703344537808,0.6526888020833332,0.6950520833333332,-0.0015017100846304156,0.0030125679168182097,0.0,0.008680555555555565,0.7982720172798272,0.24791752082479176,0.7982720172798272,0.24791752082479176,1.0,1.0,other_metrics_secondary_726,other_metrics_secondary_726,726,726,696,590,0
d2_20_a,d2_20,a,common_grid_no_axis,common_grid,no_axis,mae,complete,complete,0.2359997870307618,0.7344618055555555,49.07202291111112,28.18140812484942,16.60042116865853,0.4257133402489415,0.6617131272797032,0.013187968802232719,0.063888888888889,30,24,,,,,,,0.18257293874368125,0.3012759165255218,0.7062413194444445,0.7558181423611112,0.005855737637820212,0.023953196269594152,0.04878038194444445,0.07795138888888889,0.03251967480325197,9.99990000099999e-06,0.03251967480325197,9.99990000099999e-06,1.0,0.007259927400725993,other_metrics_secondary_726,other_metrics_secondary_726,726,726,502,99,0
d2_20_a,d2_20,a,common_grid_no_axis,common_grid,no_axis,sam,complete,complete,0.2732202291582922,0.6778645833333332,49.07202291111112,31.584395119378097,18.176925774343353,0.35636655581552135,0.6295867849738135,-0.024032473325297676,0.007291666666666696,30,24,,,,,,,0.22770972681141277,0.3410132942687085,0.6557269965277778,0.699045138888889,-0.043251575266432994,-0.011083367002018655,0.003472222222222221,0.012152777777777787,0.03093969060309397,0.0017799822001779981,0.03093969060309397,0.0017799822001779981,1.0,0.5286547134528654,other_metrics_secondary_726,other_metrics_secondary_726,726,726,498,430,0
d2_20_a,d2_20,a,common_grid_no_axis,common_grid,no_axis,pearson_r,complete,complete,0.24639922672641087,0.6931423611111112,49.07202291111112,29.92211421544232,17.830805716243823,0.39024086556115434,0.6366400922875652,0.0027885291065836426,0.022569444444444642,30,24,,,,,,,0.19362668559104534,0.3130372480509555,0.6722157118055556,0.7138042534722222,-0.0037094139724219667,0.013307250247841762,0.011805555555555569,0.03246961805555553,0.5966240337596624,0.0003599964000359996,0.5966240337596624,0.0003599964000359996,1.0,0.11663883361166388,other_metrics_secondary_726,other_metrics_secondary_726,726,726,655,403,0
d2_20_a,d2_20,a,common_grid_no_axis,common_grid,no_axis,nmse,complete,complete,0.25216378633559133,0.6719618055555554,49.07202291111112,31.608618856928842,19.234431756516177,0.3558729193988074,0.6080367057343987,-0.002976030502596816,0.001388888888888884,30,24,,,,,,,0.20476753588277777,0.3247662266575767,0.6502604166666667,0.6925390625,-0.02475742803511361,0.0037849911902430953,0.0,0.004166666666666674,0.6510834891651084,1.0,0.6510834891651084,1.0,1.0,1.0,other_metrics_secondary_726,other_metrics_secondary_726,726,726,666,721,0
d2_20_a,d2_20,a,common_grid_no_axis,common_grid,no_axis,wasserstein_1_cm1,complete,complete,0.060464829599452,0.830295138888889,49.07202291111112,22.262030973687928,19.29489947026719,0.5463396523511311,0.6068044819505831,0.18872292623354253,0.15972222222222243,30,24,,,,,,,0.04651536409838209,0.08435693682441885,0.7703125,0.8708376736111111,0.13260452624354477,0.24801118257272728,0.10520399305555556,0.20521701388888883,9.99990000099999e-06,9.99990000099999e-06,9.99990000099999e-06,9.99990000099999e-06,0.0006599934000659994,0.0006599934000659994,w1_axis_primary_66,w1_axis_primary_66,66,66,5,6,0
d2_20_a,d2_20,a,common_grid_no_axis,common_grid,no_axis,is_like_structure_to_noise,complete,complete,0.21996580815106015,0.1808159722222222,49.07202291111112,49.07202291111111,38.277855733861216,1.1102230246251565e-16,0.21996580815106026,0.029221947681934368,-0.4897569444444443,30,24,,,,,,,0.17134188897509187,0.28448373935562477,0.14973741319444445,0.23194878472222222,0.005255788360835306,0.05195885687852345,-0.5345486111111111,-0.42186631944444447,0.02101978980210198,9.99990000099999e-06,0.02101978980210198,9.99990000099999e-06,1.0,0.007259927400725993,other_metrics_secondary_726,other_metrics_secondary_726,726,726,488,98,0
d2_20_a,d2_20,a,common_grid_no_axis,common_grid,no_axis,precision,complete,complete,0.5376990318904543,0.3098090277777778,49.07202291111112,45.827744028851114,19.44176481664047,0.06611259715411932,0.6038116290445736,-0.2885112760574598,-0.3607638888888887,30,24,,,,,,,0.4660350911759077,0.6494314361821469,0.26986979166666675,0.36286458333333327,-0.34643046775603714,-0.26096323103076957,-0.40034722222222213,-0.29913194444444446,9.99990000099999e-06,9.99990000099999e-06,9.99990000099999e-06,9.99990000099999e-06,0.007259927400725993,0.007259927400725993,other_metrics_secondary_726,other_metrics_secondary_726,726,726,102,103,0
d2_20_a,d2_20,a,common_grid_no_axis,common_grid,no_axis,recall,complete,complete,0.5136365371243269,0.32543402777777786,49.07202291111112,44.30074437746226,19.09556045971351,0.09723011709322715,0.610866654217554,-0.26444878129133237,-0.34513888888888866,30,24,,,,,,,0.4321508798093519,0.630076433228037,0.28715060763888894,0.37561631944444446,-0.3230160820972893,-0.22917592373898893,-0.3824696180555555,-0.2876692708333334,9.99990000099999e-06,9.99990000099999e-06,9.99990000099999e-06,9.99990000099999e-06,0.007259927400725993,0.007259927400725993,other_metrics_secondary_726,other_metrics_secondary_726,726,726,104,105,0
d2_20_a,d2_20,a,common_grid_no_axis,common_grid,no_axis,f1,complete,complete,0.5225366633826877,0.31866319444444446,49.07202291111112,44.8316362585327,19.18970514112189,0.08641149072373566,0.6089481541064232,-0.27334890754969315,-0.35190972222222205,30,24,,,,,,,0.4503066900006145,0.6404316411895357,0.2800303819444444,0.37022569444444436,-0.32902972680334625,-0.2471913650140441,-0.3899305555555556,-0.2925260416666667,9.99990000099999e-06,9.99990000099999e-06,9.99990000099999e-06,9.99990000099999e-06,0.007259927400725993,0.007259927400725993,other_metrics_secondary_726,other_metrics_secondary_726,726,726,96,97,0
d2_20_a,d2_20,a,common_grid_no_axis,common_grid,no_axis,artifact_peak_ratio,complete,complete,0.5376990318904543,0.3098090277777778,49.07202291111112,45.827744028851114,19.44176481664047,0.06611259715411932,0.6038116290445736,-0.2885112760574598,-0.3607638888888887,30,24,,,,,,,0.4660350911759077,0.6494314361821469,0.26986979166666675,0.36286458333333327,-0.34643046775603714,-0.26096323103076957,-0.40034722222222213,-0.29913194444444446,9.99990000099999e-06,9.99990000099999e-06,9.99990000099999e-06,9.99990000099999e-06,0.007259927400725993,0.007259927400725993,other_metrics_secondary_726,other_metrics_secondary_726,726,726,94,95,0
d2_20_a,d2_20,a,common_grid_no_axis,common_grid,no_axis,missing_peak_ratio,complete,complete,0.5136365371243269,0.32543402777777786,49.07202291111112,44.30074437746226,19.09556045971351,0.09723011709322715,0.610866654217554,-0.26444878129133237,-0.34513888888888866,30,24,,,,,,,0.4321508798093519,0.630076433228037,0.28715060763888894,0.37561631944444446,-0.3230160820972893,-0.22917592373898893,-0.3824696180555555,-0.2876692708333334,9.99990000099999e-06,9.99990000099999e-06,9.99990000099999e-06,9.99990000099999e-06,0.007259927400725993,0.007259927400725993,other_metrics_secondary_726,other_metrics_secondary_726,726,726,100,101,0
d2_20_b,d2_20,b,native_all5,native,all5,mse,complete,complete,0.3709867314878044,0.7807552083333333,67.56042023666666,41.64150558321064,16.577486101667155,0.38364051855599923,0.7546272500438036,0.0,0.0,30,40,0.31553770445999213,0.42702038138981946,0.7418886718750001,0.8136751302083333,,,0.31649923236336575,0.4277962080772455,0.7441647135416666,0.8144036458333334,0.0,0.0,0.0,0.0,,,,,,,,,,,,,0
d2_20_b,d2_20,b,native_all5,native,all5,rmse,complete,complete,0.3710267787528018,0.7804166666666666,67.56042023666666,41.64150558321064,16.574780491614604,0.38364051855599923,0.754667297308801,-4.004726499740041e-05,-0.00033854166666669183,30,40,0.3164045727900671,0.42708253280057995,0.7411575520833333,0.8135201822916663,0.8991410085899141,0.32080679193208067,0.31687388751080636,0.4277962080772455,0.7437207031249999,0.8140904947916665,-0.0024665603796776513,3.743611453486666e-05,-0.0008600260416666672,0.00026041666666667593,,,,,,,,,,,,,0
d2_20_b,d2_20,b,native_all5,native,all5,mae,complete,complete,0.3746704932297833,0.7777864583333334,67.56042023666666,41.880049425869736,16.567153452986407,0.380109696192499,0.7547801894222823,-0.003683761741978875,-0.0029687499999999645,30,40,0.3218636270787764,0.4305637091061917,0.73809765625,0.8102636718750001,0.17965820341796582,0.0026199738002619976,0.3235833069713399,0.43191374894981144,0.7412207031249999,0.8110442708333333,-0.014006361933838663,-0.0004699805096796508,-0.004531249999999992,-0.0012233072916666616,,,,,,,,,,,,,0
d2_20_b,d2_20,b,native_all5,native,all5,sam,complete,complete,0.3540886411160671,0.7786197916666667,67.56042023666666,42.46280567158847,18.54042827675673,0.37148399132451093,0.725572632440578,0.01689809037173734,-0.002135416666666612,30,40,0.30282847954866354,0.4109996275661344,0.7390885416666669,0.8113541666666665,0.03280967190328097,0.18322816771832282,0.301955826832109,0.41221333876028565,0.7423697916666666,0.8118229166666666,0.0005149042077215006,0.03168733802340967,-0.005052083333333331,0.0007812500000000003,,,,,,,,,,,,,0
d2_20_b,d2_20,b,native_all5,native,all5,pearson_r,complete,complete,0.3618149010705993,0.7770052083333333,67.56042023666666,41.903905322626656,17.459538558408994,0.37975659156891384,0.7415714926395132,0.009171830417205096,-0.003750000000000031,30,40,0.3101432515072188,0.41733120439180466,0.7377591145833333,0.8095579427083331,0.09684903150968491,0.057969420305796944,0.3074242460608356,0.4179092061941308,0.74083203125,0.8098183593750001,0.0007946539798229374,0.019467996991306514,-0.007111328125000003,-0.00010416666666667883,,,,,,,,,,,,,0
d2_20_b,d2_20,b,native_all5,native,all5,nmse,complete,complete,0.3550880743968808,0.7787760416666666,67.56042023666666,42.73683837093492,18.7469388436529,0.36742787831653223,0.7225159527134131,0.01589865709092364,-0.001979166666666754,30,40,0.30002088635615687,0.4087488283405307,0.73864453125,0.8121621093750001,0.06352936470635294,0.0002099979000209998,0.2983200653599798,0.4108579411140229,0.7415592447916667,0.8128398437500001,0.004285736858892688,0.03415018858372432,-0.0033339843750000066,-0.0008854166666666791,,,,,,,,,,,,,0
d2_20_b,d2_20,b,native_all5,native,all5,wasserstein_1_cm1,complete,complete,0.41748263282846837,0.729140625,67.56042023666666,47.29696851446149,19.09166639906016,0.2999308123191292,0.7174134451475975,-0.04649590134066395,-0.05161458333333335,30,40,0.35953676540105617,0.4895832938860203,0.7009075520833333,0.7531777343750001,0.004529954700452995,9.99990000099999e-06,0.3572146907882541,0.4906362979841092,0.701712890625,0.7541953124999999,-0.07577789059784337,-0.026677157952212354,-0.06539127604166665,-0.03752473958333334,,,,,,,,,,,,,0
d2_20_b,d2_20,b,native_all5,native,all5,is_like_structure_to_noise,complete,complete,0.4834382041276222,0.3804427083333333,67.56042023666666,62.92690479153287,30.265616562211278,0.06858328336180286,0.552021487489425,-0.11245147263981775,-0.4003125,30,40,0.4047483770184557,0.5571773823466033,0.3610371093750001,0.3986484375,0.00023999760002399976,9.99990000099999e-06,0.402647238896091,0.561770071806174,0.36104101562499996,0.39948046875,-0.14951735441281996,-0.07197412938216065,-0.4328170572916666,-0.36203971354166675,,,,,,,,,,,,,0
d2_20_b,d2_20,b,native_all5,native,all5,precision,complete,complete,0.4264714572163512,0.6830468749999999,67.56042023666666,46.748228388932006,17.935637520451714,0.30805302534869927,0.7345244825650505,-0.05548472572854679,-0.0977083333333334,30,40,0.38808549465343684,0.475901496329313,0.6490579427083333,0.7099511718749998,4.999950000499995e-05,9.99990000099999e-06,0.39195444274047175,0.4802597186517532,0.6531751302083334,0.7098196614583332,-0.09327618000623598,-0.03396010618662072,-0.11104361979166667,-0.0815846354166667,,,,,,,,,,,,,0
d2_20_b,d2_20,b,native_all5,native,all5,recall,complete,complete,0.4423344569418659,0.6822135416666666,67.56042023666666,47.25514499250431,17.37084319635412,0.3005498659278941,0.7428843228697599,-0.07134772545406148,-0.09854166666666675,30,40,0.40595104349248023,0.49174440977167483,0.6504388020833334,0.7075520833333331,9.99990000099999e-05,9.99990000099999e-06,0.406573956610551,0.4934288754584274,0.6533313802083335,0.7077910156249999,-0.11159178728288913,-0.04376309595336778,-0.11127669270833335,-0.08374869791666666,,,,,,,,,,,,,0
d2_20_b,d2_20,b,native_all5,native,all5,f1,complete,complete,0.42903582509367005,0.6841927083333332,67.56042023666666,46.602144727292924,17.61630408737956,0.3102152922666277,0.7392511173602978,-0.05804909360586563,-0.0965625000000001,30,40,0.3899690881434764,0.4778584731378761,0.651609375,0.7096627604166666,2.999970000299997e-05,9.99990000099999e-06,0.39313043362003264,0.48016055474051444,0.6548424479166667,0.7101054687500001,-0.09367103379910009,-0.034294991561089186,-0.109375,-0.08130013020833335,,,,,,,,,,,,,0
d2_20_b,d2_20,b,native_all5,native,all5,artifact_peak_ratio,complete,complete,0.4264714572163512,0.6830468749999999,67.56042023666666,46.748228388932006,17.935637520451714,0.30805302534869927,0.7345244825650505,-0.05548472572854679,-0.0977083333333334,30,40,0.38808549465343684,0.475901496329313,0.6490579427083333,0.7099511718749998,4.999950000499995e-05,9.99990000099999e-06,0.39195444274047175,0.4802597186517532,0.6531751302083334,0.7098196614583332,-0.09327618000623598,-0.03396010618662072,-0.11104361979166667,-0.0815846354166667,,,,,,,,,,,,,0
d2_20_b,d2_20,b,native_all5,native,all5,missing_peak_ratio,complete,complete,0.4423344569418659,0.6822135416666666,67.56042023666666,47.25514499250431,17.37084319635412,0.3005498659278941,0.7428843228697599,-0.07134772545406148,-0.09854166666666675,30,40,0.40595104349248023,0.49174440977167483,0.6504388020833334,0.7075520833333331,9.99990000099999e-05,9.99990000099999e-06,0.406573956610551,0.4934288754584274,0.6533313802083335,0.7077910156249999,-0.11159178728288913,-0.04376309595336778,-0.11127669270833335,-0.08374869791666666,,,,,,,,,,,,,0
d2_20_b,d2_20,b,native_no_axis,native,no_axis,mse,complete,complete,0.4820487523441978,0.620920138888889,51.97175955,41.36652971654397,16.313607868333825,0.2040575482777941,0.6861063006219918,0.0,0.0,30,24,,,,,,,0.3910672331976326,0.5830212115186246,0.6014713541666667,0.6419270833333333,0.0,0.0,0.0,0.0,,,,,,,,,,,,,0
d2_20_b,d2_20,b,native_no_axis,native,no_axis,rmse,complete,complete,0.48210081157936663,0.6197916666666666,51.97175955,41.36652971654397,16.310902258281274,0.2040575482777941,0.6861583598571607,-5.205923516882205e-05,-0.0011284722222223431,30,24,,,,,,,0.39210935550391945,0.5837016139782745,0.6003450520833333,0.6412348090277777,-0.0031019412661747762,4.883690934593255e-05,-0.002866753472222218,0.0008680555555555692,0.8991510084899151,0.32258677413225867,0.8991510084899151,0.32258677413225867,1.0,1.0,other_metrics_secondary_726,other_metrics_secondary_726,726,726,708,606,0
d2_20_b,d2_20,b,native_no_axis,native,no_axis,mae,complete,complete,0.4868374393829811,0.6110243055555554,51.97175955,41.60507355920307,16.303275219653077,0.19946767399367238,0.6863051133766535,-0.004788687038783268,-0.009895833333333548,30,24,,,,,,,0.39782812911103604,0.5910121665875304,0.5911458333333334,0.6319444444444444,-0.017985658091946324,-0.0006027854853354265,-0.015104166666666651,-0.004077690972222205,0.17966820331796682,0.002999970000299997,0.17966820331796682,0.002999970000299997,1.0,0.866991330086699,other_metrics_secondary_726,other_metrics_secondary_726,726,726,570,438,0
d2_20_b,d2_20,b,native_no_axis,native,no_axis,sam,complete,complete,0.4600821670948873,0.6138020833333334,51.97175955,42.187829804921805,18.2765500434234,0.1882547335282243,0.6483369006231117,0.0219665852493105,-0.007118055555555558,30,24,,,,,,,0.3721569199051726,0.5644788302551843,0.5914930555555556,0.6386349826388888,0.0007078802675856535,0.04088916662171141,-0.016840277777777777,0.002604166666666652,0.03288967110328897,0.18392816071839282,0.03288967110328897,0.18392816071839282,1.0,1.0,other_metrics_secondary_726,other_metrics_secondary_726,726,726,503,574,0
d2_20_b,d2_20,b,native_no_axis,native,no_axis,pearson_r,complete,complete,0.47012587879342493,0.6084201388888889,51.97175955,41.62892945595999,17.195660325075664,0.1990086574630897,0.6691345362565146,0.011922873550772872,-0.012500000000000067,30,24,,,,,,,0.3801788956215926,0.5719252460259692,0.5860199652777778,0.6339431423611112,0.0010102362434369113,0.02462398110752226,-0.023704427083333337,-0.00034722222222222435,0.09507904920950791,0.05817941820581794,0.09507904920950791,0.05817941820581794,1.0,1.0,other_metrics_secondary_726,other_metrics_secondary_726,726,726,534,513,0
d2_20_b,d2_20,b,native_no_axis,native,no_axis,nmse,complete,complete,0.4613813752232038,0.6143229166666665,51.97175955,42.46186250426825,18.48306061031957,0.1829820103855182,0.6443633856087221,0.02066737712099398,-0.006597222222222476,30,24,,,,,,,0.37119090289733636,0.5630893924065352,0.5939149305555556,0.6364583333333332,0.005499044198240884,0.04405639854725642,-0.011113281249999997,-0.002951388888888884,0.06388936110638893,0.0002899971000289997,0.06388936110638893,0.0002899971000289997,1.0,0.0951190488095119,other_metrics_secondary_726,other_metrics_secondary_726,726,726,519,399,0
d2_20_b,d2_20,b,native_no_axis,native,no_axis,wasserstein_1_cm1,complete,complete,0.539224654086566,0.5207465277777777,51.97175955,46.85505547555627,18.83060140993734,0.09845162293420429,0.6376762770207702,-0.05717590174236814,-0.10017361111111123,30,24,,,,,,,0.44016514360565673,0.6678160322710035,0.4885394965277778,0.5553841145833334,-0.09815712273391118,-0.03123926998221828,-0.13698133680555558,-0.06169921875000009,0.005739942600573995,9.99990000099999e-05,0.005739942600573995,9.99990000099999e-05,0.09183908160918391,0.0033999660003399966,w1_axis_primary_66,w1_axis_primary_66,66,66,51,33,0
d2_20_b,d2_20,b,native_no_axis,native,no_axis,is_like_structure_to_noise,complete,complete,0.4038690206708982,0.4440104166666667,51.97175955,50.99152196087985,30.00173832887795,0.01886096598628917,0.4227299866571874,0.07817973167329961,-0.1769097222222223,30,24,,,,,,,0.32190986582163,0.4966863301931975,0.4072048611111112,0.4784809027777777,0.056761198722599465,0.1051633612867362,-0.21996527777777775,-0.13689019097222227,0.0001999980000199998,9.99990000099999e-06,0.0001999980000199998,9.99990000099999e-06,0.06759932400675993,0.007259927400725993,other_metrics_secondary_726,other_metrics_secondary_726,726,726,389,125,0
d2_20_b,d2_20,b,native_no_axis,native,no_axis,precision,complete,complete,0.34218370023316313,0.6063368055555556,51.97175955,35.46288924524866,17.679000254801426,0.317650786652101,0.6598344868852641,0.13986505211103467,-0.014583333333333393,30,24,,,,,,,0.3076388373743871,0.4020547762426854,0.5665733506944444,0.642189670138889,0.05923597644949491,0.20387831099613926,-0.05868055555555555,0.025698784722222198,0.005159948400515995,0.5060849391506085,0.005159948400515995,0.5060849391506085,1.0,1.0,other_metrics_secondary_726,other_metrics_secondary_726,726,726,451,640,0
d2_20_b,d2_20,b,native_no_axis,native,no_axis,recall,complete,complete,0.35993480153743485,0.5952256944444444,51.97175955,35.82065088988436,17.11420593070383,0.310767016548233,0.6707018180856679,0.12211395080676296,-0.025694444444444575,30,24,,,,,,,0.3207577923085798,0.4203006573437682,0.5621506076388889,0.6276041666666665,0.04438492227655787,0.18330320519964793,-0.06232855902777777,0.007554253472222222,0.008159918400815992,0.15629843701562984,0.008159918400815992,0.15629843701562984,1.0,1.0,other_metrics_secondary_726,other_metrics_secondary_726,726,726,464,561,0
d2_20_b,d2_20,b,native_no_axis,native,no_axis,f1,complete,complete,0.3494142861210451,0.6014756944444445,51.97175955,35.51934208334712,17.359666821729263,0.31656456523902476,0.6659788513600697,0.13263446622315272,-0.019444444444444486,30,24,,,,,,,0.3125511836443955,0.4083313922010316,0.5644053819444446,0.6352452256944445,0.05735330756431243,0.19496891599881566,-0.06024739583333332,0.017102864583333325,0.005029949700502995,0.3352766472335277,0.005029949700502995,0.3352766472335277,1.0,1.0,other_metrics_secondary_726,other_metrics_secondary_726,726,726,449,611,0
d2_20_b,d2_20,b,native_no_axis,native,no_axis,artifact_peak_ratio,complete,complete,0.34218370023316313,0.6063368055555556,51.97175955,35.46288924524866,17.679000254801426,0.317650786652101,0.6598344868852641,0.13986505211103467,-0.014583333333333393,30,24,,,,,,,0.3076388373743871,0.4020547762426854,0.5665733506944444,0.642189670138889,0.05923597644949491,0.20387831099613926,-0.05868055555555555,0.025698784722222198,0.005159948400515995,0.5060849391506085,0.005159948400515995,0.5060849391506085,1.0,1.0,other_metrics_secondary_726,other_metrics_secondary_726,726,726,450,639,0
d2_20_b,d2_20,b,native_no_axis,native,no_axis,missing_peak_ratio,complete,complete,0.35993480153743485,0.5952256944444444,51.97175955,35.82065088988436,17.11420593070383,0.310767016548233,0.6707018180856679,0.12211395080676296,-0.025694444444444575,30,24,,,,,,,0.3207577923085798,0.4203006573437682,0.5621506076388889,0.6276041666666665,0.04438492227655787,0.18330320519964793,-0.06232855902777777,0.007554253472222222,0.008159918400815992,0.15629843701562984,0.008159918400815992,0.15629843701562984,1.0,1.0,other_metrics_secondary_726,other_metrics_secondary_726,726,726,463,560,0
d2_20_b,d2_20,b,common_grid_all5,common_grid,all5,mse,complete,complete,0.4323786640939038,0.6795052083333334,67.56042023666666,45.80755638477374,16.595872137221065,0.3219764438363739,0.7543551079302777,0.0,0.0,30,40,,,,,,,0.3590545843749576,0.49614300548874707,0.6571868489583332,0.7020846354166665,0.0,0.0,0.0,0.0,,,,,,,,,,,,,0
d2_20_b,d2_20,b,common_grid_all5,common_grid,all5,rmse,complete,complete,0.4321834686526794,0.6808072916666668,67.56042023666666,45.772717587052085,16.574220825536813,0.3224921125903516,0.754675581243031,0.0001951954412243717,0.0013020833333333703,30,40,,,,,,,0.3599127128815947,0.4960612383477203,0.6585930989583333,0.7035429687500001,-0.002207712664736898,0.0021643346262368818,0.00026041666666667035,0.0026562500000000006,0.8346716532834672,0.015629843701562986,0.8346716532834672,0.015629843701562986,1.0,1.0,other_metrics_secondary_726,other_metrics_secondary_726,726,726,700,479,0
d2_20_b,d2_20,b,common_grid_all5,common_grid,all5,mae,complete,complete,0.436757321842354,0.6764322916666665,67.56042023666666,46.07416266053764,16.566654455427134,0.3180302535250945,0.7547875753674484,-0.004378657748450199,-0.0030729166666668695,30,40,,,,,,,0.36968332762908634,0.5046201536997406,0.6535664062500001,0.6994042968749999,-0.02426508497136919,-0.0023327939666016873,-0.006197916666666674,-0.00015625000000000944,0.2853171468285317,0.06637933620663794,0.2853171468285317,0.06637933620663794,1.0,1.0,other_metrics_secondary_726,other_metrics_secondary_726,726,726,598,523,0
d2_20_b,d2_20,b,common_grid_all5,common_grid,all5,sam,complete,complete,0.37208830102579454,0.6770052083333333,67.56042023666666,43.77710586336024,18.638663880910237,0.3520302906641579,0.7241185916899524,0.060290363068109254,-0.0025000000000000577,30,40,,,,,,,0.30970034755014086,0.4418733411814405,0.65489453125,0.6997415364583334,0.03719495763304304,0.06855045002730713,-0.00437500000000001,-0.000677083333333328,2.999970000299997e-05,0.020559794402055978,2.999970000299997e-05,0.020559794402055978,0.011639883601163989,1.0,other_metrics_secondary_726,other_metrics_secondary_726,726,726,345,487,0
d2_20_b,d2_20,b,common_grid_all5,common_grid,all5,pearson_r,complete,complete,0.5120031891734688,0.6367447916666668,67.56042023666666,52.06511902971819,17.473968406645106,0.22935471911909155,0.7413579082925603,-0.07962452507956497,-0.042760416666666634,30,40,,,,,,,0.4225257260702564,0.596667041585771,0.6140885416666666,0.6608346354166666,-0.10883772326360244,-0.057221947148617815,-0.05338541666666665,-0.03265234375000001,0.00021999780002199978,9.99990000099999e-06,0.00021999780002199978,9.99990000099999e-06,0.07369926300736993,0.007259927400725993,other_metrics_secondary_726,other_metrics_secondary_726,726,726,392,121,0
d2_20_b,d2_20,b,common_grid_all5,common_grid,all5,nmse,complete,complete,0.3449520017867607,0.6792968749999999,67.56042023666666,41.775953758325954,18.470851556133013,0.3816504750565014,0.7266024768432622,0.08742666230714308,-0.00020833333333347692,30,40,,,,,,,0.29122329975091055,0.40626761785239557,0.6567428385416667,0.7021367187500002,0.05551937062772163,0.10276648340620563,-0.0018229166666666667,0.001093749999999997,9.99990000099999e-05,0.8058319416805831,9.99990000099999e-05,0.8058319416805831,0.03599964000359996,1.0,other_metrics_secondary_726,other_metrics_secondary_726,726,726,369,698,0
d2_20_b,d2_20,b,common_grid_all5,common_grid,all5,wasserstein_1_cm1,complete,complete,0.41489769981476354,0.7399218750000001,67.56042023666666,47.11683720642703,19.086174251715228,0.3025970377126874,0.717494737527451,0.017480964279140254,0.060416666666666674,30,40,,,,,,,0.35580951101200936,0.48776122826592694,0.7110611979166667,0.7654967447916665,-0.019684012432783105,0.03423126603298705,0.04510416666666666,0.0748997395833333,0.17610823891761082,9.99990000099999e-06,0.17610823891761082,9.99990000099999e-06,1.0,0.0006599934000659994,w1_axis_primary_66,w1_axis_primary_66,66,66,58,8,0
d2_20_b,d2_20,b,common_grid_all5,common_grid,all5,is_like_structure_to_noise,complete,complete,0.48343015230725134,0.5333072916666667,67.56042023666666,62.92421415433814,30.26346990938447,0.06862310900506119,0.5520532613123126,-0.05105148821334754,-0.1461979166666667,30,40,,,,,,,0.4026605938148791,0.5618885727802714,0.49731250000000005,0.5656562500000001,-0.07517237073392424,-0.03340869225658173,-0.175,-0.11791536458333333,0.0004099959000409996,9.99990000099999e-06,0.0004099959000409996,9.99990000099999e-06,0.13078869211307886,0.007259927400725993,other_metrics_secondary_726,other_metrics_secondary_726,726,726,408,119,0
d2_20_b,d2_20,b,common_grid_all5,common_grid,all5,precision,complete,complete,0.6749869090083885,0.422265625,67.56042023666666,62.934404745823485,17.332005518968074,0.0684722722954959,0.7434591813038844,-0.24260824491448474,-0.2572395833333334,30,40,,,,,,,0.6050072918324294,0.765540318164001,0.40390364583333344,0.44120247395833334,-0.2851099241473736,-0.22574676444879704,-0.28197916666666667,-0.2280690104166667,1.999980000199998e-05,9.99990000099999e-06,1.999980000199998e-05,9.99990000099999e-06,0.008019919800801993,0.007259927400725993,other_metrics_secondary_726,other_metrics_secondary_726,726,726,332,122,0
d2_20_b,d2_20,b,common_grid_all5,common_grid,all5,recall,complete,complete,0.6491879209425615,0.42856770833333335,67.56042023666666,60.61174860919316,16.75233985774577,0.10285121973978328,0.7520391406823448,-0.2168092568486577,-0.25093750000000004,30,40,,,,,,,0.5693266560825067,0.739356180212993,0.41015429687500005,0.4480729166666667,-0.25690481026485107,-0.1926609411948122,-0.27468880208333324,-0.22213411458333335,1.999980000199998e-05,9.99990000099999e-06,1.999980000199998e-05,9.99990000099999e-06,0.008019919800801993,0.007259927400725993,other_metrics_secondary_726,other_metrics_secondary_726,726,726,333,123,0
d2_20_b,d2_20,b,common_grid_all5,common_grid,all5,f1,complete,complete,0.6725084258239177,0.4250260416666666,67.56042023666666,62.62707492275979,17.19212306139674,0.07302123486836198,0.7455296606922797,-0.24012976173001388,-0.2544791666666668,30,40,,,,,,,0.5965670760291081,0.7621735175808296,0.4069485677083334,0.4440651041666666,-0.2791781899868477,-0.2213056064517327,-0.2784908854166666,-0.22536067708333335,1.999980000199998e-05,9.99990000099999e-06,1.999980000199998e-05,9.99990000099999e-06,0.008019919800801993,0.007259927400725993,other_metrics_secondary_726,other_metrics_secondary_726,726,726,330,118,0
d2_20_b,d2_20,b,common_grid_all5,common_grid,all5,artifact_peak_ratio,complete,complete,0.6749869090083885,0.422265625,67.56042023666666,62.934404745823485,17.332005518968074,0.0684722722954959,0.7434591813038844,-0.24260824491448474,-0.2572395833333334,30,40,,,,,,,0.6050072918324294,0.765540318164001,0.40390364583333344,0.44120247395833334,-0.2851099241473736,-0.22574676444879704,-0.28197916666666667,-0.2280690104166667,1.999980000199998e-05,9.99990000099999e-06,1.999980000199998e-05,9.99990000099999e-06,0.008019919800801993,0.007259927400725993,other_metrics_secondary_726,other_metrics_secondary_726,726,726,329,117,0
d2_20_b,d2_20,b,common_grid_all5,common_grid,all5,missing_peak_ratio,complete,complete,0.6491879209425615,0.42856770833333335,67.56042023666666,60.61174860919316,16.75233985774577,0.10285121973978328,0.7520391406823448,-0.2168092568486577,-0.25093750000000004,30,40,,,,,,,0.5693266560825067,0.739356180212993,0.41015429687500005,0.4480729166666667,-0.25690481026485107,-0.1926609411948122,-0.27468880208333324,-0.22213411458333335,1.999980000199998e-05,9.99990000099999e-06,1.999980000199998e-05,9.99990000099999e-06,0.008019919800801993,0.007259927400725993,other_metrics_secondary_726,other_metrics_secondary_726,726,726,331,120,0
d2_20_b,d2_20,b,common_grid_no_axis,common_grid,no_axis,mse,complete,complete,0.47560854870215225,0.6330729166666668,51.97175955,41.05076670303825,16.332553569965526,0.2101332135283026,0.6857417622304549,0.0,0.0,30,24,,,,,,,0.38265701532555335,0.5702429826388946,0.6141427951388889,0.6535611979166667,0.0,0.0,0.0,0.0,,,,,,,,,,,,,0
d2_20_b,d2_20,b,common_grid_no_axis,common_grid,no_axis,rmse,complete,complete,0.47592372843097147,0.6365451388888891,51.97175955,41.04549583643522,16.310902258281274,0.21023463142618926,0.6861583598571607,-0.00031517972881922596,0.003472222222222321,30,24,,,,,,,0.38335439340828326,0.5703796673432363,0.6176215277777779,0.6577278645833333,-0.003139231187477297,0.002127364697018501,0.0,0.007656249999999907,0.8003519964800352,0.24791752082479176,0.8003519964800352,0.24791752082479176,1.0,1.0,other_metrics_secondary_726,other_metrics_secondary_726,726,726,697,591,0
d2_20_b,d2_20,b,common_grid_no_axis,common_grid,no_axis,mae,complete,complete,0.4867721874326364,0.607204861111111,51.97175955,41.60168230052959,16.303275219653077,0.19953292594401706,0.6863051133766535,-0.011163638730484149,-0.025868055555555713,30,24,,,,,,,0.3971360168309255,0.59166097244746,0.5876671006944444,0.6276063368055554,-0.0366416954258362,-0.00766388959075314,-0.03611111111111111,-0.015625,0.05813941860581394,3.999960000399996e-05,0.05813941860581394,3.999960000399996e-05,1.0,0.015079849201507987,other_metrics_secondary_726,other_metrics_secondary_726,726,726,512,352,0
d2_20_b,d2_20,b,common_grid_no_axis,common_grid,no_axis,sam,complete,complete,0.4048859993677492,0.6361979166666667,51.97175955,39.417922449438294,18.37528464513618,0.24155112717482952,0.6464371265425787,0.07072254933440303,0.0031249999999999334,30,24,,,,,,,0.3253738643344563,0.5034591916239182,0.6169249131944444,0.6570334201388889,0.04237283188156406,0.0819856938117243,-0.00017361111111111234,0.006597222222222217,2.999970000299997e-05,0.0890591094089059,2.999970000299997e-05,0.0890591094089059,0.011639883601163989,1.0,other_metrics_secondary_726,other_metrics_secondary_726,726,726,346,532,0
d2_20_b,d2_20,b,common_grid_no_axis,common_grid,no_axis,pearson_r,complete,complete,0.46925683204773505,0.6125868055555554,51.97175955,41.59875556465123,17.210652322271606,0.19958923990959576,0.6688460719573308,0.006351716654417194,-0.020486111111111316,30,24,,,,,,,0.37667085173600157,0.5699340649430835,0.5905360243055556,0.6375868055555556,-0.01060333060420582,0.01403654309785599,-0.033506944444444436,-0.00833333333333333,0.39815601843981563,0.004749952500474996,0.39815601843981563,0.004749952500474996,1.0,1.0,other_metrics_secondary_726,other_metrics_secondary_726,726,726,618,447,0
d2_20_b,d2_20,b,common_grid_no_axis,common_grid,no_axis,nmse,complete,complete,0.3806459172608881,0.6344618055555558,51.97175955,37.99031117580765,18.207473090235577,0.2690201081366381,0.6496660253975262,0.09496263144126416,0.001388888888888995,30,24,,,,,,,0.3104669404981812,0.46786523719541434,0.6151909722222223,0.6556488715277778,0.056425331850448644,0.11611360505583115,0.0,0.004166666666666663,0.00010999890001099989,1.0,0.00010999890001099989,1.0,0.03915960840391596,1.0,other_metrics_secondary_726,other_metrics_secondary_726,726,726,372,722,0
d2_20_b,d2_20,b,common_grid_no_axis,common_grid,no_axis,wasserstein_1_cm1,complete,complete,0.5388909262494628,0.5209201388888889,51.97175955,46.8372064208564,18.830096778142533,0.09879506050211462,0.6376859867515774,-0.06328237754731053,-0.11215277777777788,30,24,,,,,,,0.4401007249146111,0.6673479611381187,0.4887934027777777,0.555392795138889,-0.1109433138611496,-0.04092363529003632,-0.15243055555555554,-0.06856770833333337,0.0041599584004159956,8.99991000089999e-05,0.0041599584004159956,8.99991000089999e-05,0.07071929280707193,0.003149968500314997,w1_axis_primary_66,w1_axis_primary_66,66,66,50,32,0
d2_20_b,d2_20,b,common_grid_no_axis,common_grid,no_axis,is_like_structure_to_noise,complete,complete,0.40379196447174426,0.43897569444444445,51.97175955,50.98859594421319,30.002817058465553,0.0189172661133582,0.42270923058510246,0.07181658423040799,-0.1940972222222223,30,24,,,,,,,0.32183287188974913,0.49668410272360375,0.40199001736111106,0.4743055555555556,0.045117711930756726,0.09440263541386476,-0.23281684027777774,-0.15815538194444445,0.0003899961000389996,9.99990000099999e-06,0.0003899961000389996,9.99990000099999e-06,0.12557874421255785,0.007259927400725993,other_metrics_secondary_726,other_metrics_secondary_726,726,726,405,124,0
d2_20_b,d2_20,b,common_grid_no_axis,common_grid,no_axis,precision,complete,complete,0.34793311424039275,0.6065104166666667,51.97175955,35.151631431725704,17.068935278941332,0.3236397663637366,0.6715728806041293,0.1276754344617595,-0.026562500000000044,30,24,,,,,,,0.31362581974668835,0.4049857581832315,0.5664040798611112,0.6431488715277778,0.04705549301538633,0.18463749127284748,-0.06615451388888888,0.008858506944444414,0.007439925600743993,0.1757182428175718,0.007439925600743993,0.1757182428175718,1.0,1.0,other_metrics_secondary_726,other_metrics_secondary_726,726,726,461,568,0
d2_20_b,d2_20,b,common_grid_no_axis,common_grid,no_axis,recall,complete,complete,0.3669945282081151,0.5967881944444444,51.97175955,35.56272966761325,16.489378291415395,0.3157297352343875,0.6827242634425027,0.10861402049403712,-0.03628472222222234,30,24,,,,,,,0.32905975196088855,0.42185941200036053,0.5639756944444444,0.62908203125,0.02932414834991469,0.16406134534881056,-0.06788194444444444,-0.006766493055555575,0.014519854801451985,0.022379776202237977,0.014519854801451985,0.022379776202237977,1.0,1.0,other_metrics_secondary_726,other_metrics_secondary_726,726,726,473,491,0
d2_20_b,d2_20,b,common_grid_no_axis,common_grid,no_axis,f1,complete,complete,0.3509882733135678,0.6026909722222222,51.97175955,35.17026977977631,16.928791634253884,0.3232811418297207,0.6742694151432884,0.12462027538858444,-0.03038194444444453,30,24,,,,,,,0.3164148987434016,0.4107855927516582,0.565622829861111,0.6368077256944447,0.04717554278976499,0.17678567594611852,-0.06580295138888889,0.002604166666666663,0.006039939600603994,0.08747912520874791,0.006039939600603994,0.08747912520874791,1.0,1.0,other_metrics_secondary_726,other_metrics_secondary_726,726,726,452,529,0
d2_20_b,d2_20,b,common_grid_no_axis,common_grid,no_axis,artifact_peak_ratio,complete,complete,0.34793311424039275,0.6065104166666667,51.97175955,35.151631431725704,17.068935278941332,0.3236397663637366,0.6715728806041293,0.1276754344617595,-0.026562500000000044,30,24,,,,,,,0.31362581974668835,0.4049857581832315,0.5664040798611112,0.6431488715277778,0.04705549301538633,0.18463749127284748,-0.06615451388888888,0.008858506944444414,0.007439925600743993,0.1757182428175718,0.007439925600743993,0.1757182428175718,1.0,1.0,other_metrics_secondary_726,other_metrics_secondary_726,726,726,460,567,0
d2_20_b,d2_20,b,common_grid_no_axis,common_grid,no_axis,missing_peak_ratio,complete,complete,0.3669945282081151,0.5967881944444444,51.97175955,35.56272966761325,16.489378291415395,0.3157297352343875,0.6827242634425027,0.10861402049403712,-0.03628472222222234,30,24,,,,,,,0.32905975196088855,0.42185941200036053,0.5639756944444444,0.62908203125,0.02932414834991469,0.16406134534881056,-0.06788194444444444,-0.006766493055555575,0.014519854801451985,0.022379776202237977,0.014519854801451985,0.022379776202237977,1.0,1.0,other_metrics_secondary_726,other_metrics_secondary_726,726,726,472,490,0
d4_a,d4,a,native_all5,native,all5,mse,complete,complete,0.24243395478000976,0.8901334635416667,2533335.4922231953,1182840.0977313383,568673.5555671065,0.5330898330037978,0.7755237877838075,0.0,0.0,240,40,0.23544070087874885,0.25237152475146124,0.888245361328125,0.892106201171875,,,0.23506846180774946,0.25222103780947847,0.8881930338541667,0.8919891764322918,0.0,0.0,0.0,0.0,,,,,,,,,,,,,0
d4_a,d4,a,native_all5,native,all5,rmse,complete,complete,0.24215878274649494,0.8906477864583332,2533335.4922231953,1182126.4563733009,568657.0172880393,0.533371533299802,0.775530316046297,0.00027517203351482,0.000514322916666532,240,40,0.23533979491485688,0.25209269166443105,0.888769287109375,0.8925587565104166,0.6629933700662993,0.00929990700092999,0.2349762279607799,0.25196329062374156,0.8886748860677083,0.892493896484375,-0.0005724955704580613,0.001168464284563535,0.00012044270833332877,0.0009245605468749911,,,,,,,,,,,,,0
d4_a,d4,a,native_all5,native,all5,mae,complete,complete,0.23611724261473271,0.8857812500000001,2533335.4922231953,1177149.4400858628,578985.2490440853,0.5353361433179842,0.7714533859327168,0.006316712165277044,-0.004352213541666594,240,40,0.22864324674936837,0.249594427739107,0.8846940104166666,0.8868100585937502,0.06860931390686092,9.99990000099999e-06,0.22804887945548055,0.24881096081596052,0.8846875000000001,0.8868229166666668,-0.0017417470854300926,0.012129735260849407,-0.006045003255208331,-0.002626953124999996,,,,,,,,,,,,,0
d4_a,d4,a,native_all5,native,all5,sam,complete,complete,0.23498543815856776,0.8904036458333333,2533335.4922231953,1165602.4938978092,570305.5432550907,0.5398941445079175,0.7748795826664853,0.007448516621441997,0.000270182291666643,240,40,0.225492355076793,0.25158100627194635,0.8885870768229166,0.8922657877604168,0.22856771432285677,0.6718332816671834,0.22557030034033546,0.2514229898765499,0.8885351562500001,0.89214208984375,-0.007362362510016584,0.016587400080100526,-0.0009670410156249947,0.0015234374999999966,,,,,,,,,,,,,0
d4_a,d4,a,native_all5,native,all5,pearson_r,complete,complete,0.21686280716579553,0.8902018229166667,2533335.4922231953,1304997.7516261977,755611.5052899332,0.4848697475591902,0.7017325547249857,0.025571147614214224,6.835937500004885e-05,240,40,0.20887152980275764,0.2285698231236477,0.8884568684895834,0.8918751627604168,9.99990000099999e-06,0.947380526194738,0.2087091937003425,0.22846478776729093,0.8884498697916665,0.8919207356770833,0.01582723308864456,0.034663207569230234,-0.001885091145833335,0.0020642089843749983,,,,,,,,,,,,,0
d4_a,d4,a,native_all5,native,all5,nmse,complete,complete,0.1786897200580602,0.8900976562500001,2533335.4922231953,1048199.8908067928,595518.8808882819,0.5862372378137262,0.7649269578717864,0.06374423472194957,-3.580729166652308e-05,240,40,0.16760994689391737,0.19130982644614888,0.8882356770833334,0.8920478515625001,9.99990000099999e-06,0.7966020339796602,0.16713246112467253,0.19119670945095185,0.8881443684895832,0.8919370117187502,0.054419893293060566,0.07479596350367385,-0.00028645833333333236,0.00020833333333332985,,,,,,,,,,,,,0
d4_a,d4,a,native_all5,native,all5,wasserstein_1_cm1,complete,complete,0.22953527690634212,0.8787174479166667,2533335.4922231953,1228988.9251175865,647499.0614134709,0.5148732061385779,0.74440848304492,0.012898677873667636,-0.011416015624999942,240,40,0.21627153916981298,0.25082252752261874,0.8751497395833333,0.8820445963541667,0.12675873241267588,9.99990000099999e-06,0.2151360178652127,0.2500257826345493,0.8752405598958334,0.8823375651041667,-0.004765829719964577,0.027435597115814888,-0.015765055338541667,-0.006787027994791668,,,,,,,,,,,,,0
d4_a,d4,a,native_all5,native,all5,is_like_structure_to_noise,complete,complete,0.254571278903147,0.3278515625,2533335.4922231953,2533332.376864643,1888417.9207186506,1.2297457490095809e-06,0.254572508648896,-0.012137324123137255,-0.5622819010416666,240,40,0.24895897546460305,0.26187088216040155,0.32564453125,0.33015641276041663,0.00015999840001599985,9.99990000099999e-06,0.24877950699279913,0.2617331827336627,0.32560530598958337,0.33008479817708336,-0.017972887659565836,-0.004639783614818121,-0.5647371419270834,-0.5597880859375001,,,,,,,,,,,,,0
d4_a,d4,a,native_all5,native,all5,precision,complete,complete,0.5568315765862667,0.6716178385416666,2533335.4922231953,2251989.418211197,841348.222054609,0.1110575661516886,0.6678891427379554,-0.31439762180625697,-0.2185156250000001,240,40,0.5387232150679875,0.5866356689768775,0.6687369791666666,0.6744077962239585,9.99990000099999e-06,9.99990000099999e-06,0.5393942963094442,0.5858427894887558,0.6688929850260417,0.6744761555989585,-0.3411158898154772,-0.2976394135856485,-0.22147460937499996,-0.21552718098958332,,,,,,,,,,,,,0
d4_a,d4,a,native_all5,native,all5,recall,complete,complete,0.6144646175775044,0.6700911458333334,2533335.4922231953,2231733.0504570203,675088.0260325759,0.1190534939774186,0.733518111554923,-0.37203066279749464,-0.22004231770833327,240,40,0.6020299231779562,0.6407858339693363,0.6671156412760415,0.6730741373697917,9.99990000099999e-06,9.99990000099999e-06,0.6008166784537852,0.6400662946420423,0.6671805826822916,0.6730729166666667,-0.39348465670821914,-0.35919724315662466,-0.223295166015625,-0.2168358561197917,,,,,,,,,,,,,0
d4_a,d4,a,native_all5,native,all5,f1,complete,complete,0.6092008425524229,0.6725748697916667,2533335.4922231953,2231645.7930416986,688335.6767113713,0.11908793766464021,0.728288780217063,-0.3667668877724132,-0.21755859374999997,240,40,0.5954466377046223,0.6349429879131119,0.66967431640625,0.6753811035156251,9.99990000099999e-06,9.99990000099999e-06,0.5942652014221471,0.6338628946356971,0.6698046061197916,0.675452880859375,-0.38845053557661574,-0.3523109573267652,-0.22058935546875,-0.214612548828125,,,,,,,,,,,,,0
d4_a,d4,a,native_all5,native,all5,artifact_peak_ratio,complete,complete,0.5568315765862667,0.6716178385416666,2533335.4922231953,2251989.418211197,841348.222054609,0.1110575661516886,0.6678891427379554,-0.31439762180625697,-0.2185156250000001,240,40,0.5387232150679875,0.5866356689768775,0.6687369791666666,0.6744077962239585,9.99990000099999e-06,9.99990000099999e-06,0.5393942963094442,0.5858427894887558,0.6688929850260417,0.6744761555989585,-0.3411158898154772,-0.2976394135856485,-0.22147460937499996,-0.21552718098958332,,,,,,,,,,,,,0
d4_a,d4,a,native_all5,native,all5,missing_peak_ratio,complete,complete,0.6144646175775044,0.6700911458333334,2533335.4922231953,2231733.0504570203,675088.0260325759,0.1190534939774186,0.733518111554923,-0.37203066279749464,-0.22004231770833327,240,40,0.6020299231779562,0.6407858339693363,0.6671156412760415,0.6730741373697917,9.99990000099999e-06,9.99990000099999e-06,0.6008166784537852,0.6400662946420423,0.6671805826822916,0.6730729166666667,-0.39348465670821914,-0.35919724315662466,-0.223295166015625,-0.2168358561197917,,,,,,,,,,,,,0
d4_a,d4,a,native_no_axis,native,no_axis,mse,complete,complete,0.28162334772426,0.8005967881944446,2180808.3124278425,1182839.9100330705,568673.3723422475,0.45761399418170656,0.7392373419059666,0.0,0.0,240,24,,,,,,,0.2727966858854539,0.29355429103306346,0.7941075303819444,0.806814236111111,0.0,0.0,0.0,0.0,,,,,,,,,,,,,0
d4_a,d4,a,native_no_axis,native,no_axis,rmse,complete,complete,0.2813036941925866,0.8023111979166667,2180808.3124278425,1182126.268675033,568656.8340631804,0.4579412312680523,0.7392449254606389,0.0003196535316734028,0.0017144097222221433,240,24,,,,,,,0.2727585642578597,0.2933205583793114,0.7957459852430556,0.8084418402777779,-0.0006649628187366293,0.0013588032447728387,0.00040147569444444145,0.0030818684895833302,0.6591134088659113,0.009219907800921991,0.6591134088659113,0.009219907800921991,1.0,1.0,other_metrics_secondary_726,other_metrics_secondary_726,726,726,669,467,0
d4_a,d4,a,native_no_axis,native,no_axis,mae,complete,complete,0.2742855404391074,0.7860894097222222,2180808.3124278425,1177149.252387595,578985.0658192263,0.46022342005973815,0.7345089604988455,0.007337807285152598,-0.014507378472222388,240,24,,,,,,,0.2648457112055065,0.28963653970557734,0.7824647352430555,0.7895399305555556,-0.0020281457118521084,0.014095766463177485,-0.020150010850694445,-0.008756510416666667,0.06838931610683893,9.99990000099999e-06,0.06838931610683893,9.99990000099999e-06,1.0,0.007259927400725993,other_metrics_secondary_726,other_metrics_secondary_726,726,726,524,216,0
d4_a,d4,a,native_no_axis,native,no_axis,sam,complete,complete,0.2729707800437442,0.8014973958333333,2180808.3124278425,1165602.3061995413,570305.3600302318,0.46551822113063035,0.7384890011743745,0.00865256768051581,0.0009006076388887729,240,24,,,,,,,0.26190030895764316,0.29241756479140013,0.7953553602430556,0.8072715928819445,-0.008581701144051108,0.019306319590607513,-0.00322347005208334,0.005078124999999998,0.22930770692293076,0.6726932730672693,0.22930770692293076,0.6726932730672693,1.0,1.0,other_metrics_secondary_726,other_metrics_secondary_726,726,726,586,671,0
d4_a,d4,a,native_no_axis,native,no_axis,pearson_r,complete,complete,0.2519186297722961,0.8008246527777778,2180808.3124278425,1304997.5639279298,755611.3220650743,0.4015991426247332,0.6535177723970292,0.029704717951963888,0.00022786458333323711,240,24,,,,,,,0.2419889574871386,0.2659285049960961,0.7949652777777778,0.8065104166666667,0.018417180451546823,0.04028245313844903,-0.006283637152777774,0.006880696614583325,1.999980000199998e-05,0.9483005169948301,1.999980000199998e-05,0.9483005169948301,0.008019919800801993,1.0,other_metrics_secondary_726,other_metrics_secondary_726,726,726,338,711,0
d4_a,d4,a,native_no_axis,native,no_axis,nmse,complete,complete,0.2075748716039802,0.8004774305555558,2180808.3124278425,1048199.703108525,595518.6976634229,0.5193526651860616,0.7269275367900419,0.07404847612027982,-0.00011935763888881734,240,24,,,,,,,0.19429367851267235,0.22244816104310722,0.7939667426215277,0.8065874565972223,0.0631650726296295,0.08685108900710402,-0.0009548611111111101,0.0006944444444444475,9.99990000099999e-06,0.7952120478795212,9.99990000099999e-06,0.7952120478795212,0.007259927400725993,1.0,other_metrics_secondary_726,other_metrics_secondary_726,726,726,219,695,0
d4_a,d4,a,native_no_axis,native,no_axis,wasserstein_1_cm1,complete,complete,0.2666381315943773,0.741037326388889,2180808.3124278425,1228985.5497809201,647498.8959896731,0.43645411530336686,0.7030922468977441,0.014985216129882684,-0.0595594618055556,240,24,,,,,,,0.24925302213343276,0.2906564002856826,0.7332682291666667,0.7487630208333333,-0.005541265519223989,0.03185347061455115,-0.07137776692708335,-0.04767768012152778,0.12790872091279087,9.99990000099999e-06,0.12790872091279087,9.99990000099999e-06,1.0,0.0006599934000659994,w1_axis_primary_66,w1_axis_primary_66,66,66,57,13,0
d4_a,d4,a,native_no_axis,native,no_axis,is_like_structure_to_noise,complete,complete,0.13407440409493804,0.2596137152777778,2180808.3124278425,2180808.312427842,1888417.7374937916,2.220446049250313e-16,0.1340744040949382,0.14754894362932197,-0.5409830729166667,240,24,,,,,,,0.13019965549126725,0.13924826520144834,0.25212619357638894,0.2671006944444444,0.14127779918261338,0.15543076060905048,-0.5492095269097221,-0.5326280381944445,9.99990000099999e-06,9.99990000099999e-06,9.99990000099999e-06,9.99990000099999e-06,0.007259927400725993,0.007259927400725993,other_metrics_secondary_726,other_metrics_secondary_726,726,726,214,215,0
d4_a,d4,a,native_no_axis,native,no_axis,precision,complete,complete,0.5742558047217741,0.3645616319444444,2180808.3124278425,2093689.885315357,841348.0529181722,0.03994776918999299,0.614203573911767,-0.29263245699751406,-0.43603515625000017,240,24,,,,,,,0.5542844940094506,0.6074237268816017,0.35690104166666664,0.37213541666666666,-0.32266216893305283,-0.27399621605413066,-0.44430528428819444,-0.4276882595486111,9.99990000099999e-06,9.99990000099999e-06,9.99990000099999e-06,9.99990000099999e-06,0.007259927400725993,0.007259927400725993,other_metrics_secondary_726,other_metrics_secondary_726,726,726,220,221,0
d4_a,d4,a,native_no_axis,native,no_axis,recall,complete,complete,0.6379140190772976,0.3633897569444445,2180808.3124278425,2066256.0523141632,675087.8568961392,0.05252743189801534,0.690441450975313,-0.3562906713530376,-0.4372070312500001,240,24,,,,,,,0.6218335425801048,0.6681235636996461,0.35577202690972226,0.3709217664930556,-0.3809954446746608,-0.3416845067672557,-0.44542127821180555,-0.4289171006944444,9.99990000099999e-06,9.99990000099999e-06,9.99990000099999e-06,9.99990000099999e-06,0.007259927400725993,0.007259927400725993,other_metrics_secondary_726,other_metrics_secondary_726,726,726,222,223,0
d4_a,d4,a,native_no_axis,native,no_axis,f1,complete,complete,0.6317728978960969,0.36349826388888895,2180808.3124278425,2066111.0948733692,688335.5075749345,0.052593901490949335,0.6843667993870461,-0.3501495501718369,-0.4370985243055556,240,24,,,,,,,0.6146192664386624,0.6604698537300917,0.3558582899305555,0.37105034722222224,-0.3749564113344634,-0.3337152314275539,-0.44534559461805556,-0.4288495551215278,9.99990000099999e-06,9.99990000099999e-06,9.99990000099999e-06,9.99990000099999e-06,0.007259927400725993,0.007259927400725993,other_metrics_secondary_726,other_metrics_secondary_726,726,726,212,213,0
d4_a,d4,a,native_no_axis,native,no_axis,artifact_peak_ratio,complete,complete,0.5742558047217741,0.3645616319444444,2180808.3124278425,2093689.885315357,841348.0529181722,0.03994776918999299,0.614203573911767,-0.29263245699751406,-0.43603515625000017,240,24,,,,,,,0.5542844940094506,0.6074237268816017,0.35690104166666664,0.37213541666666666,-0.32266216893305283,-0.27399621605413066,-0.44430528428819444,-0.4276882595486111,9.99990000099999e-06,9.99990000099999e-06,9.99990000099999e-06,9.99990000099999e-06,0.007259927400725993,0.007259927400725993,other_metrics_secondary_726,other_metrics_secondary_726,726,726,210,211,0
d4_a,d4,a,native_no_axis,native,no_axis,missing_peak_ratio,complete,complete,0.6379140190772976,0.3633897569444445,2180808.3124278425,2066256.0523141632,675087.8568961392,0.05252743189801534,0.690441450975313,-0.3562906713530376,-0.4372070312500001,240,24,,,,,,,0.6218335425801048,0.6681235636996461,0.35577202690972226,0.3709217664930556,-0.3809954446746608,-0.3416845067672557,-0.44542127821180555,-0.4289171006944444,9.99990000099999e-06,9.99990000099999e-06,9.99990000099999e-06,9.99990000099999e-06,0.007259927400725993,0.007259927400725993,other_metrics_secondary_726,other_metrics_secondary_726,726,726,217,218,0
d4_a,d4,a,common_grid_all5,common_grid,all5,mse,complete,complete,0.24618064755789484,0.9077994791666666,2533335.4922231953,1193131.9515863562,569473.7796294517,0.5290272625757547,0.7752079101336495,0.0,0.0,240,40,,,,,,,0.23881292240574428,0.25694245134166527,0.90402978515625,0.9113867187500001,0.0,0.0,0.0,0.0,,,,,,,,,,,,,0
d4_a,d4,a,common_grid_all5,common_grid,all5,rmse,complete,complete,0.24603476130005056,0.91021484375,2533335.4922231953,1192763.608080923,569475.0149588431,0.5291726612039915,0.7752074225040422,0.00014588625784428544,0.002415364583333357,240,40,,,,,,,0.23853784989034993,0.2566817977324449,0.9070043945312499,0.9134384765625,3.785586706890612e-07,0.0019241944494955896,0.0013214518229166647,0.003698079427083333,0.5177648223517765,9.99990000099999e-06,0.5177648223517765,9.99990000099999e-06,1.0,0.007259927400725993,other_metrics_secondary_726,other_metrics_secondary_726,726,726,643,195,0
d4_a,d4,a,common_grid_all5,common_grid,all5,mae,complete,complete,0.2363531650806644,0.9057421875,2533335.4922231953,1176225.0343841864,577463.1725860513,0.5357010399945255,0.77205420507519,0.009827482477230448,-0.002057291666666572,240,40,,,,,,,0.2284691183231577,0.24884415770485901,0.9028255208333335,0.9085807291666667,0.002009725461536291,0.01598811596512232,-0.004193196614583337,0.00015738932291665936,0.01020989790102099,0.06598934010659893,0.01020989790102099,0.06598934010659893,1.0,1.0,other_metrics_secondary_726,other_metrics_secondary_726,726,726,469,522,0
d4_a,d4,a,common_grid_all5,common_grid,all5,sam,complete,complete,0.2383863152921887,0.9083919270833333,2533335.4922231953,1178998.4887949617,575085.975404951,0.5346062562916605,0.7729925715838493,0.007794332265706139,0.000592447916666683,240,40,,,,,,,0.23091419228821816,0.2546688264679718,0.90529931640625,0.9114519856770834,-0.007466386487033081,0.015918038748622344,-0.0011134440104166718,0.002356933593749995,0.16813831861681383,0.5168648313516865,0.16813831861681383,0.5168648313516865,1.0,1.0,other_metrics_secondary_726,other_metrics_secondary_726,726,726,563,642,0
d4_a,d4,a,common_grid_all5,common_grid,all5,pearson_r,complete,complete,0.21728056690601213,0.90892578125,2533335.4922231953,1305579.9207243952,755135.348811018,0.48463994416363343,0.7019205110696456,0.02890008065188271,0.0011263020833334192,240,40,,,,,,,0.20895580984446166,0.22889854959487754,0.90582666015625,0.9120188802083332,0.01838964735703276,0.039444891681963766,-0.0010680338541666711,0.003385416666666661,1.999980000199998e-05,0.3299367006329937,1.999980000199998e-05,0.3299367006329937,0.008019919800801993,1.0,other_metrics_secondary_726,other_metrics_secondary_726,726,726,336,609,0
d4_a,d4,a,common_grid_all5,common_grid,all5,nmse,complete,complete,0.21715166082088067,0.9080338541666667,2533335.4922231953,1139802.9021133834,589684.8925606334,0.5500781852177347,0.7672298460386153,0.02902898673701418,0.0002343750000001199,240,40,,,,,,,0.20898136629998715,0.23111705765327328,0.9043619791666667,0.9115690104166666,0.017366739046347526,0.037527556478736714,5.192057291666559e-05,0.0004947916666666649,9.99990000099999e-06,0.015869841301586984,9.99990000099999e-06,0.015869841301586984,0.007259927400725993,1.0,other_metrics_secondary_726,other_metrics_secondary_726,726,726,190,480,0
d4_a,d4,a,common_grid_all5,common_grid,all5,wasserstein_1_cm1,complete,complete,0.2296030381098117,0.8926041666666668,2533335.4922231953,1228219.9533737896,646558.4278079286,0.5151767473577167,0.7447797854675283,0.016577609448083147,-0.015195312499999836,240,40,,,,,,,0.2147900489943133,0.25018309008539785,0.8888212890625,0.8965564778645835,-0.0018950948000656458,0.031578724074565634,-0.01976676432291667,-0.010624348958333335,0.06871931280687193,9.99990000099999e-06,0.06871931280687193,9.99990000099999e-06,0.8933510664893352,0.0006599934000659994,w1_axis_primary_66,w1_axis_primary_66,66,66,54,11,0
d4_a,d4,a,common_grid_all5,common_grid,all5,is_like_structure_to_noise,complete,complete,0.2545696724549411,0.41433593750000003,2533335.4922231953,2533332.376864643,1888421.990390907,1.2297457490095809e-06,0.2545709022006901,-0.008389024897046266,-0.49346354166666656,240,40,,,,,,,0.2487808744412796,0.26172555941065406,0.41069612630208335,0.41781982421874997,-0.014514814940483314,0.00021302416560267304,-0.49923177083333325,-0.4875454101562501,0.022339776602233977,9.99990000099999e-06,0.022339776602233977,9.99990000099999e-06,1.0,0.007259927400725993,other_metrics_secondary_726,other_metrics_secondary_726,726,726,489,187,0
d4_a,d4,a,common_grid_all5,common_grid,all5,precision,complete,complete,0.6281856888835351,0.5157486979166667,2533335.4922231953,2442916.5071254363,851511.405770099,0.03569167422764419,0.6638773631111793,-0.3820050413256403,-0.3920507812499999,240,40,,,,,,,0.611447126062991,0.6601516127043552,0.51236279296875,0.5191928710937501,-0.4123825192235238,-0.36425374204309174,-0.3947918294270833,-0.38947265625,9.99990000099999e-06,9.99990000099999e-06,9.99990000099999e-06,9.99990000099999e-06,0.007259927400725993,0.007259927400725993,other_metrics_secondary_726,other_metrics_secondary_726,726,726,191,192,0
d4_a,d4,a,common_grid_all5,common_grid,all5,recall,complete,complete,0.7025670378117531,0.5086067708333333,2533335.4922231953,2447606.1326054465,667768.1200508166,0.03384050785256032,0.7364075456643135,-0.4563863902538583,-0.3991927083333333,240,40,,,,,,,0.6877154378378983,0.7277862156786282,0.50496728515625,0.5122786458333334,-0.4798996199510329,-0.4407987792459848,-0.40187548828125,-0.39650341796874994,9.99990000099999e-06,9.99990000099999e-06,9.99990000099999e-06,9.99990000099999e-06,0.007259927400725993,0.007259927400725993,other_metrics_secondary_726,other_metrics_secondary_726,726,726,193,194,0
d4_a,d4,a,common_grid_all5,common_grid,all5,f1,complete,complete,0.6900188653326094,0.5147135416666667,2533335.4922231953,2437214.5860088104,689165.3041581337,0.03794243064507474,0.7279612959776842,-0.44383821777471455,-0.39308593749999987,240,40,,,,,,,0.6746303066756462,0.7165934767867148,0.5113147786458333,0.51817724609375,-0.4695317869566203,-0.4272242540435233,-0.39572281901041667,-0.3904554036458333,9.99990000099999e-06,9.99990000099999e-06,9.99990000099999e-06,9.99990000099999e-06,0.007259927400725993,0.007259927400725993,other_metrics_secondary_726,other_metrics_secondary_726,726,726,185,186,0
d4_a,d4,a,common_grid_all5,common_grid,all5,artifact_peak_ratio,complete,complete,0.6281856888835351,0.5157486979166667,2533335.4922231953,2442916.5071254363,851511.405770099,0.03569167422764419,0.6638773631111793,-0.3820050413256403,-0.3920507812499999,240,40,,,,,,,0.611447126062991,0.6601516127043552,0.51236279296875,0.5191928710937501,-0.4123825192235238,-0.36425374204309174,-0.3947918294270833,-0.38947265625,9.99990000099999e-06,9.99990000099999e-06,9.99990000099999e-06,9.99990000099999e-06,0.007259927400725993,0.007259927400725993,other_metrics_secondary_726,other_metrics_secondary_726,726,726,183,184,0
d4_a,d4,a,common_grid_all5,common_grid,all5,missing_peak_ratio,complete,complete,0.7025670378117531,0.5086067708333333,2533335.4922231953,2447606.1326054465,667768.1200508166,0.03384050785256032,0.7364075456643135,-0.4563863902538583,-0.3991927083333333,240,40,,,,,,,0.6877154378378983,0.7277862156786282,0.50496728515625,0.5122786458333334,-0.4798996199510329,-0.4407987792459848,-0.40187548828125,-0.39650341796874994,9.99990000099999e-06,9.99990000099999e-06,9.99990000099999e-06,9.99990000099999e-06,0.007259927400725993,0.007259927400725993,other_metrics_secondary_726,other_metrics_secondary_726,726,726,188,189,0
d4_a,d4,a,common_grid_no_axis,common_grid,no_axis,mse,complete,complete,0.2859716079931226,0.8014973958333333,2180808.3124278425,1193122.9064877336,569473.6466579754,0.4528987716671632,0.7388703796602858,0.0,0.0,240,24,,,,,,,0.2772238685599041,0.2987903165258177,0.7946180555555556,0.8078130425347224,0.0,0.0,0.0,0.0,,,,,,,,,,,,,0
d4_a,d4,a,common_grid_no_axis,common_grid,no_axis,rmse,complete,complete,0.28580620557555475,0.8037543402777777,2180808.3124278425,1192763.4335088932,569474.8846462626,0.4530636064106809,0.7388698119862357,0.00016540241756785035,0.002256944444444353,240,24,,,,,,,0.27685399615792516,0.2983552942365786,0.7969835069444445,0.8100482855902779,-8.977842128332608e-08,0.002232595135290249,0.0012152777777777767,0.003472222222222223,0.5271647283527164,0.00032999670003299966,0.5271647283527164,0.00032999670003299966,1.0,0.10790892091079089,other_metrics_secondary_726,other_metrics_secondary_726,726,726,649,401,0
d4_a,d4,a,common_grid_no_axis,common_grid,no_axis,mae,complete,complete,0.2745596006514896,0.7860894097222222,2180808.3124278425,1176224.8746789212,577463.0153212838,0.4606472893670064,0.735206890018496,0.011412007341633001,-0.01540798611111116,240,24,,,,,,,0.26494753651289826,0.28975457275989386,0.7824647352430555,0.7895399305555556,0.0023315450003025514,0.018520294760465145,-0.021139322916666665,-0.009459635416666671,0.01028989710102899,9.99990000099999e-06,0.01028989710102899,9.99990000099999e-06,1.0,0.007259927400725993,other_metrics_secondary_726,other_metrics_secondary_726,726,726,470,202,0
d4_a,d4,a,common_grid_no_axis,common_grid,no_axis,sam,complete,complete,0.2769213894060985,0.7976996527777778,2180808.3124278425,1178998.3128789053,575085.8449730182,0.459375541554886,0.7362969309609846,0.009050218587024095,-0.0037977430555555802,240,24,,,,,,,0.268268853016996,0.29587409332119674,0.7917306857638889,0.8035167100694444,-0.00868230679228522,0.01845705789778311,-0.007835286458333333,0.0004139539930555536,0.16833831661683382,0.07464925350746493,0.16833831661683382,0.07464925350746493,1.0,1.0,other_metrics_secondary_726,other_metrics_secondary_726,726,726,564,527,0
d4_a,d4,a,common_grid_no_axis,common_grid,no_axis,pearson_r,complete,complete,0.25240385803134535,0.8001085069444446,2180808.3124278425,1305579.6052650376,755135.1735814227,0.40133225014555884,0.6537361081769042,0.03356774996177725,-0.001388888888888773,240,24,,,,,,,0.24224432733020063,0.26617709371602216,0.7943126085069445,0.8058170572916665,0.02133133079549495,0.0458428236003425,-0.00796603732638889,0.005231662326388882,1.999980000199998e-05,0.6781132188678113,1.999980000199998e-05,0.6781132188678113,0.008019919800801993,1.0,other_metrics_secondary_726,other_metrics_secondary_726,726,726,337,673,0
d4_a,d4,a,common_grid_no_axis,common_grid,no_axis,nmse,complete,complete,0.2522517379290925,0.8014973958333333,2180808.3124278425,1139797.4464439466,589684.7595438119,0.4773509253662753,0.7296026632953678,0.0337198700640301,0.0,240,24,,,,,,,0.24252794364497457,0.2689554606693886,0.7946180555555556,0.8078130425347224,0.020144290225347156,0.04353153517094442,0.0,0.0,9.99990000099999e-06,1.0,9.99990000099999e-06,1.0,0.007259927400725993,1.0,other_metrics_secondary_726,other_metrics_secondary_726,726,726,205,725,0
d4_a,d4,a,common_grid_no_axis,common_grid,no_axis,wasserstein_1_cm1,complete,complete,0.2667183182406067,0.7413628472222223,2180808.3124278425,1228219.7953012134,646558.2698053237,0.43680524863101555,0.7035235668716222,0.01925328975251589,-0.060134548611111005,240,24,,,,,,,0.24934647837998605,0.2908426767684552,0.7337196180555556,0.7490028211805556,-0.0022143612749245044,0.036653944315579855,-0.07261393229166668,-0.04737413194444444,0.06876931230687693,9.99990000099999e-06,0.06876931230687693,9.99990000099999e-06,0.8933510664893352,0.0006599934000659994,w1_axis_primary_66,w1_axis_primary_66,66,66,55,12,0
d4_a,d4,a,common_grid_no_axis,common_grid,no_axis,is_like_structure_to_noise,complete,complete,0.13407253575357042,0.2595703125,2180808.3124278425,2180808.3124278425,1888421.811988177,0.0,0.13407253575357048,0.15189907223955218,-0.5419270833333334,240,24,,,,,,,0.13019915789154507,0.13925042200827112,0.2520827907986111,0.26705729166666664,0.1453007213715393,0.1612129844301179,-0.548828125,-0.5346131727430556,9.99990000099999e-06,9.99990000099999e-06,9.99990000099999e-06,9.99990000099999e-06,0.007259927400725993,0.007259927400725993,other_metrics_secondary_726,other_metrics_secondary_726,726,726,200,201,0
d4_a,d4,a,common_grid_no_axis,common_grid,no_axis,precision,complete,complete,0.570008602579036,0.36443142361111114,2180808.3124278425,2094590.7364259106,851511.2377661704,0.03953468790017034,0.6095432904792063,-0.28403699458591336,-0.4370659722222222,240,24,,,,,,,0.5517707969403618,0.6036438160017025,0.3567708333333333,0.3720062934027778,-0.31537662653833526,-0.2654955560963572,-0.4439252387152777,-0.4298171657986111,9.99990000099999e-06,9.99990000099999e-06,9.99990000099999e-06,9.99990000099999e-06,0.007259927400725993,0.007259927400725993,other_metrics_secondary_726,other_metrics_secondary_726,726,726,206,207,0
d4_a,d4,a,common_grid_no_axis,common_grid,no_axis,recall,complete,complete,0.6410233177424363,0.3634114583333333,2180808.3124278425,2065716.9351206038,667767.9553278247,0.052774641701136105,0.6937979594435724,-0.35505170974931366,-0.4380859375,240,24,,,,,,,0.6252941935951177,0.6691515635434218,0.35577202690972226,0.3709223090277778,-0.38032145303693804,-0.3393261058617734,-0.44507486979166666,-0.4308148871527778,9.99990000099999e-06,9.99990000099999e-06,9.99990000099999e-06,9.99990000099999e-06,0.007259927400725993,0.007259927400725993,other_metrics_secondary_726,other_metrics_secondary_726,726,726,208,209,0
d4_a,d4,a,common_grid_no_axis,common_grid,no_axis,f1,complete,complete,0.6316932999698419,0.3634765625,2180808.3124278425,2066767.1363674817,689165.1368882759,0.05229307656728499,0.683986376537127,-0.3457216919767193,-0.43802083333333336,240,24,,,,,,,0.614968790338528,0.6612095721372313,0.35583658854166667,0.3710080295138889,-0.3727075283502032,-0.32831451121452715,-0.4449875217013889,-0.4307503255208333,9.99990000099999e-06,9.99990000099999e-06,9.99990000099999e-06,9.99990000099999e-06,0.007259927400725993,0.007259927400725993,other_metrics_secondary_726,other_metrics_secondary_726,726,726,198,199,0
d4_a,d4,a,common_grid_no_axis,common_grid,no_axis,artifact_peak_ratio,complete,complete,0.570008602579036,0.36443142361111114,2180808.3124278425,2094590.7364259106,851511.2377661704,0.03953468790017034,0.6095432904792063,-0.28403699458591336,-0.4370659722222222,240,24,,,,,,,0.5517707969403618,0.6036438160017025,0.3567708333333333,0.3720062934027778,-0.31537662653833526,-0.2654955560963572,-0.4439252387152777,-0.4298171657986111,9.99990000099999e-06,9.99990000099999e-06,9.99990000099999e-06,9.99990000099999e-06,0.007259927400725993,0.007259927400725993,other_metrics_secondary_726,other_metrics_secondary_726,726,726,196,197,0
d4_a,d4,a,common_grid_no_axis,common_grid,no_axis,missing_peak_ratio,complete,complete,0.6410233177424363,0.3634114583333333,2180808.3124278425,2065716.9351206038,667767.9553278247,0.052774641701136105,0.6937979594435724,-0.35505170974931366,-0.4380859375,240,24,,,,,,,0.6252941935951177,0.6691515635434218,0.35577202690972226,0.3709223090277778,-0.38032145303693804,-0.3393261058617734,-0.44507486979166666,-0.4308148871527778,9.99990000099999e-06,9.99990000099999e-06,9.99990000099999e-06,9.99990000099999e-06,0.007259927400725993,0.007259927400725993,other_metrics_secondary_726,other_metrics_secondary_726,726,726,203,204,0
d4_b,d4,b,native_all5,native,all5,mse,complete,complete,0.2758589535995071,0.6319694010416667,31.728903222847478,23.625390453257005,14.872688411342272,0.2553984520887965,0.5312574056883036,0.0,0.0,240,40,0.18716244233073817,0.3736860274944023,0.6239972330729167,0.6393404134114583,,,0.1919268237614433,0.3747486383078855,0.6242983398437499,0.6395059407552083,0.0,0.0,0.0,0.0,,,,,,,,,,,,,0
d4_b,d4,b,native_all5,native,all5,rmse,complete,complete,0.2759150033045257,0.6322395833333334,31.728903222847478,23.62595731848419,14.871476880903252,0.2553805861946241,0.5312955894991498,-5.6049705018601514e-05,0.000270182291666754,240,40,0.18738789939905431,0.3737812173182103,0.6242701822916666,0.6396582845052083,0.6402335976640233,0.2585174148258517,0.19190980524592746,0.3751646834728989,0.6244908854166666,0.6398280436197916,-0.0006606367438246663,0.00011380398581613095,-0.00018229166666666258,0.0007162272135416706,,,,,,,,,,,,,0
d4_b,d4,b,native_all5,native,all5,mae,complete,complete,0.28106582112532347,0.6211263020833333,31.728903222847478,23.808729632817855,14.890819395082307,0.24962015025865858,0.530685971383982,-0.005206867525816394,-0.010843098958333353,240,40,0.19194935211352676,0.3833631013930955,0.6133916015625,0.6284833984375,0.0005399946000539995,9.99990000099999e-06,0.1954145881886509,0.38511238661140257,0.6135535481770833,0.6286588541666667,-0.011521495601320096,-0.0032614101337405076,-0.012102864583333336,-0.00961238606770833,,,,,,,,,,,,,0
d4_b,d4,b,native_all5,native,all5,sam,complete,complete,0.27023948455963964,0.6317643229166666,31.728903222847478,23.67254916211872,15.09814670953373,0.25391215082806595,0.5241516353877056,0.005619469039867431,-0.00020507812500003553,240,40,0.1847969478356679,0.36570765205741534,0.6236193033854167,0.6392679036458333,0.001089989100108999,0.7225127748722513,0.18828678101993593,0.36748075666282026,0.6240364583333334,0.6395187174479167,0.0013328709331369988,0.010415774851008525,-0.0012958984374999993,0.0008887532552083387,,,,,,,,,,,,,0
d4_b,d4,b,native_all5,native,all5,pearson_r,complete,complete,0.2706288753265359,0.6317057291666667,31.728903222847478,23.927995368392217,15.341237973848504,0.24586125147994242,0.5164901268064783,0.0052300782729711726,-0.00026367187499998224,240,40,0.1851162629259252,0.3667230961552135,0.6237423502604167,0.6393557942708333,0.004629953700462996,0.7584824151758482,0.1886727070348211,0.36844742486833043,0.6240281575520832,0.6394602864583334,0.0005755612818102572,0.009438356506640933,-0.0019011230468749998,0.0013708496093750007,,,,,,,,,,,,,0
d4_b,d4,b,native_all5,native,all5,nmse,complete,complete,0.25840030392908286,0.63212890625,31.728903222847478,23.36199902458104,15.163240788460794,0.26369976105072446,0.5221000649798073,0.01745864967042421,0.0001595052083332993,240,40,0.17684983152525632,0.3505074590253519,0.62415576171875,0.6394663899739584,9.99990000099999e-06,0.38322616773832263,0.17827247448113376,0.35156723526026346,0.62439990234375,0.6396337890625,0.010526919833649662,0.02619036221771086,-0.00018880208333332777,0.0004980468750000029,,,,,,,,,,,,,0
d4_b,d4,b,native_all5,native,all5,wasserstein_1_cm1,complete,complete,0.35661203723740115,0.51375,31.728903222847478,26.311715637791405,14.996806820183423,0.1707335279448059,0.5273455651822071,-0.08075308363789407,-0.11821940104166662,240,40,0.24978278660069564,0.4796362825537262,0.5075188802083334,0.5202744140625,9.99990000099999e-06,9.99990000099999e-06,0.25457613498416015,0.4825388130901074,0.5075911458333333,0.5203909505208333,-0.10757413272674146,-0.06109047339702107,-0.12245792643229166,-0.113677734375,,,,,,,,,,,,,0
d4_b,d4,b,native_all5,native,all5,is_like_structure_to_noise,complete,complete,0.21432251595202145,0.66087890625,31.728903222847478,25.19424943092838,18.394031063809507,0.20595271592034092,0.4202752318723624,0.06153643764748562,0.028909505208333353,240,40,0.14558301292014858,0.29272633943731724,0.6543466796874999,0.6666214192708334,9.99990000099999e-06,9.99990000099999e-06,0.145004427756165,0.2938792687775613,0.6544583333333333,0.6667513020833333,0.04174943356676759,0.08577084316406054,0.018322998046874997,0.03884195963541665,,,,,,,,,,,,,0
d4_b,d4,b,native_all5,native,all5,precision,complete,complete,0.15937654270802787,0.7020930989583333,31.728903222847478,20.749456145381124,15.69261324580609,0.3460392879121088,0.5054158306201366,0.1164824108914792,0.07012369791666662,240,40,0.11199637607011853,0.21794654198707294,0.6940259602864582,0.7086123860677084,9.99990000099999e-06,9.99990000099999e-06,0.11372778858899879,0.21911024332504822,0.6943995768229168,0.7089878743489584,0.07528404302750218,0.15925595264096287,0.06599926757812499,0.07412467447916667,,,,,,,,,,,,,0
d4_b,d4,b,native_all5,native,all5,recall,complete,complete,0.17017499057443483,0.7073697916666667,31.728903222847478,20.739729005700337,15.340263198815112,0.34634585822159814,0.516520848796033,0.10568396302507224,0.07540039062500004,240,40,0.11857318128463036,0.2339292473090363,0.6991202799479167,0.7140789388020834,9.99990000099999e-06,9.99990000099999e-06,0.12042539730834644,0.23514862183623197,0.6995677897135417,0.7142549641927084,0.06859831037594874,0.14449539634002448,0.0710732421875,0.07990584309895833,,,,,,,,,,,,,0
d4_b,d4,b,native_all5,native,all5,f1,complete,complete,0.1656360314176975,0.703076171875,31.728903222847478,20.74253488961172,15.48708527854307,0.346257425164468,0.5118934565821656,0.11022292218180957,0.07110677083333339,240,40,0.11574482123926924,0.2280128912257043,0.694942138671875,0.7097689615885416,9.99990000099999e-06,9.99990000099999e-06,0.1179967011202159,0.228891711371537,0.6953482259114583,0.7099777018229166,0.07126842187059872,0.1501288317187447,0.066968994140625,0.07519303385416667,,,,,,,,,,,,,0
d4_b,d4,b,native_all5,native,all5,artifact_peak_ratio,complete,complete,0.15937654270802787,0.7020930989583333,31.728903222847478,20.749456145381124,15.69261324580609,0.3460392879121088,0.5054158306201366,0.1164824108914792,0.07012369791666662,240,40,0.11199637607011853,0.21794654198707294,0.6940259602864582,0.7086123860677084,9.99990000099999e-06,9.99990000099999e-06,0.11372778858899879,0.21911024332504822,0.6943995768229168,0.7089878743489584,0.07528404302750218,0.15925595264096287,0.06599926757812499,0.07412467447916667,,,,,,,,,,,,,0
d4_b,d4,b,native_all5,native,all5,missing_peak_ratio,complete,complete,0.17017499057443483,0.7073697916666667,31.728903222847478,20.739729005700337,15.340263198815112,0.34634585822159814,0.516520848796033,0.10568396302507224,0.07540039062500004,240,40,0.11857318128463036,0.2339292473090363,0.6991202799479167,0.7140789388020834,9.99990000099999e-06,9.99990000099999e-06,0.12042539730834644,0.23514862183623197,0.6995677897135417,0.7142549641927084,0.06859831037594874,0.14449539634002448,0.0710732421875,0.07990584309895833,,,,,,,,,,,,,0
d4_b,d4,b,native_no_axis,native,no_axis,mse,complete,complete,0.3308178533529469,0.597384982638889,26.45776461465777,23.38526635469735,14.632565460358709,0.11612841465292334,0.44694626800587023,0.0,0.0,240,24,,,,,,,0.21643372016746348,0.485319156033995,0.5916558159722222,0.6026806640625001,0.0,0.0,0.0,0.0,,,,,,,,,,,,,0
d4_b,d4,b,native_no_axis,native,no_axis,rmse,complete,complete,0.33088506975206833,0.5982855902777777,26.45776461465777,23.385833219924532,14.63135392991969,0.11610698936490527,0.4469920591169736,-6.721639912143917e-05,0.0009006076388887729,240,24,,,,,,,0.21649993803018094,0.4856926495503652,0.5925236002604167,0.6038091362847222,-0.0008032973575497939,0.00013531693304014375,-0.0006076388888888868,0.002387424045138891,0.6406235937640623,0.2585174148258517,0.6406235937640623,0.2585174148258517,1.0,1.0,other_metrics_secondary_726,other_metrics_secondary_726,726,726,664,595,0
d4_b,d4,b,native_no_axis,native,no_axis,mae,complete,complete,0.33706207686264134,0.5612413194444446,26.45776461465777,23.568605534258197,14.650696444098747,0.10919891088603007,0.4462609877486714,-0.0062442235096944465,-0.0361436631944444,240,24,,,,,,,0.22124236390787558,0.497673945586322,0.5570735677083334,0.5650184461805556,-0.014727486701235708,-0.003758412816683409,-0.040342881944444436,-0.03204128689236112,0.0005599944000559995,9.99990000099999e-06,0.0005599944000559995,9.99990000099999e-06,0.17639823601763982,0.007259927400725993,other_metrics_secondary_726,other_metrics_secondary_726,726,726,413,264,0
d4_b,d4,b,native_no_axis,native,no_axis,sam,complete,complete,0.32407882638197716,0.5967013888888888,26.45776461465777,23.432425063559066,14.858023758550171,0.11434599994221151,0.43842482632418867,0.00673902697096973,-0.0006835937500001554,240,24,,,,,,,0.21250919039914828,0.47528099011482444,0.5908420138888889,0.6025396050347223,0.0015265220110625103,0.013266564407230149,-0.004319661458333332,0.0029625108506944483,0.001089989100108999,0.7195528044719552,0.001089989100108999,0.7195528044719552,0.3324466755332447,1.0,other_metrics_secondary_726,other_metrics_secondary_726,726,726,422,686,0
d4_b,d4,b,native_no_axis,native,no_axis,pearson_r,complete,complete,0.3242859926746538,0.596506076388889,26.45776461465777,23.68099748488157,15.101115022864946,0.1049509348283284,0.42923692750298215,0.006531860678293089,-0.0008789062499999778,240,24,,,,,,,0.21232975415078892,0.47675241688823256,0.5902332899305556,0.6025830078125001,0.0018770214681474752,0.012134552864737613,-0.006337076822916662,0.004569498697916656,0.0010699893001069989,0.7577024229757703,0.0010699893001069989,0.7577024229757703,0.3274167258327417,1.0,other_metrics_secondary_726,other_metrics_secondary_726,726,726,421,690,0
d4_b,d4,b,native_no_axis,native,no_axis,nmse,complete,complete,0.3098809445149417,0.5979166666666667,26.45776461465777,23.121874926021384,14.923117837477232,0.1260835802730016,0.43596452478794334,0.020936908838005197,0.0005316840277777013,240,24,,,,,,,0.20116341097716178,0.4556582503047937,0.5920781792534722,0.6031803385416666,0.012099142219167094,0.03367662737847495,-0.0006293402777777786,0.0016601562499999956,9.99990000099999e-06,0.3813861861381386,9.99990000099999e-06,0.3813861861381386,0.007259927400725993,1.0,other_metrics_secondary_726,other_metrics_secondary_726,726,726,267,616,0
d4_b,d4,b,native_no_axis,native,no_axis,wasserstein_1_cm1,complete,complete,0.42262263824796154,0.254296875,26.45776461465777,25.9384709738413,14.756820690251073,0.019627268152834665,0.4422499064007962,-0.09180478489501465,-0.343088107638889,240,24,,,,,,,0.2833466162325655,0.616677840342498,0.2463324652777778,0.2632600911458333,-0.13104596439278948,-0.06600901833219673,-0.3535810004340278,-0.33120524088541664,9.99990000099999e-06,9.99990000099999e-06,9.99990000099999e-06,9.99990000099999e-06,0.0006599934000659994,0.0006599934000659994,w1_axis_primary_66,w1_axis_primary_66,66,66,18,19,0
d4_b,d4,b,native_no_axis,native,no_axis,is_like_structure_to_noise,complete,complete,0.13299743875478834,0.7450086805555555,26.45776461465777,21.672723041752498,18.153908112825945,0.18085585243487756,0.3138532911896659,0.19782041459815855,0.14762369791666652,240,24,,,,,,,0.08553928749944109,0.19591490094026656,0.7358713107638889,0.7530604383680556,0.12834770744832757,0.2921771956387299,0.13857231987847224,0.1569997829861111,9.99990000099999e-06,9.99990000099999e-06,9.99990000099999e-06,9.99990000099999e-06,0.007259927400725993,0.007259927400725993,other_metrics_secondary_726,other_metrics_secondary_726,726,726,262,263,0
d4_b,d4,b,native_no_axis,native,no_axis,precision,complete,complete,0.06404214373446857,0.8480034722222223,26.45776461465777,17.14712364410477,15.452711679760121,0.3519058055794647,0.4159479493139333,0.2667757096184783,0.2506184895833333,240,24,,,,,,,0.04444186955950562,0.09415655417058322,0.8366525607638889,0.8580094401041667,0.16975125753379994,0.39302186134425865,0.23970052083333332,0.2610188802083333,9.99990000099999e-06,9.99990000099999e-06,9.99990000099999e-06,9.99990000099999e-06,0.007259927400725993,0.007259927400725993,other_metrics_secondary_726,other_metrics_secondary_726,726,726,268,269,0
d4_b,d4,b,native_no_axis,native,no_axis,recall,complete,complete,0.07333399027365203,0.846875,26.45776461465777,17.04061508568303,15.100361632769141,0.3559314124276992,0.42926540270135116,0.25748386307929483,0.2494900173611111,240,24,,,,,,,0.05070018709229912,0.10745127311936148,0.8355213758680556,0.8568370225694444,0.16449988732545642,0.38030463162788364,0.2385196940104167,0.2600070529513889,9.99990000099999e-06,9.99990000099999e-06,9.99990000099999e-06,9.99990000099999e-06,0.007259927400725993,0.007259927400725993,other_metrics_secondary_726,other_metrics_secondary_726,726,726,270,271,0
d4_b,d4,b,native_no_axis,native,no_axis,f1,complete,complete,0.06963424712047622,0.8469835069444444,26.45776461465777,17.089550231929564,15.247183712497094,0.3540818553332413,0.4237161024537176,0.26118360623247067,0.2495985243055554,240,24,,,,,,,0.048593477676125235,0.10202575925819457,0.8355875651041667,0.8569661458333333,0.1662081052349584,0.3851955708473871,0.23863905164930557,0.2601155598958333,9.99990000099999e-06,9.99990000099999e-06,9.99990000099999e-06,9.99990000099999e-06,0.007259927400725993,0.007259927400725993,other_metrics_secondary_726,other_metrics_secondary_726,726,726,260,261,0
d4_b,d4,b,native_no_axis,native,no_axis,artifact_peak_ratio,complete,complete,0.06404214373446857,0.8480034722222223,26.45776461465777,17.14712364410477,15.452711679760121,0.3519058055794647,0.4159479493139333,0.2667757096184783,0.2506184895833333,240,24,,,,,,,0.04444186955950562,0.09415655417058322,0.8366525607638889,0.8580094401041667,0.16975125753379994,0.39302186134425865,0.23970052083333332,0.2610188802083333,9.99990000099999e-06,9.99990000099999e-06,9.99990000099999e-06,9.99990000099999e-06,0.007259927400725993,0.007259927400725993,other_metrics_secondary_726,other_metrics_secondary_726,726,726,258,259,0
d4_b,d4,b,native_no_axis,native,no_axis,missing_peak_ratio,complete,complete,0.07333399027365203,0.846875,26.45776461465777,17.04061508568303,15.100361632769141,0.3559314124276992,0.42926540270135116,0.25748386307929483,0.2494900173611111,240,24,,,,,,,0.05070018709229912,0.10745127311936148,0.8355213758680556,0.8568370225694444,0.16449988732545642,0.38030463162788364,0.2385196940104167,0.2600070529513889,9.99990000099999e-06,9.99990000099999e-06,9.99990000099999e-06,9.99990000099999e-06,0.007259927400725993,0.007259927400725993,other_metrics_secondary_726,other_metrics_secondary_726,726,726,265,266,0
d4_b,d4,b,common_grid_all5,common_grid,all5,mse,complete,complete,0.2750974243877629,0.6344466145833334,31.728903222847478,23.597229850669173,14.868690295415242,0.25628598994001206,0.5313834143277749,0.0,0.0,240,40,,,,,,,0.1911554114734332,0.3732718803002813,0.62701806640625,0.64222021484375,0.0,0.0,0.0,0.0,,,,,,,,,,,,,0
d4_b,d4,b,common_grid_all5,common_grid,all5,rmse,complete,complete,0.2746101742496594,0.6336588541666667,31.728903222847478,23.57714352631492,14.864063883538195,0.2569190507241551,0.5315292249738144,0.00048725013810352324,-0.0007877604166667274,240,40,,,,,,,0.19078191567974467,0.37305622924266096,0.6259765625,0.6415187174479168,-0.0003054525377075866,0.0016224078859246043,-0.0016210937499999988,-0.00016276041666666297,0.4259657403425966,0.015089849101508984,0.4259657403425966,0.015089849101508984,1.0,1.0,other_metrics_secondary_726,other_metrics_secondary_726,726,726,624,476,0
d4_b,d4,b,common_grid_all5,common_grid,all5,mae,complete,complete,0.2810981059881383,0.6145768229166666,31.728903222847478,23.808728679317035,14.889794078293672,0.24962018031014865,0.5307182862982869,-0.006000681600375368,-0.019869791666666803,240,40,,,,,,,0.19544259112494233,0.38527867896102813,0.6070084635416667,0.6223637695312499,-0.013146817600664423,-0.0038242227412989705,-0.021380208333333324,-0.01844384765624999,0.0002099979000209998,9.99990000099999e-06,0.0002099979000209998,9.99990000099999e-06,0.07076929230707693,0.007259927400725993,other_metrics_secondary_726,other_metrics_secondary_726,726,726,391,230,0
d4_b,d4,b,common_grid_all5,common_grid,all5,sam,complete,complete,0.26263194962949954,0.629765625,31.728903222847478,23.452870095010944,15.119846381988799,0.2608357770739801,0.5234677267034797,0.012465474758263373,-0.004680989583333406,240,40,,,,,,,0.18248407785655607,0.3576817921723138,0.622095703125,0.63774755859375,0.006616462257178266,0.019504263784389925,-0.005944173177083332,-0.003489420572916662,9.99990000099999e-06,9.99990000099999e-06,9.99990000099999e-06,9.99990000099999e-06,0.007259927400725993,0.007259927400725993,other_metrics_secondary_726,other_metrics_secondary_726,726,726,239,240,0
d4_b,d4,b,common_grid_all5,common_grid,all5,pearson_r,complete,complete,0.2704879982013127,0.6258984375,31.728903222847478,23.923464385907383,15.34117686803619,0.24600405447735496,0.5164920526786677,0.004609426186450216,-0.008548177083333441,240,40,,,,,,,0.18862155801155506,0.3683363061747757,0.6182745768229166,0.6337957356770834,0.0002152829474730195,0.008315482459396577,-0.010423339843749997,-0.006750813802083335,0.007269927300726993,9.99990000099999e-06,0.007269927300726993,9.99990000099999e-06,1.0,0.007259927400725993,other_metrics_secondary_726,other_metrics_secondary_726,726,726,459,234,0
d4_b,d4,b,common_grid_all5,common_grid,all5,nmse,complete,complete,0.24477103227110072,0.6342903645833334,31.728903222847478,22.889596558858056,15.123280164171824,0.27858847190231206,0.5233595041734127,0.030326392116662187,-0.00015624999999996891,240,40,,,,,,,0.17252533256485206,0.33043953187391106,0.6267703450520834,0.6420836588541666,0.017299716271483686,0.04700451829684373,-0.00035172526041666604,0.0,9.99990000099999e-06,0.12603873961260387,9.99990000099999e-06,0.12603873961260387,0.007259927400725993,1.0,other_metrics_secondary_726,other_metrics_secondary_726,726,726,233,546,0
d4_b,d4,b,common_grid_all5,common_grid,all5,wasserstein_1_cm1,complete,complete,0.35219650755659504,0.52318359375,31.728903222847478,26.180380548940878,15.005571645252804,0.1748728165904958,0.527069324147091,-0.07709908316883213,-0.11126302083333339,240,40,,,,,,,0.2520287460062498,0.47619886840252906,0.5166401367187501,0.5300657552083333,-0.10259608660084564,-0.05887299583336512,-0.11466813151041669,-0.10743473307291665,9.99990000099999e-06,9.99990000099999e-06,9.99990000099999e-06,9.99990000099999e-06,0.0006599934000659994,0.0006599934000659994,w1_axis_primary_66,w1_axis_primary_66,66,66,14,15,0
d4_b,d4,b,common_grid_all5,common_grid,all5,is_like_structure_to_noise,complete,complete,0.21494160172465926,0.6796419270833333,31.728903222847478,25.197717642536603,18.377856362851062,0.2058434082779096,0.42078501000256885,0.06015582266310365,0.04519531249999986,240,40,,,,,,,0.14569649669515422,0.2945410065503947,0.6730914713541667,0.6857500000000001,0.04008027956414449,0.08342072654663668,0.03565104166666667,0.05423225911458333,9.99990000099999e-06,9.99990000099999e-06,9.99990000099999e-06,9.99990000099999e-06,0.007259927400725993,0.007259927400725993,other_metrics_secondary_726,other_metrics_secondary_726,726,726,228,229,0
d4_b,d4,b,common_grid_all5,common_grid,all5,precision,complete,complete,0.19828512306971247,0.8165885416666666,31.728903222847478,21.97013650263453,15.678767022225223,0.3075670990475906,0.5058522221173031,0.07681230131805045,0.1821419270833332,240,40,,,,,,,0.1366968705718975,0.27255522202448174,0.8062039388020833,0.8249611002604167,0.05197570004057664,0.1041174664773664,0.17190673828125,0.19170605468750002,9.99990000099999e-06,9.99990000099999e-06,9.99990000099999e-06,9.99990000099999e-06,0.007259927400725993,0.007259927400725993,other_metrics_secondary_726,other_metrics_secondary_726,726,726,235,236,0
d4_b,d4,b,common_grid_all5,common_grid,all5,recall,complete,complete,0.21921299046948778,0.80798828125,31.728903222847478,22.282105289569493,15.326717529772129,0.29773477724485276,0.5169477677143406,0.055884433918275134,0.1735416666666666,240,40,,,,,,,0.150110920694244,0.3000396680575242,0.7979230143229166,0.8161918945312501,0.038088208128779485,0.07712688130181712,0.16349576822916667,0.1829957682291667,9.99990000099999e-06,9.99990000099999e-06,9.99990000099999e-06,9.99990000099999e-06,0.007259927400725993,0.007259927400725993,other_metrics_secondary_726,other_metrics_secondary_726,726,726,237,238,0
d4_b,d4,b,common_grid_all5,common_grid,all5,f1,complete,complete,0.20397584465933358,0.8154752604166667,31.728903222847478,21.97975646850601,15.507826633511446,0.3072639065355799,0.5112397511949134,0.07112157972842933,0.18102864583333333,240,40,,,,,,,0.1407235862393535,0.27873671083120094,0.8051025390625001,0.8238479817708333,0.04844580603308302,0.0972621156789744,0.17080582682291667,0.19071614583333335,9.99990000099999e-06,9.99990000099999e-06,9.99990000099999e-06,9.99990000099999e-06,0.007259927400725993,0.007259927400725993,other_metrics_secondary_726,other_metrics_secondary_726,726,726,226,227,0
d4_b,d4,b,common_grid_all5,common_grid,all5,artifact_peak_ratio,complete,complete,0.19828512306971247,0.8165885416666666,31.728903222847478,21.97013650263453,15.678767022225223,0.3075670990475906,0.5058522221173031,0.07681230131805045,0.1821419270833332,240,40,,,,,,,0.1366968705718975,0.27255522202448174,0.8062039388020833,0.8249611002604167,0.05197570004057664,0.1041174664773664,0.17190673828125,0.19170605468750002,9.99990000099999e-06,9.99990000099999e-06,9.99990000099999e-06,9.99990000099999e-06,0.007259927400725993,0.007259927400725993,other_metrics_secondary_726,other_metrics_secondary_726,726,726,224,225,0
d4_b,d4,b,common_grid_all5,common_grid,all5,missing_peak_ratio,complete,complete,0.21921299046948778,0.80798828125,31.728903222847478,22.282105289569493,15.326717529772129,0.29773477724485276,0.5169477677143406,0.055884433918275134,0.1735416666666666,240,40,,,,,,,0.150110920694244,0.3000396680575242,0.7979230143229166,0.8161918945312501,0.038088208128779485,0.07712688130181712,0.16349576822916667,0.1829957682291667,9.99990000099999e-06,9.99990000099999e-06,9.99990000099999e-06,9.99990000099999e-06,0.007259927400725993,0.007259927400725993,other_metrics_secondary_726,other_metrics_secondary_726,726,726,231,232,0
d4_b,d4,b,common_grid_no_axis,common_grid,no_axis,mse,complete,complete,0.3290606379691036,0.6234375,26.45776461465777,23.335188105892758,14.628979202557097,0.11802117655227318,0.44708181452137685,0.0,0.0,240,24,,,,,,,0.21503340901336207,0.4818164347070276,0.6173611111111111,0.6293402777777779,0.0,0.0,0.0,0.0,,,,,,,,,,,,,0
d4_b,d4,b,common_grid_no_axis,common_grid,no_axis,rmse,complete,complete,0.32931405253963725,0.6228298611111112,26.45776461465777,23.337236902063736,14.624323215670973,0.11794374007187447,0.44725779261151166,-0.0002534145705336277,-0.0006076388888888173,240,24,,,,,,,0.21536984387108704,0.48194951694525284,0.6167089843750001,0.6286458333333333,-0.0006349557750064793,4.754992489275326e-05,-0.0014756944444444453,0.00017361111111111096,0.17434825651743482,0.1943880561194388,0.17434825651743482,0.1943880561194388,1.0,1.0,other_metrics_secondary_726,other_metrics_secondary_726,726,726,566,577,0
d4_b,d4,b,common_grid_no_axis,common_grid,no_axis,mae,complete,complete,0.3370454016068645,0.5612413194444446,26.45776461465777,23.568605534258197,14.65113763409098,0.10919891088603007,0.44624431249289453,-0.007984763637760905,-0.062196180555555425,240,24,,,,,,,0.22122215356261654,0.4976584650710805,0.5570735677083334,0.5650184461805556,-0.017719324320634295,-0.005031113662677913,-0.06644965277777777,-0.05815863715277777,2.999970000299997e-05,9.99990000099999e-06,2.999970000299997e-05,9.99990000099999e-06,0.011639883601163989,0.007259927400725993,other_metrics_secondary_726,other_metrics_secondary_726,726,726,348,247,0
d4_b,d4,b,common_grid_no_axis,common_grid,no_axis,sam,complete,complete,0.3149513988632499,0.6098307291666667,26.45776461465777,23.212929090115857,14.880019113934798,0.1226420890729466,0.43759348793619646,0.01410923910585371,-0.013606770833333282,240,24,,,,,,,0.20586355202233594,0.4622883356257203,0.6042100694444446,0.6152137586805556,0.006993402933457663,0.023595850375694533,-0.017014973958333332,-0.010156250000000004,9.99990000099999e-06,9.99990000099999e-06,9.99990000099999e-06,9.99990000099999e-06,0.007259927400725993,0.007259927400725993,other_metrics_secondary_726,other_metrics_secondary_726,726,726,256,257,0
d4_b,d4,b,common_grid_no_axis,common_grid,no_axis,pearson_r,complete,complete,0.3241297656835717,0.5971788194444444,26.45776461465777,23.676802962112745,15.101053917052628,0.10510947138007087,0.42923923706364264,0.0049308722855319065,-0.02625868055555558,240,24,,,,,,,0.21224393300428654,0.4766351537904856,0.5909722222222221,0.6032335069444446,0.0005640249813274774,0.009652106445071694,-0.03194444444444443,-0.020680881076388886,0.008789912100878991,9.99990000099999e-06,0.008789912100878991,9.99990000099999e-06,1.0,0.007259927400725993,other_metrics_secondary_726,other_metrics_secondary_726,726,726,465,251,0
d4_b,d4,b,common_grid_no_axis,common_grid,no_axis,nmse,complete,complete,0.2926555939048474,0.6234375,26.45776461465777,22.626581888011003,14.883569071313678,0.14480371952981497,0.4374593134346624,0.03640504406425621,0.0,240,24,,,,,,,0.1938644379208427,0.4264834631138828,0.6173611111111111,0.6293402777777779,0.019737282794730464,0.060604124284750295,0.0,0.0,9.99990000099999e-06,1.0,9.99990000099999e-06,1.0,0.007259927400725993,1.0,other_metrics_secondary_726,other_metrics_secondary_726,726,726,250,726,0
d4_b,d4,b,common_grid_no_axis,common_grid,no_axis,wasserstein_1_cm1,complete,complete,0.4223625954972117,0.25462239583333335,26.45776461465777,25.940272259274874,14.765502125573732,0.01955918661005096,0.44192178210726274,-0.0933019575281081,-0.36881510416666663,240,24,,,,,,,0.28307193143374926,0.6166309749959723,0.24667805989583333,0.26365017361111115,-0.13347204517446895,-0.06705292489847059,-0.3797309027777777,-0.3564870876736111,9.99990000099999e-06,9.99990000099999e-06,9.99990000099999e-06,9.99990000099999e-06,0.0006599934000659994,0.0006599934000659994,w1_axis_primary_66,w1_axis_primary_66,66,66,16,17,0
d4_b,d4,b,common_grid_no_axis,common_grid,no_axis,is_like_structure_to_noise,complete,complete,0.13293145795336087,0.7449652777777779,26.45776461465777,21.674328303551427,18.15725907913813,0.18079517981864157,0.3137266377720024,0.19612918001574275,0.1215277777777779,240,24,,,,,,,0.08552237817702919,0.1959801462068624,0.7358284505208332,0.7530381944444445,0.12681555353814158,0.2892375475522272,0.11252061631944445,0.1304714626736111,9.99990000099999e-06,9.99990000099999e-06,9.99990000099999e-06,9.99990000099999e-06,0.007259927400725993,0.007259927400725993,other_metrics_secondary_726,other_metrics_secondary_726,726,726,245,246,0
d4_b,d4,b,common_grid_no_axis,common_grid,no_axis,precision,complete,complete,0.06481181035119195,0.8479166666666667,26.45776461465777,17.153625812709784,15.438850190188107,0.35166004904259496,0.41647185939378695,0.2642488276179117,0.22447916666666667,240,24,,,,,,,0.043594321332102365,0.09685368520486191,0.836609157986111,0.857878146701389,0.1702075729869223,0.38783424376861525,0.21408311631944443,0.23433213975694447,9.99990000099999e-06,9.99990000099999e-06,9.99990000099999e-06,9.99990000099999e-06,0.007259927400725993,0.007259927400725993,other_metrics_secondary_726,other_metrics_secondary_726,726,726,252,253,0
d4_b,d4,b,common_grid_no_axis,common_grid,no_axis,recall,complete,complete,0.07326764987135972,0.8468967013888888,26.45776461465777,17.025235605757832,15.086737371592235,0.35651269660454443,0.42978034647590424,0.25579298809774387,0.22345920138888886,240,24,,,,,,,0.04971789976902669,0.10872668341689035,0.8355425347222223,0.8568798828125,0.163879830671595,0.3759322083658249,0.21304036458333334,0.23337727864583335,9.99990000099999e-06,9.99990000099999e-06,9.99990000099999e-06,9.99990000099999e-06,0.007259927400725993,0.007259927400725993,other_metrics_secondary_726,other_metrics_secondary_726,726,726,254,255,0
d4_b,d4,b,common_grid_no_axis,common_grid,no_axis,f1,complete,complete,0.06935887956353748,0.8469618055555556,26.45776461465777,17.102923838960876,15.267842929532405,0.35357638530483604,0.4229352648683735,0.25970175840556614,0.22352430555555558,240,24,,,,,,,0.047203442641098,0.10366972467288235,0.8355870225694444,0.8569661458333333,0.1670046706501992,0.38127270607823344,0.21310655381944443,0.23344184027777776,9.99990000099999e-06,9.99990000099999e-06,9.99990000099999e-06,9.99990000099999e-06,0.007259927400725993,0.007259927400725993,other_metrics_secondary_726,other_metrics_secondary_726,726,726,243,244,0
d4_b,d4,b,common_grid_no_axis,common_grid,no_axis,artifact_peak_ratio,complete,complete,0.06481181035119195,0.8479166666666667,26.45776461465777,17.153625812709784,15.438850190188107,0.35166004904259496,0.41647185939378695,0.2642488276179117,0.22447916666666667,240,24,,,,,,,0.043594321332102365,0.09685368520486191,0.836609157986111,0.857878146701389,0.1702075729869223,0.38783424376861525,0.21408311631944443,0.23433213975694447,9.99990000099999e-06,9.99990000099999e-06,9.99990000099999e-06,9.99990000099999e-06,0.007259927400725993,0.007259927400725993,other_metrics_secondary_726,other_metrics_secondary_726,726,726,241,242,0
d4_b,d4,b,common_grid_no_axis,common_grid,no_axis,missing_peak_ratio,complete,complete,0.07326764987135972,0.8468967013888888,26.45776461465777,17.025235605757832,15.086737371592235,0.35651269660454443,0.42978034647590424,0.25579298809774387,0.22345920138888886,240,24,,,,,,,0.04971789976902669,0.10872668341689035,0.8355425347222223,0.8568798828125,0.163879830671595,0.3759322083658249,0.21304036458333334,0.23337727864583335,9.99990000099999e-06,9.99990000099999e-06,9.99990000099999e-06,9.99990000099999e-06,0.007259927400725993,0.007259927400725993,other_metrics_secondary_726,other_metrics_secondary_726,726,726,248,249,0
d5_a,d5,a,native_all5,native,all5,mse,complete,complete,0.02589084818240907,0.5637183370044052,534.8950013939356,510.0064309989434,496.15754572432354,0.04652982422743257,0.07242067240984174,0.0,0.0,681,40,0.020587990947390642,0.034059911814694456,0.5544990420796623,0.5721129026707047,,,0.020217150144442392,0.03419674383787762,0.5550281926853892,0.5729352514684287,0.0,0.0,0.0,0.0,,,,,,,,,,,,,0
d5_a,d5,a,native_all5,native,all5,rmse,complete,complete,0.025994714272215894,0.5638594438325991,534.8950013939356,510.2387838619712,496.33434113509935,0.046095434557642645,0.07209014882985854,-0.00010386608980682277,0.0001411068281939043,681,40,0.02060145195389988,0.034205643568316756,0.5545983331038914,0.5723023357195302,0.6839331606683933,0.22575774242257576,0.020316267951879,0.034233282059616746,0.5551055146383995,0.5730188257158592,-0.0004443293938498939,0.0004513654530596118,-7.345011930983478e-05,0.0003683117657856128,,,,,,,,,,,,,0
d5_a,d5,a,native_all5,native,all5,mae,complete,complete,0.02593172919089978,0.5648930800293686,534.8950013939356,510.233695914603,496.3629435928895,0.04610494660646525,0.07203667579736506,-4.088100849070769e-05,0.0011747430249633428,681,40,0.02062147645999067,0.034060316906224374,0.5556472845539647,0.5735897060848018,0.8947710522894771,9.99990000099999e-06,0.020384733147763366,0.03426807211686251,0.5560041242198973,0.574267735866373,-0.0005672384442728103,0.0005336704998982651,0.0006755345998531596,0.0016554813693098417,,,,,,,,,,,,,0
d5_a,d5,a,native_all5,native,all5,sam,complete,complete,0.03151934489778361,0.5632158590308372,534.8950013939356,495.64875091661685,478.78921088358095,0.0733718774246217,0.10489122232240533,-0.005628496715374538,-0.0005024779735680607,681,40,0.02536996027002199,0.04186258318345418,0.5541998210352423,0.5715080075256975,0.00043999560004399956,0.05472945270547294,0.025300615006213313,0.041658188776244345,0.5545627409140969,0.5722173848201175,-0.00943685754772429,-0.0033007440751796923,-0.001026867657856094,-1.7150789280469477e-05,,,,,,,,,,,,,0
d5_a,d5,a,native_all5,native,all5,pearson_r,complete,complete,0.0341109820249643,0.5634521842878121,534.8950013939356,501.22929050283443,482.98349672504264,0.06293891474657332,0.09704989677153764,-0.008220133842555228,-0.00026615271659313766,681,40,0.027008323673927945,0.04409206018531889,0.5543705545613069,0.5719121982837738,9.99990000099999e-06,0.4400655993440066,0.026698627642299688,0.04381846371205881,0.5548348878028635,0.5723810630047722,-0.011234941572902632,-0.005021346578683929,-0.0009592109489720987,0.0003741051762114531,,,,,,,,,,,,,0
d5_a,d5,a,native_all5,native,all5,nmse,complete,complete,0.027705971224591307,0.564069383259912,534.8950013939356,495.4814694930436,480.6616839762455,0.07368461436016482,0.10139058558475611,-0.0018151230421822352,0.0003510462555067484,681,40,0.021197584779866194,0.03578931685968796,0.5549178884453011,0.5724959274045521,0.11740882591174089,0.11344886551134489,0.021033891342389668,0.03554828853319614,0.555274068465492,0.573233984948605,-0.0035053681446447775,0.0011778880004461036,-8.604074889867477e-05,0.0007904276798825283,,,,,,,,,,,,,0
d5_a,d5,a,native_all5,native,all5,wasserstein_1_cm1,complete,complete,0.020767723025267908,0.5697801945668136,534.8950013939356,491.3017415842258,480.19319034767625,0.08149872348050702,0.10226644650577488,0.005123125157141164,0.0060618575624084015,681,40,0.016444862873379592,0.028071553801587795,0.559765395558003,0.5791611887389868,0.01878981210187898,9.99990000099999e-06,0.01633279908723168,0.027755666578157697,0.5602459331406019,0.5796177209526433,0.0010148301885659437,0.009024120025713482,0.0043710134453010295,0.0076762401339941265,,,,,,,,,,,,,0
d5_a,d5,a,native_all5,native,all5,is_like_structure_to_noise,complete,complete,0.050827911400603616,0.5094713656387665,534.8950013939356,525.1547787852974,497.96718304582066,0.018209597366315222,0.06903750876691883,-0.024937063218194545,-0.05424697136563872,681,40,0.04193575007071089,0.06580661503067016,0.5038279815987519,0.5152510382250367,9.99990000099999e-06,9.99990000099999e-06,0.0421680858305272,0.0660660079300053,0.5033683805983847,0.5159109134085902,-0.034298862596244026,-0.02005633270031454,-0.062284353203010276,-0.04616238183737151,,,,,,,,,,,,,0
d5_a,d5,a,native_all5,native,all5,precision,complete,complete,0.05211297488473799,0.5161802496328928,534.8950013939356,521.5950826372664,493.72011286365233,0.02486454111930303,0.07697751600404101,-0.02622212670232892,-0.04753808737151244,681,40,0.04221619554965934,0.07130680529320887,0.5116603856919971,0.5207585639225403,2.999970000299997e-05,9.99990000099999e-06,0.04244938080548328,0.07172119339590487,0.5114910001376652,0.5210281009085903,-0.04155052313953994,-0.018600128901676775,-0.05385614560389135,-0.04141187132892804,,,,,,,,,,,,,0
d5_a,d5,a,native_all5,native,all5,recall,complete,complete,0.057060380141513024,0.518448283773862,534.8950013939356,521.0394714937958,490.51815937846266,0.025903270481182905,0.08296365062269584,-0.031169531959103953,-0.04527005323054323,681,40,0.04609297679990433,0.07580714860629847,0.5137397037903817,0.5232450555249634,9.99990000099999e-06,9.99990000099999e-06,0.046111626975996474,0.07617061112472513,0.5136162353157122,0.5234662376101322,-0.04671381903310894,-0.023074222210229173,-0.051258460673641704,-0.03940657695484581,,,,,,,,,,,,,0
d5_a,d5,a,native_all5,native,all5,f1,complete,complete,0.056663761661054995,0.5175970539647577,534.8950013939356,521.1744186608262,490.86525578815053,0.025650983272144212,0.08231474493319912,-0.030772913478645924,-0.046121283039647465,681,40,0.045512446663133144,0.0765808702385967,0.5130180226688694,0.5222458356277534,9.99990000099999e-06,9.99990000099999e-06,0.04581051746616523,0.07707494254812133,0.5128792676211452,0.522593440253304,-0.04747722333791409,-0.022653839320548704,-0.05218468933553597,-0.04018659370411161,,,,,,,,,,,,,0
d5_a,d5,a,native_all5,native,all5,artifact_peak_ratio,complete,complete,0.05211297488473799,0.5161802496328928,534.8950013939356,521.5950826372664,493.72011286365233,0.02486454111930303,0.07697751600404101,-0.02622212670232892,-0.04753808737151244,681,40,0.04221619554965934,0.07130680529320887,0.5116603856919971,0.5207585639225403,2.999970000299997e-05,9.99990000099999e-06,0.04244938080548328,0.07172119339590487,0.5114910001376652,0.5210281009085903,-0.04155052313953994,-0.018600128901676775,-0.05385614560389135,-0.04141187132892804,,,,,,,,,,,,,0
d5_a,d5,a,native_all5,native,all5,missing_peak_ratio,complete,complete,0.057060380141513024,0.518448283773862,534.8950013939356,521.0394714937958,490.51815937846266,0.025903270481182905,0.08296365062269584,-0.031169531959103953,-0.04527005323054323,681,40,0.04609297679990433,0.07580714860629847,0.5137397037903817,0.5232450555249634,9.99990000099999e-06,9.99990000099999e-06,0.046111626975996474,0.07617061112472513,0.5136162353157122,0.5234662376101322,-0.04671381903310894,-0.023074222210229173,-0.051258460673641704,-0.03940657695484581,,,,,,,,,,,,,0
d5_a,d5,a,native_no_axis,native,no_axis,mse,complete,complete,0.027764567599291634,0.5551655041605482,497.33159411690394,491.72226310685505,477.9140664427328,0.011278855146955258,0.039043422746246836,0.0,0.0,681,24,,,,,,,0.02154228000971568,0.036960377704984365,0.5483277502447382,0.5616972398127753,0.0,0.0,0.0,0.0,,,,,,,,,,,,,0
d5_a,d5,a,native_no_axis,native,no_axis,rmse,complete,complete,0.027876278684831363,0.5556358602545276,497.33159411690394,491.95461596988287,478.0908618535086,0.010811656067354458,0.03868793475218579,-0.00011171108553972853,0.00047035609397938494,681,24,,,,,,,0.021630677351599757,0.0369592504059656,0.5488251613742046,0.562251629038179,-0.00047395728130082156,0.000484932935048923,-0.0002448337310327957,0.0012277058859520296,0.6853131468685313,0.22204777952220478,0.6853131468685313,0.22204777952220478,1.0,1.0,other_metrics_secondary_726,other_metrics_secondary_726,726,726,675,585,0
d5_a,d5,a,native_no_axis,native,no_axis,mae,complete,complete,0.027799445531290847,0.5590813142437592,497.33159411690394,491.9450068729417,478.11946431129877,0.010830977375421047,0.038630422906711814,-3.4877931999213047e-05,0.003915810083210958,681,24,,,,,,,0.021642089457639933,0.03695426326283659,0.5519149802679881,0.5657774833272148,-0.0005919654262827866,0.0005971139830728722,0.0022517819995105234,0.005518271231032792,0.9174008259917401,9.99990000099999e-06,0.9174008259917401,9.99990000099999e-06,1.0,0.007259927400725993,other_metrics_secondary_726,other_metrics_secondary_726,726,726,710,294,0
d5_a,d5,a,native_no_axis,native,no_axis,sam,complete,complete,0.03382762065681091,0.5534905775819873,497.33159411690394,477.36927610842383,460.54573160199016,0.04013884950126001,0.0739664701580709,-0.006063053057519273,-0.0016749265785609424,681,24,,,,,,,0.02703268765679855,0.04485704776647566,0.5470164892315224,0.5597283406754773,-0.01015831050912455,-0.0036194066589411117,-0.003422892192853647,-5.716929760157077e-05,0.0004199958000419996,0.05344946550534495,0.0004199958000419996,0.05344946550534495,0.13355866441335587,1.0,other_metrics_secondary_726,other_metrics_secondary_726,726,726,409,509,0
d5_a,d5,a,native_no_axis,native,no_axis,pearson_r,complete,complete,0.03661502731077743,0.5542783284385707,497.33159411690394,482.9498273445548,464.7400174434519,0.028917862734794464,0.06553289004557183,-0.008850459711485799,-0.0008871757219774956,681,24,,,,,,,0.02853109302620731,0.04727698073463641,0.5475734596793931,0.5607492619615762,-0.012084920445839739,-0.0054605560024630646,-0.0031973698299070036,0.001247017254038175,9.99990000099999e-06,0.44276557234427655,9.99990000099999e-06,0.44276557234427655,0.007259927400725993,1.0,other_metrics_secondary_726,other_metrics_secondary_726,726,726,296,629,0
d5_a,d5,a,native_no_axis,native,no_axis,nmse,complete,complete,0.029725943475262185,0.5563356583455702,497.33159411690394,477.2018555498359,462.4182046946548,0.04047548719041627,0.07020143066567841,-0.001961375875970551,0.0011701541850219765,681,24,,,,,,,0.022423060127022557,0.03827338788292937,0.5495015372613804,0.5628231308125305,-0.003789889041059937,0.0012372746454296746,-0.0002868024963289273,0.002634758932941753,0.11494885051149488,0.11395886041139588,0.11494885051149488,0.11395886041139588,1.0,1.0,other_metrics_secondary_726,other_metrics_secondary_726,726,726,543,542,0
d5_a,d5,a,native_no_axis,native,no_axis,wasserstein_1_cm1,complete,complete,0.02223166819775225,0.5734520313264806,497.33159411690394,473.10327860322866,462.04676761856246,0.04871662247136488,0.07094829066911712,0.0055328994015393825,0.018286527165932376,681,24,,,,,,,0.0173454037585151,0.029656251529326935,0.5639524634422419,0.5825546645558003,0.0010184055164742943,0.009787380721717837,0.01329128808737151,0.02310891994003916,0.01823981760182398,9.99990000099999e-06,0.01823981760182398,9.99990000099999e-06,0.27359726402735973,0.0006599934000659994,w1_axis_primary_66,w1_axis_primary_66,66,66,52,20,0
d5_a,d5,a,native_no_axis,native,no_axis,is_like_structure_to_noise,complete,complete,0.03268709335118936,0.4353967816935878,497.33159411690394,495.9800280076249,479.72370376422987,0.002717635728892165,0.03540472908008152,-0.004922525751897729,-0.11976872246696041,681,24,,,,,,,0.027055228726486424,0.04733642498734837,0.4245038316813509,0.44629193052496324,-0.015774516264215915,-0.0014772010278476422,-0.13492068954968184,-0.10394640234948607,0.12990870091299087,9.99990000099999e-06,0.12990870091299087,9.99990000099999e-06,1.0,0.007259927400725993,other_metrics_secondary_726,other_metrics_secondary_726,726,726,548,293,0
d5_a,d5,a,native_no_axis,native,no_axis,precision,complete,complete,0.04258187178228303,0.43753441629955947,497.33159411690394,496.7078647499635,475.5305545759991,0.0012541519065322193,0.04383602368881523,-0.014817304182991396,-0.11763108786098875,681,24,,,,,,,0.03420083252854459,0.06195599423270321,0.4265889814304944,0.44827497858541354,-0.02957414057537993,-0.008356116598674999,-0.13264175691385216,-0.10195599302496328,0.007129928700712993,9.99990000099999e-06,0.007129928700712993,9.99990000099999e-06,1.0,0.007259927400725993,other_metrics_secondary_726,other_metrics_secondary_726,726,726,457,297,0
d5_a,d5,a,native_no_axis,native,no_axis,recall,complete,complete,0.04868029027915622,0.44093015785609396,497.33159411690394,496.5388474574157,472.32860109080934,0.0015940001979883878,0.0502742904771446,-0.020915722679864586,-0.11423534630445425,681,24,,,,,,,0.0388578036527392,0.06806390989432452,0.4304177947564856,0.4515158467939305,-0.03646741097535058,-0.013184309268315236,-0.12923874969407734,-0.09877019089574156,0.00016999830001699983,9.99990000099999e-06,0.00016999830001699983,9.99990000099999e-06,0.05881941180588194,0.007259927400725993,other_metrics_secondary_726,other_metrics_secondary_726,726,726,382,298,0
d5_a,d5,a,native_no_axis,native,no_axis,f1,complete,complete,0.04773315415239591,0.43895695668135093,497.33159411690394,496.4149031473363,472.67569750049734,0.0018432188511879888,0.04957637300358386,-0.019968586553104274,-0.11620854747919729,681,24,,,,,,,0.037717156895415084,0.06822031311778134,0.4283062591776799,0.4497149183186491,-0.03644259786264053,-0.012247010513432393,-0.13108575777043563,-0.10065448329662263,0.0006999930000699993,9.99990000099999e-06,0.0006999930000699993,9.99990000099999e-06,0.2183978160218398,0.007259927400725993,other_metrics_secondary_726,other_metrics_secondary_726,726,726,415,292,0
d5_a,d5,a,native_no_axis,native,no_axis,artifact_peak_ratio,complete,complete,0.04258187178228303,0.43753441629955947,497.33159411690394,496.7078647499635,475.5305545759991,0.0012541519065322193,0.04383602368881523,-0.014817304182991396,-0.11763108786098875,681,24,,,,,,,0.03420083252854459,0.06195599423270321,0.4265889814304944,0.44827497858541354,-0.029574140575379923,-0.008356116598674999,-0.13264175691385216,-0.10195599302496328,0.007129928700712993,9.99990000099999e-06,0.007129928700712993,9.99990000099999e-06,1.0,0.007259927400725993,other_metrics_secondary_726,other_metrics_secondary_726,726,726,456,291,0
d5_a,d5,a,native_no_axis,native,no_axis,missing_peak_ratio,complete,complete,0.04868029027915622,0.44093015785609396,497.33159411690394,496.5388474574157,472.32860109080934,0.0015940001979883878,0.0502742904771446,-0.020915722679864586,-0.11423534630445425,681,24,,,,,,,0.0388578036527392,0.06806390989432452,0.4304177947564856,0.4515158467939305,-0.03646741097535058,-0.013184309268315236,-0.12923874969407734,-0.09877019089574156,0.00016999830001699983,9.99990000099999e-06,0.00016999830001699983,9.99990000099999e-06,0.05881941180588194,0.007259927400725993,other_metrics_secondary_726,other_metrics_secondary_726,726,726,381,295,0
d5_a,d5,a,common_grid_all5,common_grid,all5,mse,complete,complete,0.03146333208327915,0.5670108296622614,534.8950013939356,513.1058085587439,496.27622950020043,0.040735457946716735,0.07219879002999596,0.0,0.0,681,40,,,,,,,0.02438026698351191,0.041658586239709396,0.5579132823972099,0.5765294029919236,0.0,0.0,0.0,0.0,,,,,,,,,,,,,0
d5_a,d5,a,common_grid_all5,common_grid,all5,rmse,complete,complete,0.031149711257206447,0.5671714390602055,534.8950013939356,513.0108913146923,496.3490664683482,0.04091290818237836,0.07206261943958481,0.00031362082607270386,0.00016060939794415585,681,40,,,,,,,0.0243609396099114,0.041470164355523954,0.5582061937867108,0.5765227491740087,-0.0006629370338508334,0.0009543274058914446,-6.194933920704875e-05,0.00039693465491923586,0.45788542114578856,0.16742832571674282,0.45788542114578856,0.16742832571674282,1.0,1.0,other_metrics_secondary_726,other_metrics_secondary_726,726,726,631,562,0
d5_a,d5,a,common_grid_all5,common_grid,all5,mae,complete,complete,0.029365335691620035,0.5674352973568282,534.8950013939356,512.0298108233632,496.3224395476607,0.04274706346289603,0.07211239915451606,0.002097996391659116,0.0004244676945668324,681,40,,,,,,,0.022764821531990293,0.03895153147092194,0.5583308955121145,0.5769923309012482,0.0010169556933293951,0.0032211697749790985,-0.000165255598384728,0.0010462555066079301,0.0007699923000769992,0.1840381596184038,0.0007699923000769992,0.1840381596184038,0.23869761302386977,1.0,other_metrics_secondary_726,other_metrics_secondary_726,726,726,417,575,0
d5_a,d5,a,common_grid_all5,common_grid,all5,sam,complete,complete,0.03197096923247399,0.565911802496329,534.8950013939356,489.3085054898422,472.20739385767257,0.08522512976433694,0.11719609899681094,-0.0005076371491948423,-0.0010990271659323536,681,40,,,,,,,0.026240453751530998,0.044956733458618774,0.556966805479075,0.5751241281204111,-0.010962498316296226,0.003689202790738895,-0.0020397393538913364,-0.00020873485682819802,0.8664713352866471,0.01928980710192898,0.8664713352866471,0.01928980710192898,1.0,1.0,other_metrics_secondary_726,other_metrics_secondary_726,726,726,706,486,0
d5_a,d5,a,common_grid_all5,common_grid,all5,pearson_r,complete,complete,0.034449338579346005,0.5644892621145374,534.8950013939356,496.90118181079055,478.4744028033711,0.07103042556788375,0.1054797641472297,-0.0029860064960668536,-0.002521567547723924,681,40,,,,,,,0.026427619667563015,0.04438531294568959,0.5556358984948605,0.5736120193190161,-0.006929246486913787,0.001699538446809885,-0.003862025055066082,-0.0011472099853157137,0.2055179448205518,0.00034999650003499967,0.2055179448205518,0.00034999650003499967,1.0,0.11374886251137489,other_metrics_secondary_726,other_metrics_secondary_726,726,726,580,402,0
d5_a,d5,a,common_grid_all5,common_grid,all5,nmse,complete,complete,0.02838677224016207,0.5677060389133627,534.8950013939356,488.1303864346049,472.94644385763405,0.0874276537216877,0.11581442596184988,0.0030765598431170826,0.0006952092511013364,681,40,,,,,,,0.02260266549223817,0.03767818449297737,0.5587322756057269,0.5770342327459619,-0.0011537764634205513,0.007163045596535098,0.00016967235682819202,0.0012758695851688682,0.18472815271847282,0.015889841101588986,0.18472815271847282,0.015889841101588986,1.0,1.0,other_metrics_secondary_726,other_metrics_secondary_726,726,726,576,481,0
d5_a,d5,a,common_grid_all5,common_grid,all5,wasserstein_1_cm1,unavailable,unavailable,,,,,,,,,,681,,,,,,,,,,,,,,,,,,1.0,1.0,,,w1_axis_primary_66,w1_axis_primary_66,66,66,,,
d5_a,d5,a,common_grid_all5,common_grid,all5,is_like_structure_to_noise,complete,complete,0.06060741210872065,0.4924330029368575,534.8950013939356,532.9606274647115,500.5420256803345,0.0036163619480142906,0.06422377405673496,-0.0291440800254415,-0.07457782672540386,681,40,,,,,,,0.04952131538770927,0.07573765355549415,0.4872975461178413,0.4980999621420704,-0.03702960271107192,-0.021767203074463476,-0.08479958241556534,-0.06405951725403819,9.99990000099999e-06,9.99990000099999e-06,9.99990000099999e-06,9.99990000099999e-06,0.007259927400725993,0.007259927400725993,other_metrics_secondary_726,other_metrics_secondary_726,726,726,276,277,0
d5_a,d5,a,common_grid_all5,common_grid,all5,precision,complete,complete,0.06421350308515035,0.5073811490455212,534.8950013939356,531.7832628949429,497.43578107270196,0.005817475375323067,0.07003097846047346,-0.0327501710018712,-0.05962968061674012,681,40,,,,,,,0.052511127927875365,0.0813318758015953,0.5024647232929516,0.5124544844438327,-0.04386219187733885,-0.02502604069208779,-0.06801288890418503,-0.05130655745227606,9.99990000099999e-06,9.99990000099999e-06,9.99990000099999e-06,9.99990000099999e-06,0.007259927400725993,0.007259927400725993,other_metrics_secondary_726,other_metrics_secondary_726,726,726,280,281,0
d5_a,d5,a,common_grid_all5,common_grid,all5,recall,complete,complete,0.06644798392805443,0.5184723751835536,534.8950013939356,528.8222039354138,493.2795094795929,0.011353251465607395,0.0778012353936619,-0.034984651844775276,-0.04853845447870775,681,40,,,,,,,0.054538980688094284,0.08558215836966153,0.5129902888674743,0.5241424031754771,-0.04808835500355995,-0.026506290318560322,-0.05553583310389133,-0.04145110591042585,9.99990000099999e-06,9.99990000099999e-06,9.99990000099999e-06,9.99990000099999e-06,0.007259927400725993,0.007259927400725993,other_metrics_secondary_726,other_metrics_secondary_726,726,726,282,283,0
d5_a,d5,a,common_grid_all5,common_grid,all5,f1,complete,complete,0.06732879477001683,0.515472421071953,534.8950013939356,529.2210103088734,493.2071745365132,0.010607672665244205,0.07793646743526106,-0.035865462686737674,-0.05153840859030834,681,40,,,,,,,0.05521665921487027,0.08660486864122065,0.5103279012940528,0.521054142575257,-0.04999472750076974,-0.027242128597793954,-0.05897164096916299,-0.04402292125550661,9.99990000099999e-06,9.99990000099999e-06,9.99990000099999e-06,9.99990000099999e-06,0.007259927400725993,0.007259927400725993,other_metrics_secondary_726,other_metrics_secondary_726,726,726,274,275,0
d5_a,d5,a,common_grid_all5,common_grid,all5,artifact_peak_ratio,complete,complete,0.06421350308515035,0.5073777074155653,534.8950013939356,531.7832628949429,497.43578107270196,0.005817475375323067,0.07003097846047346,-0.0327501710018712,-0.059633122246696035,681,40,,,,,,,0.05251112792787548,0.0813318758015954,0.5024613103432454,0.5124500676853891,-0.04386219187733885,-0.02502604069208779,-0.06801621581314245,-0.05131435848017621,9.99990000099999e-06,9.99990000099999e-06,9.99990000099999e-06,9.99990000099999e-06,0.007259927400725993,0.007259927400725993,other_metrics_secondary_726,other_metrics_secondary_726,726,726,272,273,0
d5_a,d5,a,common_grid_all5,common_grid,all5,missing_peak_ratio,complete,complete,0.06644798392805443,0.5184563142437593,534.8950013939356,528.8222039354138,493.2795094795929,0.011353251465607395,0.0778012353936619,-0.034984651844775276,-0.04855451541850209,681,40,,,,,,,0.054538980688094284,0.08558215836966153,0.5129672012665198,0.5241103960168869,-0.04808835500355996,-0.026506290318560322,-0.05554658819750367,-0.04148400215675478,9.99990000099999e-06,9.99990000099999e-06,9.99990000099999e-06,9.99990000099999e-06,0.007259927400725993,0.007259927400725993,other_metrics_secondary_726,other_metrics_secondary_726,726,726,278,279,0
d5_a,d5,a,common_grid_no_axis,common_grid,no_axis,mse,complete,complete,0.027251458640574013,0.563203622124327,497.33159411690394,491.6697648939897,478.11675352626213,0.011384414925353359,0.03863587356592735,0.0,0.0,681,24,,,,,,,0.021168408151229886,0.03638445735309238,0.5556776378181596,0.5703089627692117,0.0,0.0,0.0,0.0,,,,,,,,,,,,,0
d5_a,d5,a,common_grid_no_axis,common_grid,no_axis,rmse,complete,complete,0.02714004996212918,0.5633795276554088,497.33159411690394,491.68038858848297,478.18278427640485,0.011363053534645506,0.03850310349677466,0.0001114086784448319,0.0001759055310818214,681,24,,,,,,,0.02122851696817972,0.036308633655541316,0.5558649198482624,0.5703601092143906,-0.0007925272511443237,0.0006592250437616761,-0.0004971243269701395,0.0008567746573666158,0.7830621693783062,0.6171338286617134,0.7830621693783062,0.6171338286617134,1.0,1.0,other_metrics_secondary_726,other_metrics_secondary_726,726,726,694,659,0
d5_a,d5,a,common_grid_no_axis,common_grid,no_axis,mae,complete,complete,0.02690884267240882,0.5651079906999511,497.33159411690394,491.5373820657778,478.1547644436678,0.011650601167646935,0.03855944384005583,0.0003426159681651948,0.001904368575624149,681,24,,,,,,,0.0209305533619699,0.03570144523408816,0.5575551425599609,0.5722590285425845,-0.00041581790060957354,0.0010491357817707205,0.00102484092021537,0.002845080763582967,0.36523634763652363,7.999920000799993e-05,0.36523634763652363,7.999920000799993e-05,1.0,0.02927970720292797,other_metrics_secondary_726,other_metrics_secondary_726,726,726,613,362,0
d5_a,d5,a,common_grid_no_axis,common_grid,no_axis,sam,complete,complete,0.03408420425419645,0.5585994860499266,497.33159411690394,471.11195829400856,454.1608066580629,0.05272063173354746,0.08680483598774391,-0.006832745613622435,-0.004604136074400356,681,24,,,,,,,0.027513915607791668,0.04780523188156927,0.5513986401737642,0.5656664907611354,-0.01782393045179288,-0.004264669691517947,-0.007357440039158098,-0.0018965293073910905,0.0012299877001229987,0.0012499875001249989,0.0012299877001229987,0.0012499875001249989,0.3726862731372686,0.37749622503774966,other_metrics_secondary_726,other_metrics_secondary_726,726,726,424,425,0
d5_a,d5,a,common_grid_no_axis,common_grid,no_axis,pearson_r,complete,complete,0.03692456946180523,0.5546071953010279,497.33159411690394,478.7557736912687,460.39201869874876,0.03735097597935588,0.0742755454411611,-0.009673110821231217,-0.008596426823299086,681,24,,,,,,,0.028097745204745898,0.04735544301722102,0.5472223178230544,0.5618468551150269,-0.013447829569009053,-0.005787874263853355,-0.01294110223935389,-0.004228424804209501,9.99990000099999e-06,0.00011999880001199988,9.99990000099999e-06,0.00011999880001199988,0.007259927400725993,0.04235957640423596,other_metrics_secondary_726,other_metrics_secondary_726,726,726,288,376,0
d5_a,d5,a,common_grid_no_axis,common_grid,no_axis,nmse,complete,complete,0.030263219103311853,0.5648326603034753,497.33159411690394,469.9349994515312,454.884144451772,0.05508717923706419,0.08535039834037605,-0.00301176046273784,0.0016290381791483899,681,24,,,,,,,0.02379241970208814,0.03986437919000105,0.557340805494371,0.5718689771475771,-0.005787543508998723,-0.0008344729855918163,0.00020630659569260916,0.0030974669603524227,0.012549874501254988,0.028769712302876973,0.012549874501254988,0.028769712302876973,1.0,1.0,other_metrics_secondary_726,other_metrics_secondary_726,726,726,471,496,0
d5_a,d5,a,common_grid_no_axis,common_grid,no_axis,wasserstein_1_cm1,unavailable,unavailable,,,,,,,,,,681,,,,,,,,,,,,,,,,,,1.0,1.0,,,w1_axis_primary_66,w1_axis_primary_66,66,66,,,
d5_a,d5,a,common_grid_no_axis,common_grid,no_axis,is_like_structure_to_noise,complete,complete,0.029655751913261696,0.43553444689182574,497.33159411690394,497.25939458713515,482.5106522133773,0.00014517382491452402,0.029800925738176276,-0.0024042932726876833,-0.1276691752325012,681,24,,,,,,,0.023467549501796733,0.03939962011611931,0.4246670223017621,0.4464376261930983,-0.006122697154465341,-6.271387572421589e-05,-0.14392265510279004,-0.11131244646353407,0.07451925480745193,9.99990000099999e-06,0.07451925480745193,9.99990000099999e-06,1.0,0.007259927400725993,other_metrics_secondary_726,other_metrics_secondary_726,726,726,526,286,0
d5_a,d5,a,common_grid_no_axis,common_grid,no_axis,precision,complete,complete,0.03552541628702202,0.44228386563876654,497.33159411690394,497.00026721958153,479.33235530589025,0.000666209227890957,0.03619162551491295,-0.008273957646448008,-0.12091975648556041,681,24,,,,,,,0.028486779350714687,0.0487643338706562,0.43134674804209494,0.45261841119065094,-0.0156710957332016,-0.004727603011320436,-0.1367551739170338,-0.10486684716103771,0.0026399736002639972,9.99990000099999e-06,0.0026399736002639972,9.99990000099999e-06,0.7708722912770872,0.007259927400725993,other_metrics_secondary_726,other_metrics_secondary_726,726,726,436,289,0
d5_a,d5,a,common_grid_no_axis,common_grid,no_axis,recall,complete,complete,0.042550372746971876,0.45245579417523246,497.33159411690394,496.3406784448711,475.17903373635113,0.0019924647534053097,0.04454283750037724,-0.015298914106397863,-0.11074782794909449,681,24,,,,,,,0.033780844205829136,0.05894019295047445,0.4426199025636319,0.4623985675171316,-0.027258210951308107,-0.00930640955654833,-0.12542857853034756,-0.0956456688999021,0.0005199948000519994,9.99990000099999e-06,0.0005199948000519994,9.99990000099999e-06,0.16483835161648383,0.007259927400725993,other_metrics_secondary_726,other_metrics_secondary_726,726,726,411,290,0
d5_a,d5,a,common_grid_no_axis,common_grid,no_axis,f1,complete,complete,0.04278800697230796,0.447484550905531,497.33159411690394,496.3902328653222,475.1104051486991,0.001892824149355099,0.04468083112166299,-0.015536548331733947,-0.11571907121879593,681,24,,,,,,,0.034553398125596775,0.059191147929568526,0.43726587356216345,0.45772942287689666,-0.028472569744482975,-0.00971438426846247,-0.13085956620166422,-0.10017781754772392,0.0007099929000709993,9.99990000099999e-06,0.0007099929000709993,9.99990000099999e-06,0.22080779192208078,0.007259927400725993,other_metrics_secondary_726,other_metrics_secondary_726,726,726,416,285,0
d5_a,d5,a,common_grid_no_axis,common_grid,no_axis,artifact_peak_ratio,complete,complete,0.03552541628702202,0.44227621757219776,497.33159411690394,497.00026721958153,479.33235530589025,0.000666209227890957,0.03619162551491295,-0.008273957646448008,-0.12092740455212919,681,24,,,,,,,0.028486779350714687,0.0487643338706562,0.4313465568404307,0.45261057192241805,-0.015671095733201707,-0.004727603011320436,-0.1367551739170338,-0.10486703836270193,0.0026399736002639972,9.99990000099999e-06,0.0026399736002639972,9.99990000099999e-06,0.7708722912770872,0.007259927400725993,other_metrics_secondary_726,other_metrics_secondary_726,726,726,435,284,0
d5_a,d5,a,common_grid_no_axis,common_grid,no_axis,missing_peak_ratio,complete,complete,0.042550372746971876,0.45240608174253544,497.33159411690394,496.3406784448711,475.17903373635113,0.0019924647534053097,0.04454283750037724,-0.015298914106397863,-0.11079754038179151,681,24,,,,,,,0.033780844205829136,0.05894019295047445,0.44258864109153206,0.4623760057207538,-0.027258210951308107,-0.00930640955654833,-0.12547829096304455,-0.09569260890846797,0.0005199948000519994,9.99990000099999e-06,0.0005199948000519994,9.99990000099999e-06,0.16483835161648383,0.007259927400725993,other_metrics_secondary_726,other_metrics_secondary_726,726,726,410,287,0
d5_b,d5,b,native_all5,native,all5,mse,complete,complete,0.011266270309758167,0.5967453652716594,799.4481718060631,736.1334783426626,727.1266791404535,0.07919799643842318,0.09046426674818142,0.0,0.0,681,40,0.008968044885949319,0.015035996562744895,0.5857987162720264,0.6072353673366373,,,0.009041848989899359,0.015150879030620321,0.5863595298733482,0.6080789968795888,0.0,0.0,0.0,0.0,,,,,,,,,,,,,0
d5_b,d5,b,native_all5,native,all5,rmse,complete,complete,0.011310703088418588,0.5968245227606461,799.4481718060631,735.9841022367373,726.9417813308598,0.07938484545652513,0.09069554854494366,-4.443277866042136e-05,7.915748898668085e-05,681,40,0.009024120626109012,0.015031870199837089,0.5858670899871512,0.607308444612702,0.8626713732862671,0.41486585134148657,0.00902028884383228,0.015065274348390072,0.5863673022209986,0.6081359271751101,-0.00038566244824679525,0.0005305375691207311,-0.00010442478891336334,0.00027533039647577187,,,,,,,,,,,,,0
d5_b,d5,b,native_all5,native,all5,mae,complete,complete,0.011362801609538958,0.5968302588105727,799.4481718060631,736.2568050211237,727.1728340477828,0.0790437316807936,0.09040653329033255,-9.653129978079086e-05,8.489353891327767e-05,681,40,0.009238865634603126,0.015156695524762847,0.5857839172632159,0.6075308312683554,0.7426525734742653,0.7157128428715713,0.009204402238399759,0.015229818749968838,0.5863695106002202,0.6080350874174009,-0.0006574889685252303,0.00046451203979017673,-0.0003568683461820849,0.0005116556534508059,,,,,,,,,,,,,0
d5_b,d5,b,native_all5,native,all5,sam,complete,complete,0.015324644668213639,0.5967338931718063,799.4481718060631,705.1149716181803,692.8637124545994,0.11799789344038547,0.13332253810859906,-0.004058374358455472,-1.147209985319364e-05,681,40,0.012719273477023051,0.020794898708187286,0.5857227709709986,0.6072802806075625,0.00018999810001899982,0.965440345596544,0.012692158502836127,0.020967191807975745,0.5864181523035975,0.6078218210811307,-0.006829468349830685,-0.0027439836784972768,-0.0004819715950807629,0.00046120709434655237,,,,,,,,,,,,,0
d5_b,d5,b,native_all5,native,all5,pearson_r,complete,complete,0.014728933334083531,0.5964746237151248,799.4481718060631,711.9977734694262,700.2227546428397,0.10938845246099504,0.12411738579507858,-0.003462663024325364,-0.00027074155653461496,681,40,0.012003026329077671,0.020183424269368002,0.5854164945851689,0.6070260588748164,0.00018999810001899982,0.4251857481425186,0.011952363026989515,0.020297354580768773,0.5862488527900147,0.6076099027165933,-0.006368190674765611,-0.0020479336797922234,-0.0009476528083700436,0.0003820209251101299,,,,,,,,,,,,,0
d5_b,d5,b,native_all5,native,all5,nmse,complete,complete,0.010468240323611296,0.5969759544787078,799.4481718060631,704.1329584064338,695.7641428176962,0.11922625726230529,0.12969449758591656,0.0007980299861468712,0.0002305892070483262,681,40,0.007752828332497911,0.01391834104368789,0.5859626525789281,0.6075484696218796,0.3277067229327707,0.21339786602133978,0.007580606670034553,0.014014970585792078,0.5865452058094714,0.6082724451633628,-0.0001813395542380559,0.002748337821783501,-0.00011592556901615215,0.0005931075624082226,,,,,,,,,,,,,0
d5_b,d5,b,native_all5,native,all5,wasserstein_1_cm1,complete,complete,0.017110199622038663,0.5954880231277533,799.4481718060631,709.0199871771122,695.3412693700366,0.11311325463996158,0.13022345426200022,-0.005843929312280496,-0.0012573421439061594,681,40,0.013996587121517303,0.023029176722189456,0.5843837761563876,0.6065104453469163,0.00042999570004299955,0.08632913670863292,0.01422647564805968,0.023259329859497097,0.5848740076633627,0.6068750573604993,-0.010045656618348352,-0.0032590606783289905,-0.002672052817547722,0.0001562500000000025,,,,,,,,,,,,,0
d5_b,d5,b,native_all5,native,all5,is_like_structure_to_noise,complete,complete,0.035524213505484334,0.5463208975770925,799.4481718060631,756.1175064198851,727.7177388780774,0.05420071858853348,0.08972493209401777,-0.02425794319572617,-0.05042446769456699,681,40,0.029200980537226164,0.04746983606390312,0.5386193041024229,0.5538938027716593,9.99990000099999e-06,9.99990000099999e-06,0.029091205784257373,0.04688935806389009,0.5383579123072688,0.5545110304240088,-0.03392535028601676,-0.018088762399443136,-0.05775886793318648,-0.043051033636196764,,,,,,,,,,,,,0
d5_b,d5,b,native_all5,native,all5,precision,complete,complete,0.046498196641316714,0.5452046622613802,799.4481718060631,760.6396700169305,723.466771719751,0.048544112248651294,0.09504230888996801,-0.03523192633155855,-0.05154070301027924,681,40,0.039362312393221265,0.060317695524345495,0.5385660735591044,0.5514424157947871,9.99990000099999e-06,9.99990000099999e-06,0.03977036609540485,0.060115062064418634,0.538981879818282,0.5516419729717327,-0.046747379851406694,-0.028967263306523567,-0.05763362128303964,-0.04561553551762115,,,,,,,,,,,,,0
d5_b,d5,b,native_all5,native,all5,recall,complete,complete,0.05115866900844352,0.5477801486784141,799.4481718060631,757.8379602153361,716.9392558045045,0.05204866689071763,0.1032073358991612,-0.039892398698685355,-0.048965216593245375,681,40,0.04297834352766483,0.06474673404594615,0.540873743805066,0.554179916941997,9.99990000099999e-06,9.99990000099999e-06,0.043758514388650846,0.06436726732759641,0.5413108021292218,0.5545598728891337,-0.05141131765183447,-0.03294850226905953,-0.05477790014684288,-0.04327929974302496,,,,,,,,,,,,,0
d5_b,d5,b,native_all5,native,all5,f1,complete,complete,0.051044331757819625,0.5468187867107195,799.4481718060631,758.6393649974605,717.8320672926094,0.05104621943960408,0.10209055119742372,-0.03977806144806146,-0.04992657856093996,681,40,0.042776037969176006,0.06528660758094293,0.5400431637756975,0.5531801808002936,9.99990000099999e-06,9.99990000099999e-06,0.04330703820309891,0.06472937594543475,0.5404424788913362,0.553430932222834,-0.051953273937293036,-0.032670821392599435,-0.055806402578928056,-0.04416394204295154,,,,,,,,,,,,,0
d5_b,d5,b,native_all5,native,all5,artifact_peak_ratio,complete,complete,0.046498196641316714,0.5452046622613802,799.4481718060631,760.6396700169305,723.466771719751,0.048544112248651294,0.09504230888996801,-0.03523192633155855,-0.05154070301027924,681,40,0.039362312393221265,0.060317695524345495,0.5385660735591044,0.5514424157947871,9.99990000099999e-06,9.99990000099999e-06,0.03977036609540485,0.060115062064418634,0.538981879818282,0.5516419729717327,-0.046747379851406694,-0.028967263306523567,-0.05763362128303964,-0.04561553551762115,,,,,,,,,,,,,0
d5_b,d5,b,native_all5,native,all5,missing_peak_ratio,complete,complete,0.05115866900844352,0.5477801486784141,799.4481718060631,757.8379602153361,716.9392558045045,0.05204866689071763,0.1032073358991612,-0.039892398698685355,-0.048965216593245375,681,40,0.04297834352766483,0.06474673404594615,0.540873743805066,0.554179916941997,9.99990000099999e-06,9.99990000099999e-06,0.043758514388650846,0.06436726732759641,0.5413108021292218,0.5545598728891337,-0.05141131765183447,-0.03294850226905953,-0.05477790014684288,-0.04327929974302496,,,,,,,,,,,,,0
d5_b,d5,b,native_no_axis,native,no_axis,mse,complete,complete,0.012120809039411732,0.5764080090553108,743.02768672595,735.1701047045386,726.1640080027375,0.01057508644938221,0.022695895488793916,0.0,0.0,681,24,,,,,,,0.009655488759626284,0.016384410564388104,0.5682241954233971,0.5843662047234458,0.0,0.0,0.0,0.0,,,,,,,,,,,,,0
d5_b,d5,b,native_no_axis,native,no_axis,rmse,complete,complete,0.012168615742046309,0.5766718673519333,743.02768672595,735.0207285986135,725.9791101931438,0.010776123515152114,0.02294473925719842,-4.7806702634576453e-05,0.00026385829662256555,681,24,,,,,,,0.009627786778365191,0.01626605336737871,0.5684310756240822,0.5846313058308859,-0.0004145222105265804,0.0005716390427102335,-0.00034808262971120754,0.000917767988252568,0.8633013669863301,0.4162258377416226,0.8633013669863301,0.4162258377416226,1.0,1.0,other_metrics_secondary_726,other_metrics_secondary_726,726,726,704,621,0
d5_b,d5,b,native_no_axis,native,no_axis,mae,complete,complete,0.01222467027165161,0.5766909875183553,743.02768672595,735.2934313829996,726.2101629100669,0.010409107871915735,0.022633778143567262,-0.00010386123223987687,0.00028297846304459195,681,24,,,,,,,0.0098287732949708,0.016437356516972555,0.5684079402227118,0.5846186865210475,-0.0007047702897975255,0.0005013007053039735,-0.001189561153940284,0.0017055188448360228,0.7434525654743452,0.7170228297717023,0.7434525654743452,0.7170228297717023,1.0,1.0,other_metrics_secondary_726,other_metrics_secondary_726,726,726,688,684,0
d5_b,d5,b,native_no_axis,native,no_axis,sam,complete,complete,0.016487348832387973,0.5763697687224669,743.02768672595,704.1515979800564,691.9010413168834,0.0523211845808812,0.0688085334132692,-0.004366539792976241,-3.824033284383077e-05,681,24,,,,,,,0.013613455163946743,0.022539729122037208,0.5684232363558493,0.5843475625611846,-0.007357579877640121,-0.0029490609826352005,-0.0016065719836025462,0.001537356981155163,0.00015999840001599985,0.9661403385966141,0.00015999840001599985,0.9661403385966141,0.05599944000559995,1.0,other_metrics_secondary_726,other_metrics_secondary_726,726,726,380,715,0
d5_b,d5,b,native_no_axis,native,no_axis,pearson_r,complete,complete,0.015725336634490758,0.5755055372001958,743.02768672595,710.9444440076363,699.2600835051238,0.043179067606059385,0.05890440424055021,-0.0036045275950790257,-0.0009024718551149391,681,24,,,,,,,0.012732225054337243,0.021630165589255904,0.5674248768661282,0.5834871550721977,-0.006668679094462617,-0.0021243976844637818,-0.0031588426945668145,0.0012734030837004378,0.0003699963000369996,0.4258157418425816,0.0003699963000369996,0.4258157418425816,0.11950880491195087,1.0,other_metrics_secondary_726,other_metrics_secondary_726,726,726,404,623,0
d5_b,d5,b,native_no_axis,native,no_axis,nmse,complete,complete,0.011262182066461747,0.5771766397454724,743.02768672595,703.1695847683097,694.8014716799802,0.0536428220235905,0.06490500409005229,0.0008586269729499857,0.0007686306901616424,681,24,,,,,,,0.008116675495151604,0.015141818685744378,0.568989002080274,0.5851618904490944,-0.0002236638824764939,0.002975471315192025,-0.00038641856338717423,0.0019770252080274103,0.32672673273267266,0.21360786392136077,0.32672673273267266,0.21360786392136077,1.0,1.0,other_metrics_secondary_726,other_metrics_secondary_726,726,726,608,582,0
d5_b,d5,b,native_no_axis,native,no_axis,wasserstein_1_cm1,complete,complete,0.018400999333668608,0.5724998470386686,743.02768672595,708.0518722395146,694.3794202711731,0.04707202047954839,0.06547301981321707,-0.0062801902942568755,-0.003908162016642125,681,24,,,,,,,0.015237666449406375,0.02499046688047633,0.563610881669114,0.5816211224302497,-0.01072276623795269,-0.003484502035110929,-0.008554553658835047,0.0008186299253548664,0.0003999960000399996,0.1057489425105749,0.0003999960000399996,0.1057489425105749,0.011999880001199987,1.0,w1_axis_primary_66,w1_axis_primary_66,66,66,38,56,0
d5_b,d5,b,native_no_axis,native,no_axis,is_like_structure_to_noise,complete,complete,0.018547390351428356,0.4702757892804699,743.02768672595,740.5362922879865,726.7550677403615,0.003353030421977321,0.021900420773405704,-0.006426581312016623,-0.10613221977484083,681,24,,,,,,,0.014828030684736286,0.029173945919683867,0.46120327031326475,0.4790141833394517,-0.01609237177203249,-0.0024365326727496025,-0.1200098277655409,-0.09238749694077338,0.04816951830481695,9.99990000099999e-06,0.04816951830481695,9.99990000099999e-06,1.0,0.007259927400725993,other_metrics_secondary_726,other_metrics_secondary_726,726,726,507,320,0
d5_b,d5,b,native_no_axis,native,no_axis,precision,complete,complete,0.023435396305467635,0.4732700073421439,743.02768672595,739.9184333404801,722.5052850361226,0.004184572716489865,0.027619969021957513,-0.011314587266055902,-0.10313800171316684,681,24,,,,,,,0.01878384634772295,0.03565000808968747,0.464254275269212,0.4819774267315222,-0.0215690302231997,-0.00691795188390041,-0.11683664494615761,-0.08950876468428783,0.0024999750002499977,9.99990000099999e-06,0.0024999750002499977,9.99990000099999e-06,0.7349926500734993,0.007259927400725993,other_metrics_secondary_726,other_metrics_secondary_726,726,726,434,323,0
d5_b,d5,b,native_no_axis,native,no_axis,recall,complete,complete,0.03125448012964367,0.4767154613313754,743.02768672595,739.200629524941,715.9776854543896,0.005150625298866673,0.03640510542851039,-0.019133671090231938,-0.09969254772393538,681,24,,,,,,,0.02530221935242635,0.043359853359389966,0.4676525024473813,0.4855073918563387,-0.02913097246581373,-0.013380154280820691,-0.11315438769579052,-0.08640670888399414,9.99990000099999e-06,9.99990000099999e-06,9.99990000099999e-06,9.99990000099999e-06,0.007259927400725993,0.007259927400725993,other_metrics_secondary_726,other_metrics_secondary_726,726,726,324,325,0
d5_b,d5,b,native_no_axis,native,no_axis,f1,complete,complete,0.030114885102007393,0.47469637175721974,743.02768672595,739.2467407016425,716.8705472882801,0.005088566808281181,0.03520345191028851,-0.017994076062595663,-0.10171163729809102,681,24,,,,,,,0.02400000291788473,0.04250201817779382,0.46565492306045025,0.48345359918012726,-0.028655150431486552,-0.012000763967748974,-0.1153027295949584,-0.08823144196647088,3.999960000399996e-05,9.99990000099999e-06,3.999960000399996e-05,9.99990000099999e-06,0.015079849201507987,0.007259927400725993,other_metrics_secondary_726,other_metrics_secondary_726,726,726,353,319,0
d5_b,d5,b,native_no_axis,native,no_axis,artifact_peak_ratio,complete,complete,0.023435396305467635,0.4732700073421439,743.02768672595,739.9184333404801,722.5052850361226,0.004184572716489865,0.027619969021957513,-0.011314587266055902,-0.10313800171316684,681,24,,,,,,,0.01878384634772295,0.03565000808968747,0.464254275269212,0.4819774267315222,-0.0215690302231997,-0.00691795188390041,-0.11683664494615761,-0.08950876468428783,0.0024999750002499977,9.99990000099999e-06,0.0024999750002499977,9.99990000099999e-06,0.7349926500734993,0.007259927400725993,other_metrics_secondary_726,other_metrics_secondary_726,726,726,433,318,0
d5_b,d5,b,native_no_axis,native,no_axis,missing_peak_ratio,complete,complete,0.03125448012964367,0.4767154613313754,743.02768672595,739.200629524941,715.9776854543896,0.005150625298866673,0.03640510542851039,-0.019133671090231938,-0.09969254772393538,681,24,,,,,,,0.02530221935242635,0.043359853359389966,0.4676525024473813,0.4855073918563387,-0.02913097246581373,-0.013380154280820691,-0.11315438769579052,-0.08640670888399414,9.99990000099999e-06,9.99990000099999e-06,9.99990000099999e-06,9.99990000099999e-06,0.007259927400725993,0.007259927400725993,other_metrics_secondary_726,other_metrics_secondary_726,726,726,321,322,0
d5_b,d5,b,common_grid_all5,common_grid,all5,mse,complete,complete,0.027391318515876964,0.5982596824522761,799.4481718060631,749.0321218120124,727.134182301137,0.06306356280752246,0.0904548813233994,0.0,0.0,681,40,,,,,,,0.021352860835563786,0.03609177663270844,0.5878368208516886,0.6095600449706313,0.0,0.0,0.0,0.0,,,,,,,,,,,,,0
d5_b,d5,b,common_grid_all5,common_grid,all5,rmse,complete,complete,0.027165168878408266,0.598372109030837,799.4481718060631,748.6724707949616,726.9553261983151,0.06351343689534283,0.09067860577375109,0.00022614963746869776,0.0001124265785609202,681,40,,,,,,,0.021224563858941097,0.035730434797865376,0.5878945828744494,0.6097044787077828,-0.0006225464702416388,0.0013024372084678802,-7.801027900146766e-05,0.0003074522760646119,0.6564634353656463,0.2621173788262117,0.6564634353656463,0.2621173788262117,1.0,1.0,other_metrics_secondary_726,other_metrics_secondary_726,726,726,667,596,0
d5_b,d5,b,common_grid_all5,common_grid,all5,mae,complete,complete,0.022950961967528393,0.5988286986049927,799.4481718060631,745.3413149471954,726.9932103610644,0.06768025591531823,0.09063121788284667,0.004440356548348571,0.0005690161527165394,681,40,,,,,,,0.01760112153110846,0.031113683270681883,0.5884072423366372,0.6103502432085169,0.002942164009008388,0.006183479163036557,0.00015825761747430335,0.0009660081681350966,9.99990000099999e-06,0.006759932400675993,9.99990000099999e-06,0.006759932400675993,0.007259927400725993,1.0,other_metrics_secondary_726,other_metrics_secondary_726,726,726,305,454,0
d5_b,d5,b,common_grid_all5,common_grid,all5,sam,complete,complete,0.013898333315769562,0.5976860774596183,799.4481718060631,696.5546440672653,685.443646906822,0.12870568895835643,0.14260402227412594,0.013492985200107402,-0.0005736049926577946,681,40,,,,,,,0.011738420774382153,0.02360941587630004,0.5871655309287813,0.6090157511930984,0.0022016619565430246,0.020350695368810245,-0.0014157718428781192,0.0002823857378854635,0.0010399896001039989,0.19552804471955282,0.0010399896001039989,0.19552804471955282,0.31927680723192764,1.0,other_metrics_secondary_726,other_metrics_secondary_726,726,726,420,579,0
d5_b,d5,b,common_grid_all5,common_grid,all5,pearson_r,complete,complete,0.014879428383172775,0.5964700348751836,799.4481718060631,708.1917823907329,696.2964505722862,0.11414922522015347,0.12902865360332616,0.012511890132704189,-0.0017896475770925457,681,40,,,,,,,0.011570155371198586,0.02023656202225284,0.5860858342511014,0.6074217889592509,0.006237687989047878,0.019608889088818134,-0.003026454662261384,-0.000575842052129224,0.0013599864001359986,0.003829961700382996,0.0013599864001359986,0.003829961700382996,0.4093559064409356,1.0,other_metrics_secondary_726,other_metrics_secondary_726,726,726,426,443,0
d5_b,d5,b,common_grid_all5,common_grid,all5,nmse,complete,complete,0.011693735820832302,0.5986038454478708,799.4481718060631,696.4348090200399,687.0862732964924,0.12885558616426862,0.14054932198510095,0.015697582695044662,0.000344162995594699,681,40,,,,,,,0.009715748887557937,0.0161534642860061,0.5880676681809839,0.609895001606094,0.009490877845479495,0.022557908002841624,-0.00013537077826725357,0.000826048549926579,2.999970000299997e-05,0.17128828711712882,2.999970000299997e-05,0.17128828711712882,0.011639883601163989,1.0,other_metrics_secondary_726,other_metrics_secondary_726,726,726,349,565,0
d5_b,d5,b,common_grid_all5,common_grid,all5,wasserstein_1_cm1,unavailable,unavailable,,,,,,,,,,681,,,,,,,,,,,,,,,,,,1.0,1.0,,,w1_axis_primary_66,w1_axis_primary_66,66,66,,,
d5_b,d5,b,common_grid_all5,common_grid,all5,is_like_structure_to_noise,complete,complete,0.05547895916237129,0.5247946494126285,799.4481718060631,776.0867891017799,731.734236625719,0.02922188520552449,0.08470084436789582,-0.028087640646494327,-0.07346503303964758,681,40,,,,,,,0.04717098997655547,0.06761594168761513,0.5184698226413362,0.5314505609856829,-0.03846452064986163,-0.019171375236311808,-0.08303368208516887,-0.0643731644640235,9.99990000099999e-06,9.99990000099999e-06,9.99990000099999e-06,9.99990000099999e-06,0.007259927400725993,0.007259927400725993,other_metrics_secondary_726,other_metrics_secondary_726,726,726,303,304,0
d5_b,d5,b,common_grid_all5,common_grid,all5,precision,complete,complete,0.0703949740646086,0.5378797265051395,799.4481718060631,785.4752766774868,729.1981433572003,0.01747817509796734,0.08787314916257594,-0.04300365554873163,-0.06037995594713663,681,40,,,,,,,0.06027041190037233,0.08517615127631319,0.5315109902716594,0.5443467786343613,-0.0547078847944403,-0.03331404902224646,-0.06821881309654919,-0.052725139959618215,9.99990000099999e-06,9.99990000099999e-06,9.99990000099999e-06,9.99990000099999e-06,0.007259927400725993,0.007259927400725993,other_metrics_secondary_726,other_metrics_secondary_726,726,726,308,309,0
d5_b,d5,b,common_grid_all5,common_grid,all5,recall,complete,complete,0.06676508152167228,0.5514936674008811,799.4481718060631,774.0326783832912,720.6574560203076,0.031791295945245324,0.09855637746691759,-0.039373763005795315,-0.046766015051394993,681,40,,,,,,,0.057054768823491475,0.0804121038284854,0.5442311972283407,0.5589147106736416,-0.050988164459698004,-0.029393748635397968,-0.05335837119126286,-0.04022823742657857,9.99990000099999e-06,9.99990000099999e-06,9.99990000099999e-06,9.99990000099999e-06,0.007259927400725993,0.007259927400725993,other_metrics_secondary_726,other_metrics_secondary_726,726,726,310,311,0
d5_b,d5,b,common_grid_all5,common_grid,all5,f1,complete,complete,0.06691140770301919,0.5477055800293686,799.4481718060631,775.6495239398096,722.1573213786608,0.029768843942052037,0.09668025164507121,-0.03952008918714223,-0.050554102422907476,681,40,,,,,,,0.05746458031955294,0.08137749534322891,0.5406451335352425,0.5548792848292952,-0.051871355768808206,-0.029608285733558032,-0.057458528359030835,-0.043642621145374455,9.99990000099999e-06,9.99990000099999e-06,9.99990000099999e-06,9.99990000099999e-06,0.007259927400725993,0.007259927400725993,other_metrics_secondary_726,other_metrics_secondary_726,726,726,301,302,0
d5_b,d5,b,common_grid_all5,common_grid,all5,artifact_peak_ratio,complete,complete,0.0703949740646086,0.5378808737151248,799.4481718060631,785.4752766774868,729.1981433572003,0.01747817509796734,0.08787314916257594,-0.04300365554873163,-0.06037880873715129,681,40,,,,,,,0.06027041190037233,0.08517615127631319,0.5315187052588105,0.5443477824430984,-0.0547078847944403,-0.03331404902224646,-0.0682176945668135,-0.052722960260646115,9.99990000099999e-06,9.99990000099999e-06,9.99990000099999e-06,9.99990000099999e-06,0.007259927400725993,0.007259927400725993,other_metrics_secondary_726,other_metrics_secondary_726,726,726,299,300,0
d5_b,d5,b,common_grid_all5,common_grid,all5,missing_peak_ratio,complete,complete,0.06676508152167228,0.5514925201908958,799.4481718060631,774.0326783832912,720.6574560203076,0.031791295945245324,0.09855637746691759,-0.039373763005795315,-0.046767162261380335,681,40,,,,,,,0.057054768823491475,0.0804121038284854,0.5442244286894273,0.5589114698054332,-0.050988164459698004,-0.029393748635397968,-0.05335713794052864,-0.04023609581497798,9.99990000099999e-06,9.99990000099999e-06,9.99990000099999e-06,9.99990000099999e-06,0.007259927400725993,0.007259927400725993,other_metrics_secondary_726,other_metrics_secondary_726,726,726,306,307,0
d5_b,d5,b,common_grid_no_axis,common_grid,no_axis,mse,complete,complete,0.011826178825235695,0.5832683247674987,743.02768672595,734.9592835945182,726.1721052991959,0.010858818958663807,0.02268499778389954,0.0,0.0,681,24,,,,,,,0.009648785169513289,0.015996402749916053,0.5746552633994128,0.5915699186245718,0.0,0.0,0.0,0.0,,,,,,,,,,,,,0
d5_b,d5,b,common_grid_no_axis,common_grid,no_axis,rmse,complete,complete,0.011926107823636555,0.5833906938325991,743.02768672595,734.854772163288,725.993343855447,0.01099947513217836,0.022925582955814927,-9.992899840085938e-05,0.0001223690651004361,681,24,,,,,,,0.009673018600569358,0.016045892066735137,0.5748352797662751,0.5918266068587862,-0.0005646639034239892,0.0005647993714961807,-0.0004435878609887431,0.0007036221243269697,0.7619723802761973,0.7028129718702812,0.7619723802761973,0.7028129718702812,1.0,1.0,other_metrics_secondary_726,other_metrics_secondary_726,726,726,692,677,0
d5_b,d5,b,common_grid_no_axis,common_grid,no_axis,mae,complete,complete,0.011837121708591743,0.5841019640234949,743.02768672595,734.8262644458782,726.0309552852498,0.011037842097392447,0.022874963805984194,-1.0942883356047928e-05,0.0008336392559962214,681,24,,,,,,,0.009629834102510434,0.015998516117285068,0.5753829769334313,0.5926869187469408,-0.0005272514015075831,0.0006305578483742796,-6.88325991189415e-05,0.0016825746451297101,0.9679303206967931,0.06010939890601094,0.9679303206967931,0.06010939890601094,1.0,1.0,other_metrics_secondary_726,other_metrics_secondary_726,726,726,716,515,0
d5_b,d5,b,common_grid_no_axis,common_grid,no_axis,sam,complete,complete,0.013363746916953247,0.5811345141948115,743.02768672595,694.4784545732533,684.5488206155585,0.0653397350058681,0.07870348192282128,-0.0015375680917175515,-0.0021338105726871337,681,24,,,,,,,0.011089056434879072,0.023659536894759654,0.5727134192976017,0.5897239621573666,-0.011635887186321798,0.0005828403183903782,-0.004894762604013707,0.0005516168012726322,0.44053559464405356,0.12951870481295186,0.44053559464405356,0.12951870481295186,1.0,1.0,other_metrics_secondary_726,other_metrics_secondary_726,726,726,628,547,0
d5_b,d5,b,common_grid_no_axis,common_grid,no_axis,pearson_r,complete,complete,0.015290979740248446,0.5768821891825747,743.02768672595,706.7400041695441,695.378382865374,0.04883759139084387,0.06412857113109238,-0.00346480091501275,-0.006386135584923958,681,24,,,,,,,0.011722726891083278,0.020914672922381354,0.5683840400146843,0.5850642819995105,-0.00614132164882391,-0.0008562159385598669,-0.01037880873715125,-0.00244699889867842,0.015019849801501985,0.0013599864001359986,0.015019849801501985,0.0013599864001359986,1.0,0.4093559064409356,other_metrics_secondary_726,other_metrics_secondary_726,726,726,474,427,0
d5_b,d5,b,common_grid_no_axis,common_grid,no_axis,nmse,complete,complete,0.011542728046637356,0.5842396292217328,743.02768672595,694.7704410160516,686.1938744970519,0.06494676654989462,0.07648949459653198,0.00028345077859833964,0.0009713044542341009,681,24,,,,,,,0.009521255003168971,0.016067579949594155,0.5754625168257465,0.5926490608174254,-0.001533648358746993,0.0016716306189864859,-0.00039769946157611403,0.0023863879711208983,0.7192428075719243,0.1766182338176618,0.7192428075719243,0.1766182338176618,1.0,1.0,other_metrics_secondary_726,other_metrics_secondary_726,726,726,685,569,0
d5_b,d5,b,common_grid_no_axis,common_grid,no_axis,wasserstein_1_cm1,unavailable,unavailable,,,,,,,,,,681,,,,,,,,,,,,,,,,,,1.0,1.0,,,w1_axis_primary_66,w1_axis_primary_66,66,66,,,
d5_b,d5,b,common_grid_no_axis,common_grid,no_axis,is_like_structure_to_noise,complete,complete,0.016413098422915013,0.4703981583455702,743.02768672595,742.9676227825898,730.772236229406,8.08367500070295e-05,0.01649393517292208,-0.0045869195976793176,-0.11287016642192849,681,24,,,,,,,0.013174157636569971,0.024891441536846224,0.4612967679270681,0.4791670490699952,-0.011343489950879172,-0.0016265193192205225,-0.12725713564610866,-0.09832316140479688,0.050289497105028946,9.99990000099999e-06,0.050289497105028946,9.99990000099999e-06,1.0,0.007259927400725993,other_metrics_secondary_726,other_metrics_secondary_726,726,726,508,314,0
d5_b,d5,b,common_grid_no_axis,common_grid,no_axis,precision,complete,complete,0.017290923966189857,0.4771666972589329,743.02768672595,741.0836515119012,728.2360162759488,0.0026163698187546824,0.01990729378494449,-0.0054647451409541616,-0.10610162750856578,681,24,,,,,,,0.01392215973443796,0.026276763722623272,0.46831367780225147,0.48588635355482124,-0.012601627285608749,-0.002362943409178245,-0.11985390280837005,-0.09213444153817917,0.016289837101628984,9.99990000099999e-06,0.016289837101628984,9.99990000099999e-06,1.0,0.007259927400725993,other_metrics_secondary_726,other_metrics_secondary_726,726,726,485,316,0
d5_b,d5,b,common_grid_no_axis,common_grid,no_axis,recall,complete,complete,0.0247772197545948,0.48784722222222227,743.02768672595,738.107217801279,719.697057523522,0.006622187857295625,0.03139940761189042,-0.012951040929359104,-0.09542110254527641,681,24,,,,,,,0.019721219086346616,0.03515932924188714,0.4791587317976016,0.4963408781510034,-0.02125248543697173,-0.007920088738072505,-0.10855732608296623,-0.0823504611784141,7.999920000799993e-05,9.99990000099999e-06,7.999920000799993e-05,9.99990000099999e-06,0.02927970720292797,0.007259927400725993,other_metrics_secondary_726,other_metrics_secondary_726,726,726,364,317,0
d5_b,d5,b,common_grid_no_axis,common_grid,no_axis,f1,complete,complete,0.023801694481616873,0.48219530102790015,743.02768672595,738.8813363608289,721.1960183699953,0.005580344365620493,0.029382038847237335,-0.011975515656381178,-0.10107302373959853,681,24,,,,,,,0.01922642636791605,0.033569402492564,0.4734479204906999,0.49079975832109646,-0.019864712666719804,-0.007589931935877508,-0.11477663821585903,-0.0875465576052374,0.00015999840001599985,9.99990000099999e-06,0.00015999840001599985,9.99990000099999e-06,0.05599944000559995,0.007259927400725993,other_metrics_secondary_726,other_metrics_secondary_726,726,726,379,313,0
d5_b,d5,b,common_grid_no_axis,common_grid,no_axis,artifact_peak_ratio,complete,complete,0.017290923966189857,0.4771666972589329,743.02768672595,741.0836515119012,728.2360162759488,0.0026163698187546824,0.01990729378494449,-0.0054647451409541616,-0.10610162750856578,681,24,,,,,,,0.01392215973443796,0.026276763722623272,0.46831367780225147,0.48588635355482124,-0.012601627285608749,-0.002362943409178245,-0.11985390280837005,-0.09213444153817917,0.016289837101628984,9.99990000099999e-06,0.016289837101628984,9.99990000099999e-06,1.0,0.007259927400725993,other_metrics_secondary_726,other_metrics_secondary_726,726,726,484,312,0
d5_b,d5,b,common_grid_no_axis,common_grid,no_axis,missing_peak_ratio,complete,complete,0.0247772197545948,0.4878433981889378,743.02768672595,738.107217801279,719.697057523522,0.006622187857295625,0.03139940761189042,-0.012951040929359104,-0.09542492657856089,681,24,,,,,,,0.01972121908634662,0.03515932924188772,0.4791474508994127,0.4963334212860988,-0.02125248543697173,-0.007920088738072505,-0.10855761288546255,-0.08236164647577093,7.999920000799993e-05,9.99990000099999e-06,7.999920000799993e-05,9.99990000099999e-06,0.02927970720292797,0.007259927400725993,other_metrics_secondary_726,other_metrics_secondary_726,726,726,363,315,0
