panel_id,endpoint_id,protocol_id,representation,metric_output_id,left_family,right_family,state,pair_count_per_cluster,pair_count_total,oc,strict_agreement_count,strict_incorrect_count,metric_tie_count,downstream_tie_count,double_tie_count,bootstrap_lower,bootstrap_upper
d1_a,d1,a,native,mse,p08,p09,complete,64,1920,0.6390625,1217,683,0,20,0,0.6036458333333333,0.67265625
d1_a,d1,a,native,mse,p08,p10,complete,64,1920,0.8109375,1458,264,184,11,3,0.7692708333333333,0.8455794270833333
d1_a,d1,a,native,mse,p08,p11,complete,64,1920,0.83984375,1600,295,0,25,0,0.7494335937500001,0.9106770833333333
d1_a,d1,a,native,mse,p08,p12,complete,64,1920,0.9109375,1736,158,0,26,0,0.8270833333333333,0.9703190104166667
d1_a,d1,a,native,mse,p09,p10,complete,64,1920,0.6296875,1205,707,0,8,0,0.6005208333333333,0.6598958333333333
d1_a,d1,a,native,mse,p09,p11,complete,64,1920,0.68203125,1289,590,0,41,0,0.5791666666666667,0.77474609375
d1_a,d1,a,native,mse,p09,p12,complete,64,1920,0.8388020833333333,1590,289,0,41,0,0.7713541666666667,0.8940169270833334
d1_a,d1,a,native,mse,p10,p11,complete,64,1920,0.88359375,1686,213,0,21,0,0.8210807291666666,0.9291666666666667
d1_a,d1,a,native,mse,p10,p12,complete,64,1920,0.9549479166666667,1825,78,0,17,0,0.91978515625,0.9802083333333333
d1_a,d1,a,native,mse,p11,p12,complete,64,1920,0.5,0,0,1785,0,135,0.5,0.5
d1_a,d1,a,native,rmse,p08,p09,complete,64,1920,0.6432291666666666,1225,675,0,20,0,0.6078125,0.6765690104166666
d1_a,d1,a,native,rmse,p08,p10,complete,64,1920,0.8130208333333333,1460,258,188,10,4,0.7703059895833333,0.8492252604166667
d1_a,d1,a,native,rmse,p08,p11,complete,64,1920,0.83984375,1600,295,0,25,0,0.7494335937500001,0.9106770833333333
d1_a,d1,a,native,rmse,p08,p12,complete,64,1920,0.9109375,1736,158,0,26,0,0.8270833333333333,0.9703190104166667
d1_a,d1,a,native,rmse,p09,p10,complete,64,1920,0.6328125,1211,701,0,8,0,0.6020833333333333,0.6630208333333333
d1_a,d1,a,native,rmse,p09,p11,complete,64,1920,0.68203125,1289,590,0,41,0,0.5791666666666667,0.77474609375
d1_a,d1,a,native,rmse,p09,p12,complete,64,1920,0.8388020833333333,1590,289,0,41,0,0.7713541666666667,0.8940169270833334
d1_a,d1,a,native,rmse,p10,p11,complete,64,1920,0.88359375,1686,213,0,21,0,0.8210807291666666,0.9291666666666667
d1_a,d1,a,native,rmse,p10,p12,complete,64,1920,0.9549479166666667,1825,78,0,17,0,0.91978515625,0.9802083333333333
d1_a,d1,a,native,rmse,p11,p12,complete,64,1920,0.5,0,0,1785,0,135,0.5,0.5
d1_a,d1,a,native,mae,p08,p09,complete,64,1920,0.7041666666666667,1342,558,0,20,0,0.6768098958333334,0.7265625
d1_a,d1,a,native,mae,p08,p10,complete,64,1920,0.8026041666666667,1534,372,0,14,0,0.75546875,0.8414127604166667
d1_a,d1,a,native,mae,p08,p11,complete,64,1920,0.83984375,1600,295,0,25,0,0.7494335937500001,0.9106770833333333
d1_a,d1,a,native,mae,p08,p12,complete,64,1920,0.9109375,1736,158,0,26,0,0.8270833333333333,0.9703190104166667
d1_a,d1,a,native,mae,p09,p10,complete,64,1920,0.6880208333333333,1317,595,0,8,0,0.6703125,0.7078125
d1_a,d1,a,native,mae,p09,p11,complete,64,1920,0.68203125,1289,590,0,41,0,0.5791666666666667,0.77474609375
d1_a,d1,a,native,mae,p09,p12,complete,64,1920,0.8388020833333333,1590,289,0,41,0,0.7713541666666667,0.8940169270833334
d1_a,d1,a,native,mae,p10,p11,complete,64,1920,0.88359375,1686,213,0,21,0,0.8210807291666666,0.9291666666666667
d1_a,d1,a,native,mae,p10,p12,complete,64,1920,0.9549479166666667,1825,78,0,17,0,0.91978515625,0.9802083333333333
d1_a,d1,a,native,mae,p11,p12,complete,64,1920,0.5,0,0,1785,0,135,0.5,0.5
d1_a,d1,a,native,sam,p08,p09,complete,64,1920,0.6421875,1223,677,0,20,0,0.6070247395833334,0.6776106770833333
d1_a,d1,a,native,sam,p08,p10,complete,64,1920,0.8125,1553,353,0,14,0,0.7651041666666667,0.8533919270833333
d1_a,d1,a,native,sam,p08,p11,complete,64,1920,0.83984375,1600,295,0,25,0,0.7494335937500001,0.9106770833333333
d1_a,d1,a,native,sam,p08,p12,complete,64,1920,0.9109375,1736,158,0,26,0,0.8270833333333333,0.9703190104166667
d1_a,d1,a,native,sam,p09,p10,complete,64,1920,0.625,1196,716,0,8,0,0.5989583333333334,0.6515625
d1_a,d1,a,native,sam,p09,p11,complete,64,1920,0.68203125,1289,590,0,41,0,0.5791666666666667,0.77474609375
d1_a,d1,a,native,sam,p09,p12,complete,64,1920,0.8388020833333333,1590,289,0,41,0,0.7713541666666667,0.8940169270833334
d1_a,d1,a,native,sam,p10,p11,complete,64,1920,0.88359375,1686,213,0,21,0,0.8210807291666666,0.9291666666666667
d1_a,d1,a,native,sam,p10,p12,complete,64,1920,0.9549479166666667,1825,78,0,17,0,0.91978515625,0.9802083333333333
d1_a,d1,a,native,sam,p11,p12,complete,64,1920,0.5,0,0,1785,0,135,0.5,0.5
d1_a,d1,a,native,pearson_r,p08,p09,complete,64,1920,0.6614583333333334,1260,640,0,20,0,0.6315104166666666,0.6924479166666667
d1_a,d1,a,native,pearson_r,p08,p10,complete,64,1920,0.8088541666666667,1546,360,0,14,0,0.7598958333333333,0.84974609375
d1_a,d1,a,native,pearson_r,p08,p11,complete,64,1920,0.83984375,1600,295,0,25,0,0.7494335937500001,0.9106770833333333
d1_a,d1,a,native,pearson_r,p08,p12,complete,64,1920,0.9109375,1736,158,0,26,0,0.8270833333333333,0.9703190104166667
d1_a,d1,a,native,pearson_r,p09,p10,complete,64,1920,0.6229166666666667,1192,720,0,8,0,0.5994791666666667,0.6500130208333332
d1_a,d1,a,native,pearson_r,p09,p11,complete,64,1920,0.68203125,1289,590,0,41,0,0.5791666666666667,0.77474609375
d1_a,d1,a,native,pearson_r,p09,p12,complete,64,1920,0.8388020833333333,1590,289,0,41,0,0.7713541666666667,0.8940169270833334
d1_a,d1,a,native,pearson_r,p10,p11,complete,64,1920,0.88359375,1686,213,0,21,0,0.8210807291666666,0.9291666666666667
d1_a,d1,a,native,pearson_r,p10,p12,complete,64,1920,0.9549479166666667,1825,78,0,17,0,0.91978515625,0.9802083333333333
d1_a,d1,a,native,pearson_r,p11,p12,complete,64,1920,0.5,0,0,1785,0,135,0.5,0.5
d1_a,d1,a,native,nmse,p08,p09,complete,64,1920,0.6390625,1217,683,0,20,0,0.6036393229166667,0.6744856770833333
d1_a,d1,a,native,nmse,p08,p10,complete,64,1920,0.8111979166666666,1476,281,149,12,2,0.7671809895833334,0.8484440104166666
d1_a,d1,a,native,nmse,p08,p11,complete,64,1920,0.83984375,1600,295,0,25,0,0.7494335937500001,0.9106770833333333
d1_a,d1,a,native,nmse,p08,p12,complete,64,1920,0.9109375,1736,158,0,26,0,0.8270833333333333,0.9703190104166667
d1_a,d1,a,native,nmse,p09,p10,complete,64,1920,0.6244791666666667,1195,717,0,8,0,0.5979166666666667,0.6510416666666666
d1_a,d1,a,native,nmse,p09,p11,complete,64,1920,0.68203125,1289,590,0,41,0,0.5791666666666667,0.77474609375
d1_a,d1,a,native,nmse,p09,p12,complete,64,1920,0.8388020833333333,1590,289,0,41,0,0.7713541666666667,0.8940169270833334
d1_a,d1,a,native,nmse,p10,p11,complete,64,1920,0.88359375,1686,213,0,21,0,0.8210807291666666,0.9291666666666667
d1_a,d1,a,native,nmse,p10,p12,complete,64,1920,0.9549479166666667,1825,78,0,17,0,0.91978515625,0.9802083333333333
d1_a,d1,a,native,nmse,p11,p12,complete,64,1920,0.5,0,0,1785,0,135,0.5,0.5
d1_a,d1,a,native,wasserstein_1_cm1,p08,p09,complete,64,1920,0.8067708333333333,1539,361,0,20,0,0.7322786458333334,0.8671940104166667
d1_a,d1,a,native,wasserstein_1_cm1,p08,p10,complete,64,1920,0.7432291666666667,1420,486,0,14,0,0.6833268229166667,0.7958333333333333
d1_a,d1,a,native,wasserstein_1_cm1,p08,p11,complete,64,1920,0.83984375,1600,295,0,25,0,0.7494335937500001,0.9106770833333333
d1_a,d1,a,native,wasserstein_1_cm1,p08,p12,complete,64,1920,0.9109375,1736,158,0,26,0,0.8270833333333333,0.9703190104166667
d1_a,d1,a,native,wasserstein_1_cm1,p09,p10,complete,64,1920,0.925,1772,140,0,8,0,0.8994791666666667,0.9458333333333333
d1_a,d1,a,native,wasserstein_1_cm1,p09,p11,complete,64,1920,0.7393229166666667,1399,480,0,41,0,0.6721354166666667,0.7986979166666667
d1_a,d1,a,native,wasserstein_1_cm1,p09,p12,complete,64,1920,0.8502604166666666,1612,267,0,41,0,0.79166015625,0.8927083333333333
d1_a,d1,a,native,wasserstein_1_cm1,p10,p11,complete,64,1920,0.88359375,1686,213,0,21,0,0.8210807291666666,0.9291666666666667
d1_a,d1,a,native,wasserstein_1_cm1,p10,p12,complete,64,1920,0.9549479166666667,1825,78,0,17,0,0.91978515625,0.9802083333333333
d1_a,d1,a,native,wasserstein_1_cm1,p11,p12,complete,64,1920,0.6559895833333333,1192,593,0,135,0,0.53931640625,0.7627604166666667
d1_a,d1,a,native,is_like_structure_to_noise,p08,p09,complete,64,1920,0.21145833333333333,396,1504,0,20,0,0.15130208333333334,0.28569661458333323
d1_a,d1,a,native,is_like_structure_to_noise,p08,p10,complete,64,1920,0.18958333333333333,357,1549,0,14,0,0.15625,0.22994791666666667
d1_a,d1,a,native,is_like_structure_to_noise,p08,p11,complete,64,1920,0.16015625,295,1600,0,25,0,0.08932291666666667,0.25056640624999976
d1_a,d1,a,native,is_like_structure_to_noise,p08,p12,complete,64,1920,0.0890625,158,1736,0,26,0,0.02968098958333333,0.17291666666666666
d1_a,d1,a,native,is_like_structure_to_noise,p09,p10,complete,64,1920,0.14270833333333333,270,1642,0,8,0,0.1203125,0.16979166666666667
d1_a,d1,a,native,is_like_structure_to_noise,p09,p11,complete,64,1920,0.68203125,1289,590,0,41,0,0.5791666666666667,0.77474609375
d1_a,d1,a,native,is_like_structure_to_noise,p09,p12,complete,64,1920,0.8388020833333333,1590,289,0,41,0,0.7713541666666667,0.8940169270833334
d1_a,d1,a,native,is_like_structure_to_noise,p10,p11,complete,64,1920,0.11640625,213,1686,0,21,0,0.07083333333333333,0.17891927083333325
d1_a,d1,a,native,is_like_structure_to_noise,p10,p12,complete,64,1920,0.04505208333333333,78,1825,0,17,0,0.019791666666666666,0.08021484374999997
d1_a,d1,a,native,is_like_structure_to_noise,p11,p12,complete,64,1920,0.5,0,0,1785,0,135,0.5,0.5
d1_a,d1,a,native,precision,p08,p09,complete,64,1920,0.21145833333333333,396,1504,0,20,0,0.15130208333333334,0.28569661458333323
d1_a,d1,a,native,precision,p08,p10,complete,64,1920,0.5625,1073,833,0,14,0,0.49817057291666667,0.6312565104166666
d1_a,d1,a,native,precision,p08,p11,complete,64,1920,0.7091145833333333,1349,546,0,25,0,0.6650976562500001,0.7463541666666667
d1_a,d1,a,native,precision,p08,p12,complete,64,1920,0.7208333333333333,1371,523,0,26,0,0.6807161458333334,0.75
d1_a,d1,a,native,precision,p09,p10,complete,64,1920,0.171875,326,1586,0,8,0,0.15,0.1989713541666666
d1_a,d1,a,native,precision,p09,p11,complete,64,1920,0.68515625,1295,584,0,41,0,0.6393033854166666,0.7216341145833332
d1_a,d1,a,native,precision,p09,p12,complete,64,1920,0.8388020833333333,1590,289,0,41,0,0.7713541666666667,0.8940169270833334
d1_a,d1,a,native,precision,p10,p11,complete,64,1920,0.73828125,1407,492,0,21,0,0.7127604166666667,0.7580729166666667
d1_a,d1,a,native,precision,p10,p12,complete,64,1920,0.9049479166666666,1729,174,0,17,0,0.8859309895833334,0.91953125
d1_a,d1,a,native,precision,p11,p12,complete,64,1920,0.59375,856,496,433,88,47,0.5281184895833333,0.6505338541666665
d1_a,d1,a,native,recall,p08,p09,complete,64,1920,0.21145833333333333,396,1504,0,20,0,0.15130208333333334,0.28569661458333323
d1_a,d1,a,native,recall,p08,p10,complete,64,1920,0.6380208333333334,1218,688,0,14,0,0.5773372395833334,0.6986979166666667
d1_a,d1,a,native,recall,p08,p11,complete,64,1920,0.72109375,1372,523,0,25,0,0.6747265625,0.7604296874999998
d1_a,d1,a,native,recall,p08,p12,complete,64,1920,0.7208333333333333,1371,523,0,26,0,0.6807161458333334,0.75
d1_a,d1,a,native,recall,p09,p10,complete,64,1920,0.14322916666666666,271,1641,0,8,0,0.12083333333333333,0.17032552083333327
d1_a,d1,a,native,recall,p09,p11,complete,64,1920,0.6903645833333333,1305,574,0,41,0,0.6421875,0.7299544270833334
d1_a,d1,a,native,recall,p09,p12,complete,64,1920,0.8388020833333333,1590,289,0,41,0,0.7713541666666667,0.8940169270833334
d1_a,d1,a,native,recall,p10,p11,complete,64,1920,0.73828125,1407,492,0,21,0,0.7127604166666667,0.7580729166666667
d1_a,d1,a,native,recall,p10,p12,complete,64,1920,0.89921875,1718,185,0,17,0,0.8801953125,0.91484375
d1_a,d1,a,native,recall,p11,p12,complete,64,1920,0.59375,856,496,433,88,47,0.5281184895833333,0.6505338541666665
d1_a,d1,a,native,f1,p08,p09,complete,64,1920,0.21145833333333333,396,1504,0,20,0,0.15130208333333334,0.28569661458333323
d1_a,d1,a,native,f1,p08,p10,complete,64,1920,0.6057291666666667,1156,750,0,14,0,0.5429622395833333,0.6708398437499999
d1_a,d1,a,native,f1,p08,p11,complete,64,1920,0.7205729166666667,1371,524,0,25,0,0.6734375,0.7593815104166667
d1_a,d1,a,native,f1,p08,p12,complete,64,1920,0.7208333333333333,1371,523,0,26,0,0.6807161458333334,0.75
d1_a,d1,a,native,f1,p09,p10,complete,64,1920,0.15625,296,1616,0,8,0,0.13333333333333333,0.184375
d1_a,d1,a,native,f1,p09,p11,complete,64,1920,0.69140625,1307,572,0,41,0,0.6447916666666667,0.73021484375
d1_a,d1,a,native,f1,p09,p12,complete,64,1920,0.8388020833333333,1590,289,0,41,0,0.7713541666666667,0.8940169270833334
d1_a,d1,a,native,f1,p10,p11,complete,64,1920,0.73828125,1407,492,0,21,0,0.7127604166666667,0.7580729166666667
d1_a,d1,a,native,f1,p10,p12,complete,64,1920,0.90546875,1730,173,0,17,0,0.88619140625,0.9203125
d1_a,d1,a,native,f1,p11,p12,complete,64,1920,0.59375,856,496,433,88,47,0.5281184895833333,0.6505338541666665
d1_a,d1,a,native,artifact_peak_ratio,p08,p09,complete,64,1920,0.21145833333333333,396,1504,0,20,0,0.15130208333333334,0.28569661458333323
d1_a,d1,a,native,artifact_peak_ratio,p08,p10,complete,64,1920,0.5625,1073,833,0,14,0,0.49817057291666667,0.6312565104166666
d1_a,d1,a,native,artifact_peak_ratio,p08,p11,complete,64,1920,0.7091145833333333,1349,546,0,25,0,0.6650976562500001,0.7463541666666667
d1_a,d1,a,native,artifact_peak_ratio,p08,p12,complete,64,1920,0.7208333333333333,1371,523,0,26,0,0.6807161458333334,0.75
d1_a,d1,a,native,artifact_peak_ratio,p09,p10,complete,64,1920,0.171875,326,1586,0,8,0,0.15,0.1989713541666666
d1_a,d1,a,native,artifact_peak_ratio,p09,p11,complete,64,1920,0.68515625,1295,584,0,41,0,0.6393033854166666,0.7216341145833332
d1_a,d1,a,native,artifact_peak_ratio,p09,p12,complete,64,1920,0.8388020833333333,1590,289,0,41,0,0.7713541666666667,0.8940169270833334
d1_a,d1,a,native,artifact_peak_ratio,p10,p11,complete,64,1920,0.73828125,1407,492,0,21,0,0.7127604166666667,0.7580729166666667
d1_a,d1,a,native,artifact_peak_ratio,p10,p12,complete,64,1920,0.9049479166666666,1729,174,0,17,0,0.8859309895833334,0.91953125
d1_a,d1,a,native,artifact_peak_ratio,p11,p12,complete,64,1920,0.59375,856,496,433,88,47,0.5281184895833333,0.6505338541666665
d1_a,d1,a,native,missing_peak_ratio,p08,p09,complete,64,1920,0.21145833333333333,396,1504,0,20,0,0.15130208333333334,0.28569661458333323
d1_a,d1,a,native,missing_peak_ratio,p08,p10,complete,64,1920,0.6380208333333334,1218,688,0,14,0,0.5773372395833334,0.6986979166666667
d1_a,d1,a,native,missing_peak_ratio,p08,p11,complete,64,1920,0.72109375,1372,523,0,25,0,0.6747265625,0.7604296874999998
d1_a,d1,a,native,missing_peak_ratio,p08,p12,complete,64,1920,0.7208333333333333,1371,523,0,26,0,0.6807161458333334,0.75
d1_a,d1,a,native,missing_peak_ratio,p09,p10,complete,64,1920,0.14322916666666666,271,1641,0,8,0,0.12083333333333333,0.17032552083333327
d1_a,d1,a,native,missing_peak_ratio,p09,p11,complete,64,1920,0.6903645833333333,1305,574,0,41,0,0.6421875,0.7299544270833334
d1_a,d1,a,native,missing_peak_ratio,p09,p12,complete,64,1920,0.8388020833333333,1590,289,0,41,0,0.7713541666666667,0.8940169270833334
d1_a,d1,a,native,missing_peak_ratio,p10,p11,complete,64,1920,0.73828125,1407,492,0,21,0,0.7127604166666667,0.7580729166666667
d1_a,d1,a,native,missing_peak_ratio,p10,p12,complete,64,1920,0.89921875,1718,185,0,17,0,0.8801953125,0.91484375
d1_a,d1,a,native,missing_peak_ratio,p11,p12,complete,64,1920,0.59375,856,496,433,88,47,0.5281184895833333,0.6505338541666665
d1_a,d1,a,common_grid,mse,p08,p09,complete,64,1920,0.6026041666666667,1147,753,0,20,0,0.5747330729166666,0.63255859375
d1_a,d1,a,common_grid,mse,p08,p10,complete,64,1920,0.8197916666666667,1567,339,0,14,0,0.7765625,0.85677734375
d1_a,d1,a,common_grid,mse,p08,p11,complete,64,1920,0.7528645833333333,1433,462,0,25,0,0.7046809895833334,0.79765625
d1_a,d1,a,common_grid,mse,p08,p12,complete,64,1920,0.8177083333333334,1557,337,0,26,0,0.7643098958333333,0.8541666666666666
d1_a,d1,a,common_grid,mse,p09,p10,complete,64,1920,0.5890625,1127,785,0,8,0,0.5666666666666667,0.6145833333333334
d1_a,d1,a,common_grid,mse,p09,p11,complete,64,1920,0.7419270833333333,1404,475,0,41,0,0.6911458333333333,0.78646484375
d1_a,d1,a,common_grid,mse,p09,p12,complete,64,1920,0.8341145833333333,1581,298,0,41,0,0.7901041666666667,0.8682356770833334
d1_a,d1,a,common_grid,mse,p10,p11,complete,64,1920,0.7736979166666667,1475,424,0,21,0,0.7406184895833333,0.80677734375
d1_a,d1,a,common_grid,mse,p10,p12,complete,64,1920,0.8497395833333333,1623,280,0,17,0,0.8361979166666667,0.8643229166666667
d1_a,d1,a,common_grid,mse,p11,p12,complete,64,1920,0.6747395833333333,1228,557,0,135,0,0.5393229166666667,0.8013346354166665
d1_a,d1,a,common_grid,rmse,p08,p09,complete,64,1920,0.6026041666666667,1147,753,0,20,0,0.5747330729166666,0.63255859375
d1_a,d1,a,common_grid,rmse,p08,p10,complete,64,1920,0.8197916666666667,1567,339,0,14,0,0.7765625,0.85677734375
d1_a,d1,a,common_grid,rmse,p08,p11,complete,64,1920,0.7533854166666667,1434,461,0,25,0,0.7057161458333333,0.7981770833333334
d1_a,d1,a,common_grid,rmse,p08,p12,complete,64,1920,0.81875,1559,335,0,26,0,0.7645768229166666,0.85546875
d1_a,d1,a,common_grid,rmse,p09,p10,complete,64,1920,0.5994791666666667,1147,765,0,8,0,0.5755208333333334,0.6260416666666667
d1_a,d1,a,common_grid,rmse,p09,p11,complete,64,1920,0.7419270833333333,1404,475,0,41,0,0.6911458333333333,0.78646484375
d1_a,d1,a,common_grid,rmse,p09,p12,complete,64,1920,0.8341145833333333,1581,298,0,41,0,0.7901041666666667,0.8682356770833334
d1_a,d1,a,common_grid,rmse,p10,p11,complete,64,1920,0.77421875,1476,423,0,21,0,0.7411393229166666,0.8075520833333333
d1_a,d1,a,common_grid,rmse,p10,p12,complete,64,1920,0.8497395833333333,1623,280,0,17,0,0.8361979166666667,0.8643229166666667
d1_a,d1,a,common_grid,rmse,p11,p12,complete,64,1920,0.6747395833333333,1228,557,0,135,0,0.5393229166666667,0.8013346354166665
d1_a,d1,a,common_grid,mae,p08,p09,complete,64,1920,0.7041666666666667,1342,558,0,20,0,0.6768098958333334,0.7265625
d1_a,d1,a,common_grid,mae,p08,p10,complete,64,1920,0.8026041666666667,1534,372,0,14,0,0.75546875,0.8414127604166667
d1_a,d1,a,common_grid,mae,p08,p11,complete,64,1920,0.76171875,1450,445,0,25,0,0.7135286458333333,0.8041731770833334
d1_a,d1,a,common_grid,mae,p08,p12,complete,64,1920,0.8369791666666667,1594,300,0,26,0,0.7786458333333334,0.8783854166666667
d1_a,d1,a,common_grid,mae,p09,p10,complete,64,1920,0.6765625,1295,617,0,8,0,0.65625,0.6979166666666666
d1_a,d1,a,common_grid,mae,p09,p11,complete,64,1920,0.74296875,1406,473,0,41,0,0.6921875,0.7872395833333333
d1_a,d1,a,common_grid,mae,p09,p12,complete,64,1920,0.8393229166666667,1591,288,0,41,0,0.7921809895833334,0.8755208333333333
d1_a,d1,a,common_grid,mae,p10,p11,complete,64,1920,0.7763020833333333,1480,419,0,21,0,0.74375,0.80859375
d1_a,d1,a,common_grid,mae,p10,p12,complete,64,1920,0.8669270833333333,1656,247,0,17,0,0.8520833333333333,0.8817708333333333
d1_a,d1,a,common_grid,mae,p11,p12,complete,64,1920,0.67109375,1221,564,0,135,0,0.5359244791666666,0.7945507812499999
d1_a,d1,a,common_grid,sam,p08,p09,complete,64,1920,0.6015625,1145,755,0,20,0,0.57369140625,0.6317838541666665
d1_a,d1,a,common_grid,sam,p08,p10,complete,64,1920,0.8213541666666667,1570,336,0,14,0,0.7760286458333333,0.8601627604166666
d1_a,d1,a,common_grid,sam,p08,p11,complete,64,1920,0.74296875,1414,481,0,25,0,0.6955533854166667,0.7880208333333333
d1_a,d1,a,common_grid,sam,p08,p12,complete,64,1920,0.8140625,1550,344,0,26,0,0.7614388020833334,0.8507877604166667
d1_a,d1,a,common_grid,sam,p09,p10,complete,64,1920,0.60625,1160,752,0,8,0,0.5822916666666667,0.6333333333333333
d1_a,d1,a,common_grid,sam,p09,p11,complete,64,1920,0.73671875,1394,485,0,41,0,0.68541015625,0.7815169270833333
d1_a,d1,a,common_grid,sam,p09,p12,complete,64,1920,0.8325520833333333,1578,301,0,41,0,0.7880208333333333,0.8669270833333333
d1_a,d1,a,common_grid,sam,p10,p11,complete,64,1920,0.76328125,1455,444,0,21,0,0.72890625,0.79921875
d1_a,d1,a,common_grid,sam,p10,p12,complete,64,1920,0.8455729166666667,1615,288,0,17,0,0.8317708333333333,0.8606770833333334
d1_a,d1,a,common_grid,sam,p11,p12,complete,64,1920,0.6752604166666667,1229,556,0,135,0,0.5411393229166667,0.8020963541666666
d1_a,d1,a,common_grid,pearson_r,p08,p09,complete,64,1920,0.6348958333333333,1209,691,0,20,0,0.60625,0.66484375
d1_a,d1,a,common_grid,pearson_r,p08,p10,complete,64,1920,0.8171875,1562,344,0,14,0,0.7677083333333333,0.8601627604166666
d1_a,d1,a,common_grid,pearson_r,p08,p11,complete,64,1920,0.6518229166666667,1239,656,0,25,0,0.60625,0.7002604166666667
d1_a,d1,a,common_grid,pearson_r,p08,p12,complete,64,1920,0.8046875,1532,362,0,26,0,0.75416015625,0.840625
d1_a,d1,a,common_grid,pearson_r,p09,p10,complete,64,1920,0.6151041666666667,1177,735,0,8,0,0.590625,0.6427083333333333
d1_a,d1,a,common_grid,pearson_r,p09,p11,complete,64,1920,0.6986979166666667,1321,558,0,41,0,0.64869140625,0.7458528645833332
d1_a,d1,a,common_grid,pearson_r,p09,p12,complete,64,1920,0.8278645833333333,1569,310,0,41,0,0.7841080729166666,0.8622395833333333
d1_a,d1,a,common_grid,pearson_r,p10,p11,complete,64,1920,0.6658854166666667,1268,631,0,21,0,0.61900390625,0.7169401041666665
d1_a,d1,a,common_grid,pearson_r,p10,p12,complete,64,1920,0.83359375,1592,311,0,17,0,0.8182291666666667,0.8505208333333333
d1_a,d1,a,common_grid,pearson_r,p11,p12,complete,64,1920,0.6763020833333333,1231,554,0,135,0,0.5419270833333333,0.8026106770833333
d1_a,d1,a,common_grid,nmse,p08,p09,complete,64,1920,0.6026041666666667,1147,753,0,20,0,0.5747330729166666,0.63255859375
d1_a,d1,a,common_grid,nmse,p08,p10,complete,64,1920,0.8197916666666667,1567,339,0,14,0,0.7765625,0.85677734375
d1_a,d1,a,common_grid,nmse,p08,p11,complete,64,1920,0.7502604166666667,1428,467,0,25,0,0.7023372395833334,0.7953190104166666
d1_a,d1,a,common_grid,nmse,p08,p12,complete,64,1920,0.8171875,1556,338,0,26,0,0.7637890625,0.8536458333333333
d1_a,d1,a,common_grid,nmse,p09,p10,complete,64,1920,0.5932291666666667,1135,777,0,8,0,0.5702994791666667,0.6182421874999999
d1_a,d1,a,common_grid,nmse,p09,p11,complete,64,1920,0.7408854166666666,1402,477,0,41,0,0.6906054687500001,0.7859505208333332
d1_a,d1,a,common_grid,nmse,p09,p12,complete,64,1920,0.83359375,1580,299,0,41,0,0.7895833333333333,0.8674544270833333
d1_a,d1,a,common_grid,nmse,p10,p11,complete,64,1920,0.7700520833333333,1468,431,0,21,0,0.7356770833333334,0.8049544270833333
d1_a,d1,a,common_grid,nmse,p10,p12,complete,64,1920,0.84921875,1622,281,0,17,0,0.8356705729166667,0.8640625
d1_a,d1,a,common_grid,nmse,p11,p12,complete,64,1920,0.6747395833333333,1228,557,0,135,0,0.5403645833333334,0.8010546874999999
d1_a,d1,a,common_grid,wasserstein_1_cm1,p08,p09,complete,64,1920,0.8078125,1541,359,0,20,0,0.7327994791666667,0.8679752604166666
d1_a,d1,a,common_grid,wasserstein_1_cm1,p08,p10,complete,64,1920,0.7432291666666667,1420,486,0,14,0,0.6833268229166667,0.7958333333333333
d1_a,d1,a,common_grid,wasserstein_1_cm1,p08,p11,complete,64,1920,0.83984375,1600,295,0,25,0,0.7494335937500001,0.9106770833333333
d1_a,d1,a,common_grid,wasserstein_1_cm1,p08,p12,complete,64,1920,0.9109375,1736,158,0,26,0,0.8270833333333333,0.9703190104166667
d1_a,d1,a,common_grid,wasserstein_1_cm1,p09,p10,complete,64,1920,0.9255208333333333,1773,139,0,8,0,0.9,0.946875
d1_a,d1,a,common_grid,wasserstein_1_cm1,p09,p11,complete,64,1920,0.6924479166666667,1309,570,0,41,0,0.5965950520833333,0.7771028645833332
d1_a,d1,a,common_grid,wasserstein_1_cm1,p09,p12,complete,64,1920,0.8388020833333333,1590,289,0,41,0,0.7713541666666667,0.8940169270833334
d1_a,d1,a,common_grid,wasserstein_1_cm1,p10,p11,complete,64,1920,0.88359375,1686,213,0,21,0,0.8210807291666666,0.9291666666666667
d1_a,d1,a,common_grid,wasserstein_1_cm1,p10,p12,complete,64,1920,0.9549479166666667,1825,78,0,17,0,0.91978515625,0.9802083333333333
d1_a,d1,a,common_grid,wasserstein_1_cm1,p11,p12,complete,64,1920,0.66953125,1218,567,0,135,0,0.5408854166666667,0.79037109375
d1_a,d1,a,common_grid,is_like_structure_to_noise,p08,p09,complete,64,1920,0.21145833333333333,396,1504,0,20,0,0.15130208333333334,0.28569661458333323
d1_a,d1,a,common_grid,is_like_structure_to_noise,p08,p10,complete,64,1920,0.1921875,362,1544,0,14,0,0.15885416666666666,0.23177734374999998
d1_a,d1,a,common_grid,is_like_structure_to_noise,p08,p11,complete,64,1920,0.39088541666666665,738,1157,0,25,0,0.35208333333333336,0.4291796874999999
d1_a,d1,a,common_grid,is_like_structure_to_noise,p08,p12,complete,64,1920,0.3651041666666667,688,1206,0,26,0,0.334375,0.39505208333333336
d1_a,d1,a,common_grid,is_like_structure_to_noise,p09,p10,complete,64,1920,0.14270833333333333,270,1642,0,8,0,0.1203125,0.16979166666666667
d1_a,d1,a,common_grid,is_like_structure_to_noise,p09,p11,complete,64,1920,0.68203125,1289,590,0,41,0,0.5791666666666667,0.77474609375
d1_a,d1,a,common_grid,is_like_structure_to_noise,p09,p12,complete,64,1920,0.8388020833333333,1590,289,0,41,0,0.7713541666666667,0.8940169270833334
d1_a,d1,a,common_grid,is_like_structure_to_noise,p10,p11,complete,64,1920,0.3924479166666667,743,1156,0,21,0,0.36328125,0.4218815104166666
d1_a,d1,a,common_grid,is_like_structure_to_noise,p10,p12,complete,64,1920,0.35494791666666664,673,1230,0,17,0,0.3307291666666667,0.37864583333333335
d1_a,d1,a,common_grid,is_like_structure_to_noise,p11,p12,complete,64,1920,0.46067708333333335,817,968,0,135,0,0.42212239583333333,0.50234375
d1_a,d1,a,common_grid,precision,p08,p09,complete,64,1920,0.21145833333333333,396,1504,0,20,0,0.15130208333333334,0.28569661458333323
d1_a,d1,a,common_grid,precision,p08,p10,complete,64,1920,0.5682291666666667,1084,822,0,14,0,0.5020833333333333,0.63802734375
d1_a,d1,a,common_grid,precision,p08,p11,complete,64,1920,0.16015625,295,1600,0,25,0,0.08932291666666667,0.25056640624999976
d1_a,d1,a,common_grid,precision,p08,p12,complete,64,1920,0.0890625,158,1736,0,26,0,0.02968098958333333,0.17291666666666666
d1_a,d1,a,common_grid,precision,p09,p10,complete,64,1920,0.171875,326,1586,0,8,0,0.14947916666666666,0.19949218749999995
d1_a,d1,a,common_grid,precision,p09,p11,complete,64,1920,0.6955729166666667,1315,564,0,41,0,0.6624934895833333,0.7278645833333334
d1_a,d1,a,common_grid,precision,p09,p12,complete,64,1920,0.84609375,1604,275,0,41,0,0.7882747395833334,0.8893229166666666
d1_a,d1,a,common_grid,precision,p10,p11,complete,64,1920,0.21328125,399,1500,0,21,0,0.16536458333333334,0.2752669270833333
d1_a,d1,a,common_grid,precision,p10,p12,complete,64,1920,0.2950520833333333,558,1345,0,17,0,0.25622395833333333,0.3416666666666667
d1_a,d1,a,common_grid,precision,p11,p12,complete,64,1920,0.5919270833333333,1069,716,0,135,0,0.5138020833333333,0.6627669270833333
d1_a,d1,a,common_grid,recall,p08,p09,complete,64,1920,0.21145833333333333,396,1504,0,20,0,0.15130208333333334,0.28569661458333323
d1_a,d1,a,common_grid,recall,p08,p10,complete,64,1920,0.6385416666666667,1219,687,0,14,0,0.5783854166666667,0.6984375
d1_a,d1,a,common_grid,recall,p08,p11,complete,64,1920,0.16015625,295,1600,0,25,0,0.08932291666666667,0.25056640624999976
d1_a,d1,a,common_grid,recall,p08,p12,complete,64,1920,0.11041666666666666,199,1695,0,26,0,0.05130208333333333,0.19089843749999993
d1_a,d1,a,common_grid,recall,p09,p10,complete,64,1920,0.14375,272,1640,0,8,0,0.12083333333333333,0.1708463541666666
d1_a,d1,a,common_grid,recall,p09,p11,complete,64,1920,0.71171875,1346,533,0,41,0,0.66431640625,0.7505208333333333
d1_a,d1,a,common_grid,recall,p09,p12,complete,64,1920,0.84765625,1607,272,0,41,0,0.7861914062500001,0.8963541666666667
d1_a,d1,a,common_grid,recall,p10,p11,complete,64,1920,0.21640625,405,1494,0,21,0,0.16405598958333334,0.2838606770833333
d1_a,d1,a,common_grid,recall,p10,p12,complete,64,1920,0.27838541666666666,526,1377,0,17,0,0.23619791666666667,0.3257877604166666
d1_a,d1,a,common_grid,recall,p11,p12,complete,64,1920,0.5841145833333333,1054,731,0,135,0,0.5049348958333334,0.6549479166666666
d1_a,d1,a,common_grid,f1,p08,p09,complete,64,1920,0.21145833333333333,396,1504,0,20,0,0.15130208333333334,0.28569661458333323
d1_a,d1,a,common_grid,f1,p08,p10,complete,64,1920,0.6078125,1160,746,0,14,0,0.5453059895833333,0.67162109375
d1_a,d1,a,common_grid,f1,p08,p11,complete,64,1920,0.16015625,295,1600,0,25,0,0.08932291666666667,0.25056640624999976
d1_a,d1,a,common_grid,f1,p08,p12,complete,64,1920,0.0890625,158,1736,0,26,0,0.02968098958333333,0.17291666666666666
d1_a,d1,a,common_grid,f1,p09,p10,complete,64,1920,0.15625,296,1616,0,8,0,0.1328125,0.184375
d1_a,d1,a,common_grid,f1,p09,p11,complete,64,1920,0.70078125,1325,554,0,41,0,0.66171875,0.7382877604166667
d1_a,d1,a,common_grid,f1,p09,p12,complete,64,1920,0.84765625,1607,272,0,41,0,0.7885416666666667,0.8927083333333333
d1_a,d1,a,common_grid,f1,p10,p11,complete,64,1920,0.21171875,396,1503,0,21,0,0.16275390625,0.2750065104166666
d1_a,d1,a,common_grid,f1,p10,p12,complete,64,1920,0.2877604166666667,544,1359,0,17,0,0.24791015625,0.334375
d1_a,d1,a,common_grid,f1,p11,p12,complete,64,1920,0.5872395833333334,1060,725,0,135,0,0.5114127604166667,0.6565169270833333
d1_a,d1,a,common_grid,artifact_peak_ratio,p08,p09,complete,64,1920,0.21145833333333333,396,1504,0,20,0,0.15130208333333334,0.28569661458333323
d1_a,d1,a,common_grid,artifact_peak_ratio,p08,p10,complete,64,1920,0.5682291666666667,1084,822,0,14,0,0.5020833333333333,0.63802734375
d1_a,d1,a,common_grid,artifact_peak_ratio,p08,p11,complete,64,1920,0.16015625,295,1600,0,25,0,0.08932291666666667,0.25056640624999976
d1_a,d1,a,common_grid,artifact_peak_ratio,p08,p12,complete,64,1920,0.0890625,158,1736,0,26,0,0.02968098958333333,0.17291666666666666
d1_a,d1,a,common_grid,artifact_peak_ratio,p09,p10,complete,64,1920,0.171875,326,1586,0,8,0,0.14947916666666666,0.19949218749999995
d1_a,d1,a,common_grid,artifact_peak_ratio,p09,p11,complete,64,1920,0.6955729166666667,1315,564,0,41,0,0.6624934895833333,0.7278645833333334
d1_a,d1,a,common_grid,artifact_peak_ratio,p09,p12,complete,64,1920,0.84609375,1604,275,0,41,0,0.7882747395833334,0.8893229166666666
d1_a,d1,a,common_grid,artifact_peak_ratio,p10,p11,complete,64,1920,0.21328125,399,1500,0,21,0,0.16536458333333334,0.2752669270833333
d1_a,d1,a,common_grid,artifact_peak_ratio,p10,p12,complete,64,1920,0.2950520833333333,558,1345,0,17,0,0.25622395833333333,0.3416666666666667
d1_a,d1,a,common_grid,artifact_peak_ratio,p11,p12,complete,64,1920,0.5919270833333333,1069,716,0,135,0,0.5138020833333333,0.6627669270833333
d1_a,d1,a,common_grid,missing_peak_ratio,p08,p09,complete,64,1920,0.21145833333333333,396,1504,0,20,0,0.15130208333333334,0.28569661458333323
d1_a,d1,a,common_grid,missing_peak_ratio,p08,p10,complete,64,1920,0.6385416666666667,1219,687,0,14,0,0.5783854166666667,0.6984375
d1_a,d1,a,common_grid,missing_peak_ratio,p08,p11,complete,64,1920,0.16015625,295,1600,0,25,0,0.08932291666666667,0.25056640624999976
d1_a,d1,a,common_grid,missing_peak_ratio,p08,p12,complete,64,1920,0.11041666666666666,199,1695,0,26,0,0.05130208333333333,0.19089843749999993
d1_a,d1,a,common_grid,missing_peak_ratio,p09,p10,complete,64,1920,0.14375,272,1640,0,8,0,0.12083333333333333,0.1708463541666666
d1_a,d1,a,common_grid,missing_peak_ratio,p09,p11,complete,64,1920,0.71171875,1346,533,0,41,0,0.66431640625,0.7505208333333333
d1_a,d1,a,common_grid,missing_peak_ratio,p09,p12,complete,64,1920,0.84765625,1607,272,0,41,0,0.7861914062500001,0.8963541666666667
d1_a,d1,a,common_grid,missing_peak_ratio,p10,p11,complete,64,1920,0.21640625,405,1494,0,21,0,0.16405598958333334,0.2838606770833333
d1_a,d1,a,common_grid,missing_peak_ratio,p10,p12,complete,64,1920,0.27838541666666666,526,1377,0,17,0,0.23619791666666667,0.3257877604166666
d1_a,d1,a,common_grid,missing_peak_ratio,p11,p12,complete,64,1920,0.5841145833333333,1054,731,0,135,0,0.5049348958333334,0.6549479166666666
d2_5_a,d2_5,a,native,mse,p08,p09,complete,64,1920,0.6841145833333333,1307,600,0,13,0,0.6437434895833334,0.7244856770833333
d2_5_a,d2_5,a,native,mse,p08,p10,complete,64,1920,0.84609375,1527,198,187,8,0,0.8088411458333333,0.8736979166666666
d2_5_a,d2_5,a,native,mse,p08,p11,complete,64,1920,0.8856770833333333,1697,216,0,7,0,0.8046809895833333,0.94296875
d2_5_a,d2_5,a,native,mse,p08,p12,complete,64,1920,0.9229166666666667,1770,146,0,4,0,0.8429296875000001,0.9736979166666667
d2_5_a,d2_5,a,native,mse,p09,p10,complete,64,1920,0.6565104166666667,1252,651,0,17,0,0.6268229166666667,0.6877669270833333
d2_5_a,d2_5,a,native,mse,p09,p11,complete,64,1920,0.7541666666666667,1440,464,0,16,0,0.6557161458333334,0.8463541666666666
d2_5_a,d2_5,a,native,mse,p09,p12,complete,64,1920,0.8338541666666667,1585,303,0,32,0,0.7578125,0.90052734375
d2_5_a,d2_5,a,native,mse,p10,p11,complete,64,1920,0.9067708333333333,1739,177,0,4,0,0.84166015625,0.95546875
d2_5_a,d2_5,a,native,mse,p10,p12,complete,64,1920,0.95078125,1822,91,0,7,0,0.9015625,0.9849088541666665
d2_5_a,d2_5,a,native,mse,p11,p12,complete,64,1920,0.5,0,0,1828,0,92,0.5,0.5
d2_5_a,d2_5,a,native,rmse,p08,p09,complete,64,1920,0.68828125,1315,592,0,13,0,0.64712890625,0.72865234375
d2_5_a,d2_5,a,native,rmse,p08,p10,complete,64,1920,0.8434895833333333,1520,201,191,7,1,0.8062369791666667,0.8703190104166667
d2_5_a,d2_5,a,native,rmse,p08,p11,complete,64,1920,0.8856770833333333,1697,216,0,7,0,0.8046809895833333,0.94296875
d2_5_a,d2_5,a,native,rmse,p08,p12,complete,64,1920,0.9229166666666667,1770,146,0,4,0,0.8429296875000001,0.9736979166666667
d2_5_a,d2_5,a,native,rmse,p09,p10,complete,64,1920,0.6606770833333333,1260,643,0,17,0,0.6299414062500001,0.6906315104166667
d2_5_a,d2_5,a,native,rmse,p09,p11,complete,64,1920,0.7541666666666667,1440,464,0,16,0,0.6557161458333334,0.8463541666666666
d2_5_a,d2_5,a,native,rmse,p09,p12,complete,64,1920,0.8338541666666667,1585,303,0,32,0,0.7578125,0.90052734375
d2_5_a,d2_5,a,native,rmse,p10,p11,complete,64,1920,0.9067708333333333,1739,177,0,4,0,0.84166015625,0.95546875
d2_5_a,d2_5,a,native,rmse,p10,p12,complete,64,1920,0.95078125,1822,91,0,7,0,0.9015625,0.9849088541666665
d2_5_a,d2_5,a,native,rmse,p11,p12,complete,64,1920,0.5,0,0,1828,0,92,0.5,0.5
d2_5_a,d2_5,a,native,mae,p08,p09,complete,64,1920,0.7486979166666666,1431,476,0,13,0,0.7104036458333334,0.77865234375
d2_5_a,d2_5,a,native,mae,p08,p10,complete,64,1920,0.8286458333333333,1587,325,0,8,0,0.7875,0.8591145833333333
d2_5_a,d2_5,a,native,mae,p08,p11,complete,64,1920,0.8856770833333333,1697,216,0,7,0,0.8046809895833333,0.94296875
d2_5_a,d2_5,a,native,mae,p08,p12,complete,64,1920,0.9229166666666667,1770,146,0,4,0,0.8429296875000001,0.9736979166666667
d2_5_a,d2_5,a,native,mae,p09,p10,complete,64,1920,0.7158854166666667,1366,537,0,17,0,0.6942708333333333,0.7346354166666667
d2_5_a,d2_5,a,native,mae,p09,p11,complete,64,1920,0.7541666666666667,1440,464,0,16,0,0.6557161458333334,0.8463541666666666
d2_5_a,d2_5,a,native,mae,p09,p12,complete,64,1920,0.8338541666666667,1585,303,0,32,0,0.7578125,0.90052734375
d2_5_a,d2_5,a,native,mae,p10,p11,complete,64,1920,0.9067708333333333,1739,177,0,4,0,0.84166015625,0.95546875
d2_5_a,d2_5,a,native,mae,p10,p12,complete,64,1920,0.95078125,1822,91,0,7,0,0.9015625,0.9849088541666665
d2_5_a,d2_5,a,native,mae,p11,p12,complete,64,1920,0.5,0,0,1828,0,92,0.5,0.5
d2_5_a,d2_5,a,native,sam,p08,p09,complete,64,1920,0.67890625,1297,610,0,13,0,0.63619140625,0.7197981770833334
d2_5_a,d2_5,a,native,sam,p08,p10,complete,64,1920,0.8364583333333333,1602,310,0,8,0,0.7908854166666667,0.8721354166666667
d2_5_a,d2_5,a,native,sam,p08,p11,complete,64,1920,0.8856770833333333,1697,216,0,7,0,0.8046809895833333,0.94296875
d2_5_a,d2_5,a,native,sam,p08,p12,complete,64,1920,0.9229166666666667,1770,146,0,4,0,0.8429296875000001,0.9736979166666667
d2_5_a,d2_5,a,native,sam,p09,p10,complete,64,1920,0.64921875,1238,665,0,17,0,0.6208333333333333,0.67734375
d2_5_a,d2_5,a,native,sam,p09,p11,complete,64,1920,0.7541666666666667,1440,464,0,16,0,0.6557161458333334,0.8463541666666666
d2_5_a,d2_5,a,native,sam,p09,p12,complete,64,1920,0.8338541666666667,1585,303,0,32,0,0.7578125,0.90052734375
d2_5_a,d2_5,a,native,sam,p10,p11,complete,64,1920,0.9067708333333333,1739,177,0,4,0,0.84166015625,0.95546875
d2_5_a,d2_5,a,native,sam,p10,p12,complete,64,1920,0.95078125,1822,91,0,7,0,0.9015625,0.9849088541666665
d2_5_a,d2_5,a,native,sam,p11,p12,complete,64,1920,0.5,0,0,1828,0,92,0.5,0.5
d2_5_a,d2_5,a,native,pearson_r,p08,p09,complete,64,1920,0.6981770833333333,1334,573,0,13,0,0.66041015625,0.7320442708333332
d2_5_a,d2_5,a,native,pearson_r,p08,p10,complete,64,1920,0.8317708333333333,1593,319,0,8,0,0.78697265625,0.8651106770833333
d2_5_a,d2_5,a,native,pearson_r,p08,p11,complete,64,1920,0.8856770833333333,1697,216,0,7,0,0.8046809895833333,0.94296875
d2_5_a,d2_5,a,native,pearson_r,p08,p12,complete,64,1920,0.9229166666666667,1770,146,0,4,0,0.8429296875000001,0.9736979166666667
d2_5_a,d2_5,a,native,pearson_r,p09,p10,complete,64,1920,0.6466145833333333,1233,670,0,17,0,0.62291015625,0.6695377604166667
d2_5_a,d2_5,a,native,pearson_r,p09,p11,complete,64,1920,0.7541666666666667,1440,464,0,16,0,0.6557161458333334,0.8463541666666666
d2_5_a,d2_5,a,native,pearson_r,p09,p12,complete,64,1920,0.8338541666666667,1585,303,0,32,0,0.7578125,0.90052734375
d2_5_a,d2_5,a,native,pearson_r,p10,p11,complete,64,1920,0.9067708333333333,1739,177,0,4,0,0.84166015625,0.95546875
d2_5_a,d2_5,a,native,pearson_r,p10,p12,complete,64,1920,0.95078125,1822,91,0,7,0,0.9015625,0.9849088541666665
d2_5_a,d2_5,a,native,pearson_r,p11,p12,complete,64,1920,0.5,0,0,1828,0,92,0.5,0.5
d2_5_a,d2_5,a,native,nmse,p08,p09,complete,64,1920,0.67578125,1291,616,0,13,0,0.6341145833333334,0.7148502604166667
d2_5_a,d2_5,a,native,nmse,p08,p10,complete,64,1920,0.8393229166666667,1532,229,151,8,0,0.8015559895833333,0.86640625
d2_5_a,d2_5,a,native,nmse,p08,p11,complete,64,1920,0.8856770833333333,1697,216,0,7,0,0.8046809895833333,0.94296875
d2_5_a,d2_5,a,native,nmse,p08,p12,complete,64,1920,0.9229166666666667,1770,146,0,4,0,0.8429296875000001,0.9736979166666667
d2_5_a,d2_5,a,native,nmse,p09,p10,complete,64,1920,0.6486979166666667,1237,666,0,17,0,0.6192708333333333,0.6776106770833333
d2_5_a,d2_5,a,native,nmse,p09,p11,complete,64,1920,0.7541666666666667,1440,464,0,16,0,0.6557161458333334,0.8463541666666666
d2_5_a,d2_5,a,native,nmse,p09,p12,complete,64,1920,0.8338541666666667,1585,303,0,32,0,0.7578125,0.90052734375
d2_5_a,d2_5,a,native,nmse,p10,p11,complete,64,1920,0.9067708333333333,1739,177,0,4,0,0.84166015625,0.95546875
d2_5_a,d2_5,a,native,nmse,p10,p12,complete,64,1920,0.95078125,1822,91,0,7,0,0.9015625,0.9849088541666665
d2_5_a,d2_5,a,native,nmse,p11,p12,complete,64,1920,0.5,0,0,1828,0,92,0.5,0.5
d2_5_a,d2_5,a,native,wasserstein_1_cm1,p08,p09,complete,64,1920,0.7877604166666666,1506,401,0,13,0,0.7257617187500001,0.83203125
d2_5_a,d2_5,a,native,wasserstein_1_cm1,p08,p10,complete,64,1920,0.7619791666666667,1459,453,0,8,0,0.7088541666666667,0.81015625
d2_5_a,d2_5,a,native,wasserstein_1_cm1,p08,p11,complete,64,1920,0.8856770833333333,1697,216,0,7,0,0.8046809895833333,0.94296875
d2_5_a,d2_5,a,native,wasserstein_1_cm1,p08,p12,complete,64,1920,0.9229166666666667,1770,146,0,4,0,0.8429296875000001,0.9736979166666667
d2_5_a,d2_5,a,native,wasserstein_1_cm1,p09,p10,complete,64,1920,0.8934895833333333,1707,196,0,17,0,0.8815104166666666,0.9052083333333333
d2_5_a,d2_5,a,native,wasserstein_1_cm1,p09,p11,complete,64,1920,0.7765625,1483,421,0,16,0,0.7117057291666666,0.8322916666666667
d2_5_a,d2_5,a,native,wasserstein_1_cm1,p09,p12,complete,64,1920,0.834375,1586,302,0,32,0,0.7736979166666667,0.8838541666666667
d2_5_a,d2_5,a,native,wasserstein_1_cm1,p10,p11,complete,64,1920,0.9067708333333333,1739,177,0,4,0,0.84166015625,0.95546875
d2_5_a,d2_5,a,native,wasserstein_1_cm1,p10,p12,complete,64,1920,0.95078125,1822,91,0,7,0,0.9015625,0.9849088541666665
d2_5_a,d2_5,a,native,wasserstein_1_cm1,p11,p12,complete,64,1920,0.6,1106,722,0,92,0,0.47603515625,0.7234505208333332
d2_5_a,d2_5,a,native,is_like_structure_to_noise,p08,p09,complete,64,1920,0.22630208333333332,428,1479,0,13,0,0.17864583333333334,0.2903710937499999
d2_5_a,d2_5,a,native,is_like_structure_to_noise,p08,p10,complete,64,1920,0.15729166666666666,298,1614,0,8,0,0.13125,0.19091796874999983
d2_5_a,d2_5,a,native,is_like_structure_to_noise,p08,p11,complete,64,1920,0.11432291666666666,216,1697,0,7,0,0.05703125,0.19531901041666663
d2_5_a,d2_5,a,native,is_like_structure_to_noise,p08,p12,complete,64,1920,0.07708333333333334,146,1770,0,4,0,0.026302083333333334,0.1570703124999998
d2_5_a,d2_5,a,native,is_like_structure_to_noise,p09,p10,complete,64,1920,0.16380208333333332,306,1597,0,17,0,0.14505208333333333,0.18046875
d2_5_a,d2_5,a,native,is_like_structure_to_noise,p09,p11,complete,64,1920,0.7541666666666667,1440,464,0,16,0,0.6557161458333334,0.8463541666666666
d2_5_a,d2_5,a,native,is_like_structure_to_noise,p09,p12,complete,64,1920,0.8338541666666667,1585,303,0,32,0,0.7578125,0.90052734375
d2_5_a,d2_5,a,native,is_like_structure_to_noise,p10,p11,complete,64,1920,0.09322916666666667,177,1739,0,4,0,0.04453125,0.15833984374999996
d2_5_a,d2_5,a,native,is_like_structure_to_noise,p10,p12,complete,64,1920,0.04921875,91,1822,0,7,0,0.015091145833333335,0.0984375
d2_5_a,d2_5,a,native,is_like_structure_to_noise,p11,p12,complete,64,1920,0.5,0,0,1828,0,92,0.5,0.5
d2_5_a,d2_5,a,native,precision,p08,p09,complete,64,1920,0.22630208333333332,428,1479,0,13,0,0.17864583333333334,0.2903710937499999
d2_5_a,d2_5,a,native,precision,p08,p10,complete,64,1920,0.5598958333333334,1071,841,0,8,0,0.5036393229166667,0.6174479166666667
d2_5_a,d2_5,a,native,precision,p08,p11,complete,64,1920,0.71328125,1366,547,0,7,0,0.6726497395833333,0.7406315104166666
d2_5_a,d2_5,a,native,precision,p08,p12,complete,64,1920,0.7265625,1393,523,0,4,0,0.6861979166666666,0.7489583333333333
d2_5_a,d2_5,a,native,precision,p09,p10,complete,64,1920,0.19296875,362,1541,0,17,0,0.17421875,0.2088606770833333
d2_5_a,d2_5,a,native,precision,p09,p11,complete,64,1920,0.6973958333333333,1331,573,0,16,0,0.6541536458333334,0.7364583333333333
d2_5_a,d2_5,a,native,precision,p09,p12,complete,64,1920,0.8338541666666667,1585,303,0,32,0,0.7578125,0.90052734375
d2_5_a,d2_5,a,native,precision,p10,p11,complete,64,1920,0.7375,1414,502,0,4,0,0.7109309895833333,0.7562565104166666
d2_5_a,d2_5,a,native,precision,p10,p12,complete,64,1920,0.9002604166666667,1725,188,0,7,0,0.86328125,0.9234440104166667
d2_5_a,d2_5,a,native,precision,p11,p12,complete,64,1920,0.5901041666666667,868,522,438,50,42,0.5083333333333333,0.6690234374999999
d2_5_a,d2_5,a,native,recall,p08,p09,complete,64,1920,0.22630208333333332,428,1479,0,13,0,0.17864583333333334,0.2903710937499999
d2_5_a,d2_5,a,native,recall,p08,p10,complete,64,1920,0.6380208333333334,1221,691,0,8,0,0.5825520833333333,0.6934895833333333
d2_5_a,d2_5,a,native,recall,p08,p11,complete,64,1920,0.7252604166666666,1389,524,0,7,0,0.6851497395833334,0.7494791666666667
d2_5_a,d2_5,a,native,recall,p08,p12,complete,64,1920,0.7265625,1393,523,0,4,0,0.6861979166666666,0.7489583333333333
d2_5_a,d2_5,a,native,recall,p09,p10,complete,64,1920,0.16432291666666668,307,1596,0,17,0,0.14583333333333334,0.18072916666666666
d2_5_a,d2_5,a,native,recall,p09,p11,complete,64,1920,0.7067708333333333,1349,555,0,16,0,0.66171875,0.7471354166666667
d2_5_a,d2_5,a,native,recall,p09,p12,complete,64,1920,0.8338541666666667,1585,303,0,32,0,0.7578125,0.90052734375
d2_5_a,d2_5,a,native,recall,p10,p11,complete,64,1920,0.7375,1414,502,0,4,0,0.7109309895833333,0.7562565104166666
d2_5_a,d2_5,a,native,recall,p10,p12,complete,64,1920,0.8955729166666667,1716,197,0,7,0,0.8614518229166667,0.9177083333333333
d2_5_a,d2_5,a,native,recall,p11,p12,complete,64,1920,0.5901041666666667,868,522,438,50,42,0.5083333333333333,0.6690234374999999
d2_5_a,d2_5,a,native,f1,p08,p09,complete,64,1920,0.22630208333333332,428,1479,0,13,0,0.17864583333333334,0.2903710937499999
d2_5_a,d2_5,a,native,f1,p08,p10,complete,64,1920,0.603125,1154,758,0,8,0,0.5492122395833333,0.6557356770833334
d2_5_a,d2_5,a,native,f1,p08,p11,complete,64,1920,0.7231770833333333,1385,528,0,7,0,0.6846354166666667,0.74765625
d2_5_a,d2_5,a,native,f1,p08,p12,complete,64,1920,0.7265625,1393,523,0,4,0,0.6861979166666666,0.7489583333333333
d2_5_a,d2_5,a,native,f1,p09,p10,complete,64,1920,0.17734375,332,1571,0,17,0,0.15833333333333333,0.19375
d2_5_a,d2_5,a,native,f1,p09,p11,complete,64,1920,0.7026041666666667,1341,563,0,16,0,0.6575455729166667,0.74271484375
d2_5_a,d2_5,a,native,f1,p09,p12,complete,64,1920,0.8338541666666667,1585,303,0,32,0,0.7578125,0.90052734375
d2_5_a,d2_5,a,native,f1,p10,p11,complete,64,1920,0.7375,1414,502,0,4,0,0.7109309895833333,0.7562565104166666
d2_5_a,d2_5,a,native,f1,p10,p12,complete,64,1920,0.8997395833333334,1724,189,0,7,0,0.86353515625,0.9223958333333333
d2_5_a,d2_5,a,native,f1,p11,p12,complete,64,1920,0.5901041666666667,868,522,438,50,42,0.5083333333333333,0.6690234374999999
d2_5_a,d2_5,a,native,artifact_peak_ratio,p08,p09,complete,64,1920,0.22630208333333332,428,1479,0,13,0,0.17864583333333334,0.2903710937499999
d2_5_a,d2_5,a,native,artifact_peak_ratio,p08,p10,complete,64,1920,0.5598958333333334,1071,841,0,8,0,0.5036393229166667,0.6174479166666667
d2_5_a,d2_5,a,native,artifact_peak_ratio,p08,p11,complete,64,1920,0.71328125,1366,547,0,7,0,0.6726497395833333,0.7406315104166666
d2_5_a,d2_5,a,native,artifact_peak_ratio,p08,p12,complete,64,1920,0.7265625,1393,523,0,4,0,0.6861979166666666,0.7489583333333333
d2_5_a,d2_5,a,native,artifact_peak_ratio,p09,p10,complete,64,1920,0.19296875,362,1541,0,17,0,0.17421875,0.2088606770833333
d2_5_a,d2_5,a,native,artifact_peak_ratio,p09,p11,complete,64,1920,0.6973958333333333,1331,573,0,16,0,0.6541536458333334,0.7364583333333333
d2_5_a,d2_5,a,native,artifact_peak_ratio,p09,p12,complete,64,1920,0.8338541666666667,1585,303,0,32,0,0.7578125,0.90052734375
d2_5_a,d2_5,a,native,artifact_peak_ratio,p10,p11,complete,64,1920,0.7375,1414,502,0,4,0,0.7109309895833333,0.7562565104166666
d2_5_a,d2_5,a,native,artifact_peak_ratio,p10,p12,complete,64,1920,0.9002604166666667,1725,188,0,7,0,0.86328125,0.9234440104166667
d2_5_a,d2_5,a,native,artifact_peak_ratio,p11,p12,complete,64,1920,0.5901041666666667,868,522,438,50,42,0.5083333333333333,0.6690234374999999
d2_5_a,d2_5,a,native,missing_peak_ratio,p08,p09,complete,64,1920,0.22630208333333332,428,1479,0,13,0,0.17864583333333334,0.2903710937499999
d2_5_a,d2_5,a,native,missing_peak_ratio,p08,p10,complete,64,1920,0.6380208333333334,1221,691,0,8,0,0.5825520833333333,0.6934895833333333
d2_5_a,d2_5,a,native,missing_peak_ratio,p08,p11,complete,64,1920,0.7252604166666666,1389,524,0,7,0,0.6851497395833334,0.7494791666666667
d2_5_a,d2_5,a,native,missing_peak_ratio,p08,p12,complete,64,1920,0.7265625,1393,523,0,4,0,0.6861979166666666,0.7489583333333333
d2_5_a,d2_5,a,native,missing_peak_ratio,p09,p10,complete,64,1920,0.16432291666666668,307,1596,0,17,0,0.14583333333333334,0.18072916666666666
d2_5_a,d2_5,a,native,missing_peak_ratio,p09,p11,complete,64,1920,0.7067708333333333,1349,555,0,16,0,0.66171875,0.7471354166666667
d2_5_a,d2_5,a,native,missing_peak_ratio,p09,p12,complete,64,1920,0.8338541666666667,1585,303,0,32,0,0.7578125,0.90052734375
d2_5_a,d2_5,a,native,missing_peak_ratio,p10,p11,complete,64,1920,0.7375,1414,502,0,4,0,0.7109309895833333,0.7562565104166666
d2_5_a,d2_5,a,native,missing_peak_ratio,p10,p12,complete,64,1920,0.8955729166666667,1716,197,0,7,0,0.8614518229166667,0.9177083333333333
d2_5_a,d2_5,a,native,missing_peak_ratio,p11,p12,complete,64,1920,0.5901041666666667,868,522,438,50,42,0.5083333333333333,0.6690234374999999
d2_5_a,d2_5,a,common_grid,mse,p08,p09,complete,64,1920,0.6356770833333333,1214,693,0,13,0,0.60572265625,0.6619856770833333
d2_5_a,d2_5,a,common_grid,mse,p08,p10,complete,64,1920,0.8614583333333333,1650,262,0,8,0,0.82421875,0.8927083333333333
d2_5_a,d2_5,a,common_grid,mse,p08,p11,complete,64,1920,0.7700520833333333,1475,438,0,7,0,0.7252278645833333,0.8075520833333333
d2_5_a,d2_5,a,common_grid,mse,p08,p12,complete,64,1920,0.8453125,1621,295,0,4,0,0.7859309895833333,0.8817708333333333
d2_5_a,d2_5,a,common_grid,mse,p09,p10,complete,64,1920,0.6127604166666667,1168,735,0,17,0,0.5890559895833334,0.63671875
d2_5_a,d2_5,a,common_grid,mse,p09,p11,complete,64,1920,0.7536458333333333,1439,465,0,16,0,0.7044205729166667,0.8007877604166667
d2_5_a,d2_5,a,common_grid,mse,p09,p12,complete,64,1920,0.8229166666666666,1564,324,0,32,0,0.7773372395833333,0.8604231770833334
d2_5_a,d2_5,a,common_grid,mse,p10,p11,complete,64,1920,0.7703125,1477,439,0,4,0,0.7359375,0.80521484375
d2_5_a,d2_5,a,common_grid,mse,p10,p12,complete,64,1920,0.84296875,1615,298,0,7,0,0.8161393229166667,0.8635416666666667
d2_5_a,d2_5,a,common_grid,mse,p11,p12,complete,64,1920,0.5828125,1073,755,0,92,0,0.45703125,0.7122526041666666
d2_5_a,d2_5,a,common_grid,rmse,p08,p09,complete,64,1920,0.6356770833333333,1214,693,0,13,0,0.60572265625,0.6619856770833333
d2_5_a,d2_5,a,common_grid,rmse,p08,p10,complete,64,1920,0.8614583333333333,1650,262,0,8,0,0.82421875,0.8927083333333333
d2_5_a,d2_5,a,common_grid,rmse,p08,p11,complete,64,1920,0.77109375,1477,436,0,7,0,0.7255208333333333,0.8080794270833334
d2_5_a,d2_5,a,common_grid,rmse,p08,p12,complete,64,1920,0.8453125,1621,295,0,4,0,0.7864518229166667,0.8817708333333333
d2_5_a,d2_5,a,common_grid,rmse,p09,p10,complete,64,1920,0.6247395833333333,1191,712,0,17,0,0.6013020833333333,0.6513020833333333
d2_5_a,d2_5,a,common_grid,rmse,p09,p11,complete,64,1920,0.7536458333333333,1439,465,0,16,0,0.7044205729166667,0.8007877604166667
d2_5_a,d2_5,a,common_grid,rmse,p09,p12,complete,64,1920,0.8229166666666666,1564,324,0,32,0,0.7773372395833333,0.8604231770833334
d2_5_a,d2_5,a,common_grid,rmse,p10,p11,complete,64,1920,0.7708333333333334,1478,438,0,4,0,0.7359375,0.80625
d2_5_a,d2_5,a,common_grid,rmse,p10,p12,complete,64,1920,0.84296875,1615,298,0,7,0,0.8161393229166667,0.8635416666666667
d2_5_a,d2_5,a,common_grid,rmse,p11,p12,complete,64,1920,0.5828125,1073,755,0,92,0,0.45703125,0.7122526041666666
d2_5_a,d2_5,a,common_grid,mae,p08,p09,complete,64,1920,0.7486979166666666,1431,476,0,13,0,0.7104036458333334,0.77865234375
d2_5_a,d2_5,a,common_grid,mae,p08,p10,complete,64,1920,0.8286458333333333,1587,325,0,8,0,0.7875,0.8591145833333333
d2_5_a,d2_5,a,common_grid,mae,p08,p11,complete,64,1920,0.7768229166666667,1488,425,0,7,0,0.7275976562500001,0.8140625
d2_5_a,d2_5,a,common_grid,mae,p08,p12,complete,64,1920,0.8609375,1651,265,0,4,0,0.80103515625,0.8973958333333333
d2_5_a,d2_5,a,common_grid,mae,p09,p10,complete,64,1920,0.7033854166666667,1342,561,0,17,0,0.6794270833333333,0.7252669270833333
d2_5_a,d2_5,a,common_grid,mae,p09,p11,complete,64,1920,0.7536458333333333,1439,465,0,16,0,0.7028645833333333,0.8007942708333332
d2_5_a,d2_5,a,common_grid,mae,p09,p12,complete,64,1920,0.8296875,1577,311,0,32,0,0.78125,0.8692708333333333
d2_5_a,d2_5,a,common_grid,mae,p10,p11,complete,64,1920,0.771875,1480,436,0,4,0,0.7359375,0.8072916666666666
d2_5_a,d2_5,a,common_grid,mae,p10,p12,complete,64,1920,0.86171875,1651,262,0,7,0,0.8327994791666666,0.8833333333333333
d2_5_a,d2_5,a,common_grid,mae,p11,p12,complete,64,1920,0.5651041666666666,1039,789,0,92,0,0.444765625,0.69193359375
d2_5_a,d2_5,a,common_grid,sam,p08,p09,complete,64,1920,0.6377604166666667,1218,689,0,13,0,0.6075520833333333,0.6643294270833333
d2_5_a,d2_5,a,common_grid,sam,p08,p10,complete,64,1920,0.8651041666666667,1657,255,0,8,0,0.8268229166666666,0.8958333333333334
d2_5_a,d2_5,a,common_grid,sam,p08,p11,complete,64,1920,0.7575520833333333,1451,462,0,7,0,0.7130143229166667,0.7958333333333333
d2_5_a,d2_5,a,common_grid,sam,p08,p12,complete,64,1920,0.8427083333333333,1616,300,0,4,0,0.7841145833333333,0.87943359375
d2_5_a,d2_5,a,common_grid,sam,p09,p10,complete,64,1920,0.6294270833333333,1200,703,0,17,0,0.6033854166666667,0.6559895833333333
d2_5_a,d2_5,a,common_grid,sam,p09,p11,complete,64,1920,0.7510416666666667,1434,470,0,16,0,0.7020833333333333,0.7984440104166667
d2_5_a,d2_5,a,common_grid,sam,p09,p12,complete,64,1920,0.8213541666666667,1561,327,0,32,0,0.7768229166666667,0.8583333333333333
d2_5_a,d2_5,a,common_grid,sam,p10,p11,complete,64,1920,0.7598958333333333,1457,459,0,4,0,0.7252604166666666,0.7966145833333333
d2_5_a,d2_5,a,common_grid,sam,p10,p12,complete,64,1920,0.8408854166666667,1611,302,0,7,0,0.81484375,0.8619791666666666
d2_5_a,d2_5,a,common_grid,sam,p11,p12,complete,64,1920,0.5822916666666667,1072,756,0,92,0,0.4567643229166667,0.7117317708333332
d2_5_a,d2_5,a,common_grid,pearson_r,p08,p09,complete,64,1920,0.67421875,1288,619,0,13,0,0.6375,0.7080729166666667
d2_5_a,d2_5,a,common_grid,pearson_r,p08,p10,complete,64,1920,0.8411458333333334,1611,301,0,8,0,0.79478515625,0.8768229166666667
d2_5_a,d2_5,a,common_grid,pearson_r,p08,p11,complete,64,1920,0.6674479166666667,1278,635,0,7,0,0.6223958333333334,0.7138020833333333
d2_5_a,d2_5,a,common_grid,pearson_r,p08,p12,complete,64,1920,0.8302083333333333,1592,324,0,4,0,0.7744791666666667,0.8666731770833334
d2_5_a,d2_5,a,common_grid,pearson_r,p09,p10,complete,64,1920,0.6388020833333333,1218,685,0,17,0,0.615625,0.6619791666666667
d2_5_a,d2_5,a,common_grid,pearson_r,p09,p11,complete,64,1920,0.6947916666666667,1326,578,0,16,0,0.6463411458333334,0.7453125
d2_5_a,d2_5,a,common_grid,pearson_r,p09,p12,complete,64,1920,0.8171875,1553,335,0,32,0,0.77369140625,0.8546875
d2_5_a,d2_5,a,common_grid,pearson_r,p10,p11,complete,64,1920,0.6625,1270,646,0,4,0,0.6190104166666667,0.7088606770833333
d2_5_a,d2_5,a,common_grid,pearson_r,p10,p12,complete,64,1920,0.8268229166666666,1584,329,0,7,0,0.8020833333333334,0.84818359375
d2_5_a,d2_5,a,common_grid,pearson_r,p11,p12,complete,64,1920,0.58125,1070,758,0,92,0,0.45597005208333335,0.7111979166666667
d2_5_a,d2_5,a,common_grid,nmse,p08,p09,complete,64,1920,0.6356770833333333,1214,693,0,13,0,0.60572265625,0.6619856770833333
d2_5_a,d2_5,a,common_grid,nmse,p08,p10,complete,64,1920,0.8614583333333333,1650,262,0,8,0,0.82421875,0.8927083333333333
d2_5_a,d2_5,a,common_grid,nmse,p08,p11,complete,64,1920,0.7690104166666667,1473,440,0,7,0,0.7236914062500001,0.8067708333333333
d2_5_a,d2_5,a,common_grid,nmse,p08,p12,complete,64,1920,0.8447916666666667,1620,296,0,4,0,0.78541015625,0.88125
d2_5_a,d2_5,a,common_grid,nmse,p09,p10,complete,64,1920,0.6169270833333333,1176,727,0,17,0,0.5968684895833334,0.63984375
d2_5_a,d2_5,a,common_grid,nmse,p09,p11,complete,64,1920,0.7505208333333333,1433,471,0,16,0,0.7018229166666666,0.7971354166666667
d2_5_a,d2_5,a,common_grid,nmse,p09,p12,complete,64,1920,0.8223958333333333,1563,325,0,32,0,0.7770833333333333,0.8596419270833333
d2_5_a,d2_5,a,common_grid,nmse,p10,p11,complete,64,1920,0.7666666666666667,1470,446,0,4,0,0.7320247395833334,0.8026106770833333
d2_5_a,d2_5,a,common_grid,nmse,p10,p12,complete,64,1920,0.8424479166666666,1614,299,0,7,0,0.81587890625,0.8630208333333333
d2_5_a,d2_5,a,common_grid,nmse,p11,p12,complete,64,1920,0.5828125,1073,755,0,92,0,0.45650390625,0.7127669270833333
d2_5_a,d2_5,a,common_grid,wasserstein_1_cm1,p08,p09,complete,64,1920,0.7888020833333333,1508,399,0,13,0,0.72603515625,0.8333333333333334
d2_5_a,d2_5,a,common_grid,wasserstein_1_cm1,p08,p10,complete,64,1920,0.7619791666666667,1459,453,0,8,0,0.7088541666666667,0.81015625
d2_5_a,d2_5,a,common_grid,wasserstein_1_cm1,p08,p11,complete,64,1920,0.8856770833333333,1697,216,0,7,0,0.8046809895833333,0.94296875
d2_5_a,d2_5,a,common_grid,wasserstein_1_cm1,p08,p12,complete,64,1920,0.9229166666666667,1770,146,0,4,0,0.8429296875000001,0.9736979166666667
d2_5_a,d2_5,a,common_grid,wasserstein_1_cm1,p09,p10,complete,64,1920,0.8940104166666667,1708,195,0,17,0,0.8817708333333333,0.9057291666666667
d2_5_a,d2_5,a,common_grid,wasserstein_1_cm1,p09,p11,complete,64,1920,0.7604166666666666,1452,452,0,16,0,0.66822265625,0.8442708333333333
d2_5_a,d2_5,a,common_grid,wasserstein_1_cm1,p09,p12,complete,64,1920,0.8338541666666667,1585,303,0,32,0,0.7578125,0.90052734375
d2_5_a,d2_5,a,common_grid,wasserstein_1_cm1,p10,p11,complete,64,1920,0.9067708333333333,1739,177,0,4,0,0.84166015625,0.95546875
d2_5_a,d2_5,a,common_grid,wasserstein_1_cm1,p10,p12,complete,64,1920,0.95078125,1822,91,0,7,0,0.9015625,0.9849088541666665
d2_5_a,d2_5,a,common_grid,wasserstein_1_cm1,p11,p12,complete,64,1920,0.5947916666666667,1096,732,0,92,0,0.4677018229166667,0.72474609375
d2_5_a,d2_5,a,common_grid,is_like_structure_to_noise,p08,p09,complete,64,1920,0.22630208333333332,428,1479,0,13,0,0.17864583333333334,0.2903710937499999
d2_5_a,d2_5,a,common_grid,is_like_structure_to_noise,p08,p10,complete,64,1920,0.15052083333333333,285,1627,0,8,0,0.12552083333333333,0.18125651041666663
d2_5_a,d2_5,a,common_grid,is_like_structure_to_noise,p08,p11,complete,64,1920,0.40651041666666665,777,1136,0,7,0,0.36692708333333335,0.44870442708333325
d2_5_a,d2_5,a,common_grid,is_like_structure_to_noise,p08,p12,complete,64,1920,0.3640625,697,1219,0,4,0,0.3294270833333333,0.40443359374999993
d2_5_a,d2_5,a,common_grid,is_like_structure_to_noise,p09,p10,complete,64,1920,0.16380208333333332,306,1597,0,17,0,0.14505208333333333,0.18046875
d2_5_a,d2_5,a,common_grid,is_like_structure_to_noise,p09,p11,complete,64,1920,0.7541666666666667,1440,464,0,16,0,0.6557161458333334,0.8463541666666666
d2_5_a,d2_5,a,common_grid,is_like_structure_to_noise,p09,p12,complete,64,1920,0.8338541666666667,1585,303,0,32,0,0.7578125,0.90052734375
d2_5_a,d2_5,a,common_grid,is_like_structure_to_noise,p10,p11,complete,64,1920,0.4114583333333333,788,1128,0,4,0,0.378125,0.44609375
d2_5_a,d2_5,a,common_grid,is_like_structure_to_noise,p10,p12,complete,64,1920,0.36380208333333336,695,1218,0,7,0,0.33828125,0.39010416666666664
d2_5_a,d2_5,a,common_grid,is_like_structure_to_noise,p11,p12,complete,64,1920,0.5291666666666667,970,858,0,92,0,0.4875,0.5679817708333332
d2_5_a,d2_5,a,common_grid,precision,p08,p09,complete,64,1920,0.22630208333333332,428,1479,0,13,0,0.17864583333333334,0.2903710937499999
d2_5_a,d2_5,a,common_grid,precision,p08,p10,complete,64,1920,0.5635416666666667,1078,834,0,8,0,0.50703125,0.6203190104166667
d2_5_a,d2_5,a,common_grid,precision,p08,p11,complete,64,1920,0.11432291666666666,216,1697,0,7,0,0.05703125,0.19531901041666663
d2_5_a,d2_5,a,common_grid,precision,p08,p12,complete,64,1920,0.07708333333333334,146,1770,0,4,0,0.026302083333333334,0.1570703124999998
d2_5_a,d2_5,a,common_grid,precision,p09,p10,complete,64,1920,0.19296875,362,1541,0,17,0,0.17395833333333333,0.20912109374999996
d2_5_a,d2_5,a,common_grid,precision,p09,p11,complete,64,1920,0.6833333333333333,1304,600,0,16,0,0.65078125,0.7140625
d2_5_a,d2_5,a,common_grid,precision,p09,p12,complete,64,1920,0.8338541666666667,1585,303,0,32,0,0.7734309895833333,0.8859440104166667
d2_5_a,d2_5,a,common_grid,precision,p10,p11,complete,64,1920,0.19114583333333332,365,1551,0,4,0,0.14348958333333334,0.2523502604166666
d2_5_a,d2_5,a,common_grid,precision,p10,p12,complete,64,1920,0.29973958333333334,572,1341,0,7,0,0.25728515625,0.35260416666666666
d2_5_a,d2_5,a,common_grid,precision,p11,p12,complete,64,1920,0.5,914,914,0,92,0,0.42707682291666665,0.5760611979166665
d2_5_a,d2_5,a,common_grid,recall,p08,p09,complete,64,1920,0.22630208333333332,428,1479,0,13,0,0.17864583333333334,0.2903710937499999
d2_5_a,d2_5,a,common_grid,recall,p08,p10,complete,64,1920,0.6375,1220,692,0,8,0,0.5841080729166667,0.6901106770833333
d2_5_a,d2_5,a,common_grid,recall,p08,p11,complete,64,1920,0.11432291666666666,216,1697,0,7,0,0.05703125,0.19531901041666663
d2_5_a,d2_5,a,common_grid,recall,p08,p12,complete,64,1920,0.09322916666666667,177,1739,0,4,0,0.04583333333333333,0.16799479166666653
d2_5_a,d2_5,a,common_grid,recall,p09,p10,complete,64,1920,0.16484375,308,1595,0,17,0,0.14661458333333333,0.18125
d2_5_a,d2_5,a,common_grid,recall,p09,p11,complete,64,1920,0.7223958333333333,1379,525,0,16,0,0.68046875,0.7578190104166667
d2_5_a,d2_5,a,common_grid,recall,p09,p12,complete,64,1920,0.8338541666666667,1585,303,0,32,0,0.765625,0.8934960937499999
d2_5_a,d2_5,a,common_grid,recall,p10,p11,complete,64,1920,0.1921875,367,1549,0,4,0,0.14061197916666668,0.25807942708333326
d2_5_a,d2_5,a,common_grid,recall,p10,p12,complete,64,1920,0.28359375,541,1372,0,7,0,0.23723307291666668,0.3395963541666666
d2_5_a,d2_5,a,common_grid,recall,p11,p12,complete,64,1920,0.49947916666666664,913,915,0,92,0,0.42785807291666667,0.5755403645833332
d2_5_a,d2_5,a,common_grid,f1,p08,p09,complete,64,1920,0.22630208333333332,428,1479,0,13,0,0.17864583333333334,0.2903710937499999
d2_5_a,d2_5,a,common_grid,f1,p08,p10,complete,64,1920,0.6057291666666667,1159,753,0,8,0,0.5512955729166666,0.6598958333333333
d2_5_a,d2_5,a,common_grid,f1,p08,p11,complete,64,1920,0.11432291666666666,216,1697,0,7,0,0.05703125,0.19531901041666663
d2_5_a,d2_5,a,common_grid,f1,p08,p12,complete,64,1920,0.07708333333333334,146,1770,0,4,0,0.026302083333333334,0.1570703124999998
d2_5_a,d2_5,a,common_grid,f1,p09,p10,complete,64,1920,0.17734375,332,1571,0,17,0,0.15911458333333334,0.19322916666666667
d2_5_a,d2_5,a,common_grid,f1,p09,p11,complete,64,1920,0.7114583333333333,1358,546,0,16,0,0.67759765625,0.7416731770833334
d2_5_a,d2_5,a,common_grid,f1,p09,p12,complete,64,1920,0.8276041666666667,1573,315,0,32,0,0.7635416666666667,0.8815104166666666
d2_5_a,d2_5,a,common_grid,f1,p10,p11,complete,64,1920,0.18958333333333333,362,1554,0,4,0,0.14035807291666666,0.25159505208333316
d2_5_a,d2_5,a,common_grid,f1,p10,p12,complete,64,1920,0.29192708333333334,557,1356,0,7,0,0.24894531250000002,0.34479817708333327
d2_5_a,d2_5,a,common_grid,f1,p11,p12,complete,64,1920,0.4973958333333333,909,919,0,92,0,0.42655598958333335,0.5721354166666667
d2_5_a,d2_5,a,common_grid,artifact_peak_ratio,p08,p09,complete,64,1920,0.22630208333333332,428,1479,0,13,0,0.17864583333333334,0.2903710937499999
d2_5_a,d2_5,a,common_grid,artifact_peak_ratio,p08,p10,complete,64,1920,0.5635416666666667,1078,834,0,8,0,0.50703125,0.6203190104166667
d2_5_a,d2_5,a,common_grid,artifact_peak_ratio,p08,p11,complete,64,1920,0.11432291666666666,216,1697,0,7,0,0.05703125,0.19531901041666663
d2_5_a,d2_5,a,common_grid,artifact_peak_ratio,p08,p12,complete,64,1920,0.07708333333333334,146,1770,0,4,0,0.026302083333333334,0.1570703124999998
d2_5_a,d2_5,a,common_grid,artifact_peak_ratio,p09,p10,complete,64,1920,0.19296875,362,1541,0,17,0,0.17395833333333333,0.20912109374999996
d2_5_a,d2_5,a,common_grid,artifact_peak_ratio,p09,p11,complete,64,1920,0.6833333333333333,1304,600,0,16,0,0.65078125,0.7140625
d2_5_a,d2_5,a,common_grid,artifact_peak_ratio,p09,p12,complete,64,1920,0.8338541666666667,1585,303,0,32,0,0.7734309895833333,0.8859440104166667
d2_5_a,d2_5,a,common_grid,artifact_peak_ratio,p10,p11,complete,64,1920,0.19114583333333332,365,1551,0,4,0,0.14348958333333334,0.2523502604166666
d2_5_a,d2_5,a,common_grid,artifact_peak_ratio,p10,p12,complete,64,1920,0.29973958333333334,572,1341,0,7,0,0.25728515625,0.35260416666666666
d2_5_a,d2_5,a,common_grid,artifact_peak_ratio,p11,p12,complete,64,1920,0.5,914,914,0,92,0,0.42707682291666665,0.5760611979166665
d2_5_a,d2_5,a,common_grid,missing_peak_ratio,p08,p09,complete,64,1920,0.22630208333333332,428,1479,0,13,0,0.17864583333333334,0.2903710937499999
d2_5_a,d2_5,a,common_grid,missing_peak_ratio,p08,p10,complete,64,1920,0.6375,1220,692,0,8,0,0.5841080729166667,0.6901106770833333
d2_5_a,d2_5,a,common_grid,missing_peak_ratio,p08,p11,complete,64,1920,0.11432291666666666,216,1697,0,7,0,0.05703125,0.19531901041666663
d2_5_a,d2_5,a,common_grid,missing_peak_ratio,p08,p12,complete,64,1920,0.09322916666666667,177,1739,0,4,0,0.04583333333333333,0.16799479166666653
d2_5_a,d2_5,a,common_grid,missing_peak_ratio,p09,p10,complete,64,1920,0.16484375,308,1595,0,17,0,0.14661458333333333,0.18125
d2_5_a,d2_5,a,common_grid,missing_peak_ratio,p09,p11,complete,64,1920,0.7223958333333333,1379,525,0,16,0,0.68046875,0.7578190104166667
d2_5_a,d2_5,a,common_grid,missing_peak_ratio,p09,p12,complete,64,1920,0.8338541666666667,1585,303,0,32,0,0.765625,0.8934960937499999
d2_5_a,d2_5,a,common_grid,missing_peak_ratio,p10,p11,complete,64,1920,0.1921875,367,1549,0,4,0,0.14061197916666668,0.25807942708333326
d2_5_a,d2_5,a,common_grid,missing_peak_ratio,p10,p12,complete,64,1920,0.28359375,541,1372,0,7,0,0.23723307291666668,0.3395963541666666
d2_5_a,d2_5,a,common_grid,missing_peak_ratio,p11,p12,complete,64,1920,0.49947916666666664,913,915,0,92,0,0.42785807291666667,0.5755403645833332
d2_5_b,d2_5,b,native,mse,p08,p09,complete,64,1920,0.7106770833333333,1359,550,0,11,0,0.6734375,0.74375
d2_5_b,d2_5,b,native,mse,p08,p10,complete,64,1920,0.66796875,1188,543,186,2,1,0.64791015625,0.6895833333333333
d2_5_b,d2_5,b,native,mse,p08,p11,complete,64,1920,0.9338541666666667,1783,117,0,20,0,0.8528645833333334,0.9903645833333333
d2_5_b,d2_5,b,native,mse,p08,p12,complete,64,1920,0.9044270833333333,1733,180,0,7,0,0.8015364583333333,0.9797005208333333
d2_5_b,d2_5,b,native,mse,p09,p10,complete,64,1920,0.7041666666666667,1347,563,0,10,0,0.6723958333333333,0.73515625
d2_5_b,d2_5,b,native,mse,p09,p11,complete,64,1920,0.87890625,1686,231,0,3,0,0.7741861979166667,0.9651171874999999
d2_5_b,d2_5,b,native,mse,p09,p12,complete,64,1920,0.8609375,1651,265,0,4,0,0.753125,0.9518229166666666
d2_5_b,d2_5,b,native,mse,p10,p11,complete,64,1920,0.93515625,1794,123,0,3,0,0.8791536458333333,0.9830729166666666
d2_5_b,d2_5,b,native,mse,p10,p12,complete,64,1920,0.92421875,1774,145,0,1,0,0.8666666666666667,0.9736979166666667
d2_5_b,d2_5,b,native,mse,p11,p12,complete,64,1920,0.5,0,0,1871,0,49,0.5,0.5
d2_5_b,d2_5,b,native,rmse,p08,p09,complete,64,1920,0.70859375,1355,554,0,11,0,0.6721354166666667,0.7416731770833334
d2_5_b,d2_5,b,native,rmse,p08,p10,complete,64,1920,0.6640625,1178,548,191,2,1,0.6442643229166667,0.6846354166666667
d2_5_b,d2_5,b,native,rmse,p08,p11,complete,64,1920,0.9338541666666667,1783,117,0,20,0,0.8528645833333334,0.9903645833333333
d2_5_b,d2_5,b,native,rmse,p08,p12,complete,64,1920,0.9044270833333333,1733,180,0,7,0,0.8015364583333333,0.9797005208333333
d2_5_b,d2_5,b,native,rmse,p09,p10,complete,64,1920,0.7083333333333334,1355,555,0,10,0,0.6762955729166666,0.740625
d2_5_b,d2_5,b,native,rmse,p09,p11,complete,64,1920,0.87890625,1686,231,0,3,0,0.7741861979166667,0.9651171874999999
d2_5_b,d2_5,b,native,rmse,p09,p12,complete,64,1920,0.8609375,1651,265,0,4,0,0.753125,0.9518229166666666
d2_5_b,d2_5,b,native,rmse,p10,p11,complete,64,1920,0.93515625,1794,123,0,3,0,0.8791536458333333,0.9830729166666666
d2_5_b,d2_5,b,native,rmse,p10,p12,complete,64,1920,0.92421875,1774,145,0,1,0,0.8666666666666667,0.9736979166666667
d2_5_b,d2_5,b,native,rmse,p11,p12,complete,64,1920,0.5,0,0,1871,0,49,0.5,0.5
d2_5_b,d2_5,b,native,mae,p08,p09,complete,64,1920,0.7018229166666666,1342,567,0,11,0,0.6682291666666667,0.73359375
d2_5_b,d2_5,b,native,mae,p08,p10,complete,64,1920,0.6216145833333333,1192,725,0,3,0,0.5968684895833334,0.6473958333333333
d2_5_b,d2_5,b,native,mae,p08,p11,complete,64,1920,0.9338541666666667,1783,117,0,20,0,0.8528645833333334,0.9903645833333333
d2_5_b,d2_5,b,native,mae,p08,p12,complete,64,1920,0.9044270833333333,1733,180,0,7,0,0.8015364583333333,0.9797005208333333
d2_5_b,d2_5,b,native,mae,p09,p10,complete,64,1920,0.7546875,1444,466,0,10,0,0.7239583333333334,0.7841210937499999
d2_5_b,d2_5,b,native,mae,p09,p11,complete,64,1920,0.87890625,1686,231,0,3,0,0.7741861979166667,0.9651171874999999
d2_5_b,d2_5,b,native,mae,p09,p12,complete,64,1920,0.8609375,1651,265,0,4,0,0.753125,0.9518229166666666
d2_5_b,d2_5,b,native,mae,p10,p11,complete,64,1920,0.93515625,1794,123,0,3,0,0.8791536458333333,0.9830729166666666
d2_5_b,d2_5,b,native,mae,p10,p12,complete,64,1920,0.92421875,1774,145,0,1,0,0.8666666666666667,0.9736979166666667
d2_5_b,d2_5,b,native,mae,p11,p12,complete,64,1920,0.5,0,0,1871,0,49,0.5,0.5
d2_5_b,d2_5,b,native,sam,p08,p09,complete,64,1920,0.71328125,1364,545,0,11,0,0.6809895833333334,0.7427083333333333
d2_5_b,d2_5,b,native,sam,p08,p10,complete,64,1920,0.65546875,1257,660,0,3,0,0.6260416666666667,0.6859440104166666
d2_5_b,d2_5,b,native,sam,p08,p11,complete,64,1920,0.9338541666666667,1783,117,0,20,0,0.8528645833333334,0.9903645833333333
d2_5_b,d2_5,b,native,sam,p08,p12,complete,64,1920,0.9044270833333333,1733,180,0,7,0,0.8015364583333333,0.9797005208333333
d2_5_b,d2_5,b,native,sam,p09,p10,complete,64,1920,0.6994791666666667,1338,572,0,10,0,0.6661393229166667,0.73125
d2_5_b,d2_5,b,native,sam,p09,p11,complete,64,1920,0.87890625,1686,231,0,3,0,0.7741861979166667,0.9651171874999999
d2_5_b,d2_5,b,native,sam,p09,p12,complete,64,1920,0.8609375,1651,265,0,4,0,0.753125,0.9518229166666666
d2_5_b,d2_5,b,native,sam,p10,p11,complete,64,1920,0.93515625,1794,123,0,3,0,0.8791536458333333,0.9830729166666666
d2_5_b,d2_5,b,native,sam,p10,p12,complete,64,1920,0.92421875,1774,145,0,1,0,0.8666666666666667,0.9736979166666667
d2_5_b,d2_5,b,native,sam,p11,p12,complete,64,1920,0.5,0,0,1871,0,49,0.5,0.5
d2_5_b,d2_5,b,native,pearson_r,p08,p09,complete,64,1920,0.7044270833333334,1347,562,0,11,0,0.6776041666666667,0.7291666666666666
d2_5_b,d2_5,b,native,pearson_r,p08,p10,complete,64,1920,0.65546875,1257,660,0,3,0,0.6283854166666667,0.6836002604166667
d2_5_b,d2_5,b,native,pearson_r,p08,p11,complete,64,1920,0.9338541666666667,1783,117,0,20,0,0.8528645833333334,0.9903645833333333
d2_5_b,d2_5,b,native,pearson_r,p08,p12,complete,64,1920,0.9044270833333333,1733,180,0,7,0,0.8015364583333333,0.9797005208333333
d2_5_b,d2_5,b,native,pearson_r,p09,p10,complete,64,1920,0.7046875,1348,562,0,10,0,0.6721354166666667,0.7361979166666667
d2_5_b,d2_5,b,native,pearson_r,p09,p11,complete,64,1920,0.87890625,1686,231,0,3,0,0.7741861979166667,0.9651171874999999
d2_5_b,d2_5,b,native,pearson_r,p09,p12,complete,64,1920,0.8609375,1651,265,0,4,0,0.753125,0.9518229166666666
d2_5_b,d2_5,b,native,pearson_r,p10,p11,complete,64,1920,0.93515625,1794,123,0,3,0,0.8791536458333333,0.9830729166666666
d2_5_b,d2_5,b,native,pearson_r,p10,p12,complete,64,1920,0.92421875,1774,145,0,1,0,0.8666666666666667,0.9736979166666667
d2_5_b,d2_5,b,native,pearson_r,p11,p12,complete,64,1920,0.5,0,0,1871,0,49,0.5,0.5
d2_5_b,d2_5,b,native,nmse,p08,p09,complete,64,1920,0.71328125,1364,545,0,11,0,0.6770833333333334,0.7440169270833333
d2_5_b,d2_5,b,native,nmse,p08,p10,complete,64,1920,0.6557291666666667,1182,584,151,3,0,0.63306640625,0.67890625
d2_5_b,d2_5,b,native,nmse,p08,p11,complete,64,1920,0.9338541666666667,1783,117,0,20,0,0.8528645833333334,0.9903645833333333
d2_5_b,d2_5,b,native,nmse,p08,p12,complete,64,1920,0.9044270833333333,1733,180,0,7,0,0.8015364583333333,0.9797005208333333
d2_5_b,d2_5,b,native,nmse,p09,p10,complete,64,1920,0.6989583333333333,1337,573,0,10,0,0.6653645833333334,0.7309895833333333
d2_5_b,d2_5,b,native,nmse,p09,p11,complete,64,1920,0.87890625,1686,231,0,3,0,0.7741861979166667,0.9651171874999999
d2_5_b,d2_5,b,native,nmse,p09,p12,complete,64,1920,0.8609375,1651,265,0,4,0,0.753125,0.9518229166666666
d2_5_b,d2_5,b,native,nmse,p10,p11,complete,64,1920,0.93515625,1794,123,0,3,0,0.8791536458333333,0.9830729166666666
d2_5_b,d2_5,b,native,nmse,p10,p12,complete,64,1920,0.92421875,1774,145,0,1,0,0.8666666666666667,0.9736979166666667
d2_5_b,d2_5,b,native,nmse,p11,p12,complete,64,1920,0.5,0,0,1871,0,49,0.5,0.5
d2_5_b,d2_5,b,native,wasserstein_1_cm1,p08,p09,complete,64,1920,0.42578125,812,1097,0,11,0,0.35208333333333336,0.5047005208333332
d2_5_b,d2_5,b,native,wasserstein_1_cm1,p08,p10,complete,64,1920,0.48723958333333334,934,983,0,3,0,0.46119791666666665,0.51484375
d2_5_b,d2_5,b,native,wasserstein_1_cm1,p08,p11,complete,64,1920,0.9338541666666667,1783,117,0,20,0,0.8528645833333334,0.9903645833333333
d2_5_b,d2_5,b,native,wasserstein_1_cm1,p08,p12,complete,64,1920,0.9044270833333333,1733,180,0,7,0,0.8015364583333333,0.9797005208333333
d2_5_b,d2_5,b,native,wasserstein_1_cm1,p09,p10,complete,64,1920,0.8067708333333333,1544,366,0,10,0,0.7666601562500001,0.8395833333333333
d2_5_b,d2_5,b,native,wasserstein_1_cm1,p09,p11,complete,64,1920,0.7643229166666666,1466,451,0,3,0,0.6893229166666667,0.821875
d2_5_b,d2_5,b,native,wasserstein_1_cm1,p09,p12,complete,64,1920,0.8119791666666667,1557,359,0,4,0,0.7169270833333333,0.8901041666666667
d2_5_b,d2_5,b,native,wasserstein_1_cm1,p10,p11,complete,64,1920,0.93515625,1794,123,0,3,0,0.8791536458333333,0.9830729166666666
d2_5_b,d2_5,b,native,wasserstein_1_cm1,p10,p12,complete,64,1920,0.92421875,1774,145,0,1,0,0.8666666666666667,0.9736979166666667
d2_5_b,d2_5,b,native,wasserstein_1_cm1,p11,p12,complete,64,1920,0.37265625,691,1180,0,49,0,0.3411458333333333,0.4078125
d2_5_b,d2_5,b,native,is_like_structure_to_noise,p08,p09,complete,64,1920,0.59140625,1130,779,0,11,0,0.5117057291666667,0.6656315104166667
d2_5_b,d2_5,b,native,is_like_structure_to_noise,p08,p10,complete,64,1920,0.3497395833333333,670,1247,0,3,0,0.32890625,0.3723958333333333
d2_5_b,d2_5,b,native,is_like_structure_to_noise,p08,p11,complete,64,1920,0.06614583333333333,117,1783,0,20,0,0.009635416666666667,0.14713541666666666
d2_5_b,d2_5,b,native,is_like_structure_to_noise,p08,p12,complete,64,1920,0.09557291666666666,180,1733,0,7,0,0.02029947916666667,0.19846354166666652
d2_5_b,d2_5,b,native,is_like_structure_to_noise,p09,p10,complete,64,1920,0.24947916666666667,474,1436,0,10,0,0.21588541666666666,0.28854817708333325
d2_5_b,d2_5,b,native,is_like_structure_to_noise,p09,p11,complete,64,1920,0.87890625,1686,231,0,3,0,0.7741861979166667,0.9651171874999999
d2_5_b,d2_5,b,native,is_like_structure_to_noise,p09,p12,complete,64,1920,0.8609375,1651,265,0,4,0,0.753125,0.9518229166666666
d2_5_b,d2_5,b,native,is_like_structure_to_noise,p10,p11,complete,64,1920,0.06484375,123,1794,0,3,0,0.016927083333333332,0.1208463541666666
d2_5_b,d2_5,b,native,is_like_structure_to_noise,p10,p12,complete,64,1920,0.07578125,145,1774,0,1,0,0.026302083333333334,0.13333333333333333
d2_5_b,d2_5,b,native,is_like_structure_to_noise,p11,p12,complete,64,1920,0.5,0,0,1871,0,49,0.5,0.5
d2_5_b,d2_5,b,native,precision,p08,p09,complete,64,1920,0.59140625,1130,779,0,11,0,0.5117057291666667,0.6656315104166667
d2_5_b,d2_5,b,native,precision,p08,p10,complete,64,1920,0.8283854166666667,1589,328,0,3,0,0.7828125,0.8695442708333332
d2_5_b,d2_5,b,native,precision,p08,p11,complete,64,1920,0.6911458333333333,1317,583,0,20,0,0.6533854166666667,0.7192708333333333
d2_5_b,d2_5,b,native,precision,p08,p12,complete,64,1920,0.6903645833333333,1322,591,0,7,0,0.63203125,0.73490234375
d2_5_b,d2_5,b,native,precision,p09,p10,complete,64,1920,0.2786458333333333,530,1380,0,10,0,0.24401041666666667,0.31693359374999996
d2_5_b,d2_5,b,native,precision,p09,p11,complete,64,1920,0.6903645833333333,1324,593,0,3,0,0.6390625,0.7328190104166666
d2_5_b,d2_5,b,native,precision,p09,p12,complete,64,1920,0.8609375,1651,265,0,4,0,0.753125,0.9518229166666666
d2_5_b,d2_5,b,native,precision,p10,p11,complete,64,1920,0.71953125,1380,537,0,3,0,0.6932291666666667,0.7432291666666667
d2_5_b,d2_5,b,native,precision,p10,p12,complete,64,1920,0.8716145833333333,1673,246,0,1,0,0.8320247395833333,0.9046875
d2_5_b,d2_5,b,native,precision,p11,p12,complete,64,1920,0.45364583333333336,611,789,471,40,9,0.43671875,0.4705729166666667
d2_5_b,d2_5,b,native,recall,p08,p09,complete,64,1920,0.59140625,1130,779,0,11,0,0.5117057291666667,0.6656315104166667
d2_5_b,d2_5,b,native,recall,p08,p10,complete,64,1920,0.8846354166666667,1697,220,0,3,0,0.846875,0.9166666666666666
d2_5_b,d2_5,b,native,recall,p08,p11,complete,64,1920,0.703125,1340,560,0,20,0,0.6648372395833333,0.7296875
d2_5_b,d2_5,b,native,recall,p08,p12,complete,64,1920,0.6903645833333333,1322,591,0,7,0,0.63203125,0.73490234375
d2_5_b,d2_5,b,native,recall,p09,p10,complete,64,1920,0.25,475,1435,0,10,0,0.21639973958333333,0.2885546874999999
d2_5_b,d2_5,b,native,recall,p09,p11,complete,64,1920,0.70390625,1350,567,0,3,0,0.6510416666666666,0.7484440104166666
d2_5_b,d2_5,b,native,recall,p09,p12,complete,64,1920,0.8609375,1651,265,0,4,0,0.753125,0.9518229166666666
d2_5_b,d2_5,b,native,recall,p10,p11,complete,64,1920,0.71953125,1380,537,0,3,0,0.6932291666666667,0.7432291666666667
d2_5_b,d2_5,b,native,recall,p10,p12,complete,64,1920,0.8658854166666666,1662,257,0,1,0,0.8265625,0.8997395833333334
d2_5_b,d2_5,b,native,recall,p11,p12,complete,64,1920,0.45364583333333336,611,789,471,40,9,0.43671875,0.4705729166666667
d2_5_b,d2_5,b,native,f1,p08,p09,complete,64,1920,0.59140625,1130,779,0,11,0,0.5117057291666667,0.6656315104166667
d2_5_b,d2_5,b,native,f1,p08,p10,complete,64,1920,0.8653645833333333,1660,257,0,3,0,0.8226432291666667,0.90208984375
d2_5_b,d2_5,b,native,f1,p08,p11,complete,64,1920,0.7052083333333333,1344,556,0,20,0,0.66640625,0.7312630208333332
d2_5_b,d2_5,b,native,f1,p08,p12,complete,64,1920,0.6903645833333333,1322,591,0,7,0,0.63203125,0.73490234375
d2_5_b,d2_5,b,native,f1,p09,p10,complete,64,1920,0.2630208333333333,500,1410,0,10,0,0.22942708333333334,0.30130859374999996
d2_5_b,d2_5,b,native,f1,p09,p11,complete,64,1920,0.69765625,1338,579,0,3,0,0.64634765625,0.7406380208333332
d2_5_b,d2_5,b,native,f1,p09,p12,complete,64,1920,0.8609375,1651,265,0,4,0,0.753125,0.9518229166666666
d2_5_b,d2_5,b,native,f1,p10,p11,complete,64,1920,0.71953125,1380,537,0,3,0,0.6932291666666667,0.7432291666666667
d2_5_b,d2_5,b,native,f1,p10,p12,complete,64,1920,0.8721354166666667,1674,245,0,1,0,0.8328125,0.9057356770833334
d2_5_b,d2_5,b,native,f1,p11,p12,complete,64,1920,0.45364583333333336,611,789,471,40,9,0.43671875,0.4705729166666667
d2_5_b,d2_5,b,native,artifact_peak_ratio,p08,p09,complete,64,1920,0.59140625,1130,779,0,11,0,0.5117057291666667,0.6656315104166667
d2_5_b,d2_5,b,native,artifact_peak_ratio,p08,p10,complete,64,1920,0.8283854166666667,1589,328,0,3,0,0.7828125,0.8695442708333332
d2_5_b,d2_5,b,native,artifact_peak_ratio,p08,p11,complete,64,1920,0.6911458333333333,1317,583,0,20,0,0.6533854166666667,0.7192708333333333
d2_5_b,d2_5,b,native,artifact_peak_ratio,p08,p12,complete,64,1920,0.6903645833333333,1322,591,0,7,0,0.63203125,0.73490234375
d2_5_b,d2_5,b,native,artifact_peak_ratio,p09,p10,complete,64,1920,0.2786458333333333,530,1380,0,10,0,0.24401041666666667,0.31693359374999996
d2_5_b,d2_5,b,native,artifact_peak_ratio,p09,p11,complete,64,1920,0.6903645833333333,1324,593,0,3,0,0.6390625,0.7328190104166666
d2_5_b,d2_5,b,native,artifact_peak_ratio,p09,p12,complete,64,1920,0.8609375,1651,265,0,4,0,0.753125,0.9518229166666666
d2_5_b,d2_5,b,native,artifact_peak_ratio,p10,p11,complete,64,1920,0.71953125,1380,537,0,3,0,0.6932291666666667,0.7432291666666667
d2_5_b,d2_5,b,native,artifact_peak_ratio,p10,p12,complete,64,1920,0.8716145833333333,1673,246,0,1,0,0.8320247395833333,0.9046875
d2_5_b,d2_5,b,native,artifact_peak_ratio,p11,p12,complete,64,1920,0.45364583333333336,611,789,471,40,9,0.43671875,0.4705729166666667
d2_5_b,d2_5,b,native,missing_peak_ratio,p08,p09,complete,64,1920,0.59140625,1130,779,0,11,0,0.5117057291666667,0.6656315104166667
d2_5_b,d2_5,b,native,missing_peak_ratio,p08,p10,complete,64,1920,0.8846354166666667,1697,220,0,3,0,0.846875,0.9166666666666666
d2_5_b,d2_5,b,native,missing_peak_ratio,p08,p11,complete,64,1920,0.703125,1340,560,0,20,0,0.6648372395833333,0.7296875
d2_5_b,d2_5,b,native,missing_peak_ratio,p08,p12,complete,64,1920,0.6903645833333333,1322,591,0,7,0,0.63203125,0.73490234375
d2_5_b,d2_5,b,native,missing_peak_ratio,p09,p10,complete,64,1920,0.25,475,1435,0,10,0,0.21639973958333333,0.2885546874999999
d2_5_b,d2_5,b,native,missing_peak_ratio,p09,p11,complete,64,1920,0.70390625,1350,567,0,3,0,0.6510416666666666,0.7484440104166666
d2_5_b,d2_5,b,native,missing_peak_ratio,p09,p12,complete,64,1920,0.8609375,1651,265,0,4,0,0.753125,0.9518229166666666
d2_5_b,d2_5,b,native,missing_peak_ratio,p10,p11,complete,64,1920,0.71953125,1380,537,0,3,0,0.6932291666666667,0.7432291666666667
d2_5_b,d2_5,b,native,missing_peak_ratio,p10,p12,complete,64,1920,0.8658854166666666,1662,257,0,1,0,0.8265625,0.8997395833333334
d2_5_b,d2_5,b,native,missing_peak_ratio,p11,p12,complete,64,1920,0.45364583333333336,611,789,471,40,9,0.43671875,0.4705729166666667
d2_5_b,d2_5,b,common_grid,mse,p08,p09,complete,64,1920,0.7268229166666667,1390,519,0,11,0,0.690625,0.75755859375
d2_5_b,d2_5,b,common_grid,mse,p08,p10,complete,64,1920,0.70859375,1359,558,0,3,0,0.69166015625,0.7255208333333333
d2_5_b,d2_5,b,common_grid,mse,p08,p11,complete,64,1920,0.6989583333333333,1332,568,0,20,0,0.6637890625,0.7268294270833333
d2_5_b,d2_5,b,common_grid,mse,p08,p12,complete,64,1920,0.77578125,1486,427,0,7,0,0.7036197916666667,0.8309895833333333
d2_5_b,d2_5,b,common_grid,mse,p09,p10,complete,64,1920,0.6682291666666667,1278,632,0,10,0,0.6377604166666667,0.69896484375
d2_5_b,d2_5,b,common_grid,mse,p09,p11,complete,64,1920,0.6794270833333333,1303,614,0,3,0,0.6270833333333333,0.7229231770833333
d2_5_b,d2_5,b,common_grid,mse,p09,p12,complete,64,1920,0.7635416666666667,1464,452,0,4,0,0.6872330729166667,0.82421875
d2_5_b,d2_5,b,common_grid,mse,p10,p11,complete,64,1920,0.73515625,1410,507,0,3,0,0.7096354166666666,0.7625065104166666
d2_5_b,d2_5,b,common_grid,mse,p10,p12,complete,64,1920,0.8190104166666666,1572,347,0,1,0,0.7880208333333333,0.8411458333333334
d2_5_b,d2_5,b,common_grid,mse,p11,p12,complete,64,1920,0.33046875,610,1261,0,49,0,0.28802083333333334,0.3797005208333333
d2_5_b,d2_5,b,common_grid,rmse,p08,p09,complete,64,1920,0.7268229166666667,1390,519,0,11,0,0.690625,0.75755859375
d2_5_b,d2_5,b,common_grid,rmse,p08,p10,complete,64,1920,0.70859375,1359,558,0,3,0,0.69166015625,0.7255208333333333
d2_5_b,d2_5,b,common_grid,rmse,p08,p11,complete,64,1920,0.6994791666666667,1333,567,0,20,0,0.6643098958333333,0.7273502604166666
d2_5_b,d2_5,b,common_grid,rmse,p08,p12,complete,64,1920,0.7768229166666667,1488,425,0,7,0,0.7041536458333334,0.8320377604166667
d2_5_b,d2_5,b,common_grid,rmse,p09,p10,complete,64,1920,0.6755208333333333,1292,618,0,10,0,0.6445247395833333,0.7075520833333333
d2_5_b,d2_5,b,common_grid,rmse,p09,p11,complete,64,1920,0.6794270833333333,1303,614,0,3,0,0.6270833333333333,0.7229231770833333
d2_5_b,d2_5,b,common_grid,rmse,p09,p12,complete,64,1920,0.7635416666666667,1464,452,0,4,0,0.6872330729166667,0.82421875
d2_5_b,d2_5,b,common_grid,rmse,p10,p11,complete,64,1920,0.7356770833333334,1411,506,0,3,0,0.7101497395833334,0.7630338541666666
d2_5_b,d2_5,b,common_grid,rmse,p10,p12,complete,64,1920,0.8190104166666666,1572,347,0,1,0,0.7880208333333333,0.8411458333333334
d2_5_b,d2_5,b,common_grid,rmse,p11,p12,complete,64,1920,0.33046875,610,1261,0,49,0,0.28802083333333334,0.3797005208333333
d2_5_b,d2_5,b,common_grid,mae,p08,p09,complete,64,1920,0.7018229166666666,1342,567,0,11,0,0.6682291666666667,0.73359375
d2_5_b,d2_5,b,common_grid,mae,p08,p10,complete,64,1920,0.6216145833333333,1192,725,0,3,0,0.5968684895833334,0.6473958333333333
d2_5_b,d2_5,b,common_grid,mae,p08,p11,complete,64,1920,0.709375,1352,548,0,20,0,0.6721354166666667,0.7372460937499999
d2_5_b,d2_5,b,common_grid,mae,p08,p12,complete,64,1920,0.79453125,1522,391,0,7,0,0.7158789062500001,0.8546875
d2_5_b,d2_5,b,common_grid,mae,p09,p10,complete,64,1920,0.7479166666666667,1431,479,0,10,0,0.71640625,0.7763020833333333
d2_5_b,d2_5,b,common_grid,mae,p09,p11,complete,64,1920,0.68046875,1305,612,0,3,0,0.6273372395833333,0.7239583333333334
d2_5_b,d2_5,b,common_grid,mae,p09,p12,complete,64,1920,0.7765625,1489,427,0,4,0,0.6945182291666667,0.8427083333333333
d2_5_b,d2_5,b,common_grid,mae,p10,p11,complete,64,1920,0.7377604166666667,1415,502,0,3,0,0.7127604166666667,0.7651171874999999
d2_5_b,d2_5,b,common_grid,mae,p10,p12,complete,64,1920,0.83359375,1600,319,0,1,0,0.7984375,0.8604231770833334
d2_5_b,d2_5,b,common_grid,mae,p11,p12,complete,64,1920,0.31171875,574,1297,0,49,0,0.2632682291666667,0.3684960937499999
d2_5_b,d2_5,b,common_grid,sam,p08,p09,complete,64,1920,0.7247395833333333,1386,523,0,11,0,0.6890625,0.75546875
d2_5_b,d2_5,b,common_grid,sam,p08,p10,complete,64,1920,0.7049479166666667,1352,565,0,3,0,0.6864518229166666,0.72318359375
d2_5_b,d2_5,b,common_grid,sam,p08,p11,complete,64,1920,0.6869791666666667,1309,591,0,20,0,0.6536458333333334,0.71484375
d2_5_b,d2_5,b,common_grid,sam,p08,p12,complete,64,1920,0.7721354166666666,1479,434,0,7,0,0.7005143229166667,0.82734375
d2_5_b,d2_5,b,common_grid,sam,p09,p10,complete,64,1920,0.68125,1303,607,0,10,0,0.6486979166666667,0.71328125
d2_5_b,d2_5,b,common_grid,sam,p09,p11,complete,64,1920,0.6716145833333333,1288,629,0,3,0,0.6208268229166667,0.7138085937499999
d2_5_b,d2_5,b,common_grid,sam,p09,p12,complete,64,1920,0.7609375,1459,457,0,4,0,0.6853841145833334,0.821875
d2_5_b,d2_5,b,common_grid,sam,p10,p11,complete,64,1920,0.7247395833333333,1390,527,0,3,0,0.6989583333333333,0.7533919270833334
d2_5_b,d2_5,b,common_grid,sam,p10,p12,complete,64,1920,0.8158854166666667,1566,353,0,1,0,0.78541015625,0.8380208333333333
d2_5_b,d2_5,b,common_grid,sam,p11,p12,complete,64,1920,0.33098958333333334,611,1260,0,49,0,0.28802083333333334,0.38074218749999994
d2_5_b,d2_5,b,common_grid,pearson_r,p08,p09,complete,64,1920,0.6997395833333333,1338,571,0,11,0,0.6700520833333333,0.7260416666666667
d2_5_b,d2_5,b,common_grid,pearson_r,p08,p10,complete,64,1920,0.6591145833333333,1264,653,0,3,0,0.6325455729166667,0.6875
d2_5_b,d2_5,b,common_grid,pearson_r,p08,p11,complete,64,1920,0.5880208333333333,1119,781,0,20,0,0.5554622395833333,0.62265625
d2_5_b,d2_5,b,common_grid,pearson_r,p08,p12,complete,64,1920,0.7606770833333333,1457,456,0,7,0,0.6908854166666667,0.81484375
d2_5_b,d2_5,b,common_grid,pearson_r,p09,p10,complete,64,1920,0.6979166666666666,1335,575,0,10,0,0.6640559895833333,0.7312630208333332
d2_5_b,d2_5,b,common_grid,pearson_r,p09,p11,complete,64,1920,0.5778645833333333,1108,809,0,3,0,0.5361914062500001,0.6172005208333332
d2_5_b,d2_5,b,common_grid,pearson_r,p09,p12,complete,64,1920,0.75,1438,478,0,4,0,0.6765364583333333,0.80912109375
d2_5_b,d2_5,b,common_grid,pearson_r,p10,p11,complete,64,1920,0.61796875,1185,732,0,3,0,0.578125,0.6632942708333333
d2_5_b,d2_5,b,common_grid,pearson_r,p10,p12,complete,64,1920,0.80390625,1543,376,0,1,0,0.7760416666666666,0.8255208333333334
d2_5_b,d2_5,b,common_grid,pearson_r,p11,p12,complete,64,1920,0.3299479166666667,609,1262,0,49,0,0.28723307291666667,0.3796940104166666
d2_5_b,d2_5,b,common_grid,nmse,p08,p09,complete,64,1920,0.7268229166666667,1390,519,0,11,0,0.690625,0.75755859375
d2_5_b,d2_5,b,common_grid,nmse,p08,p10,complete,64,1920,0.70859375,1359,558,0,3,0,0.69166015625,0.7255208333333333
d2_5_b,d2_5,b,common_grid,nmse,p08,p11,complete,64,1920,0.6963541666666667,1327,573,0,20,0,0.6598893229166667,0.72474609375
d2_5_b,d2_5,b,common_grid,nmse,p08,p12,complete,64,1920,0.7752604166666667,1485,428,0,7,0,0.70259765625,0.83046875
d2_5_b,d2_5,b,common_grid,nmse,p09,p10,complete,64,1920,0.6713541666666667,1284,626,0,10,0,0.6411458333333333,0.7018294270833333
d2_5_b,d2_5,b,common_grid,nmse,p09,p11,complete,64,1920,0.6763020833333333,1297,620,0,3,0,0.6247265625,0.7198046874999999
d2_5_b,d2_5,b,common_grid,nmse,p09,p12,complete,64,1920,0.7630208333333334,1463,453,0,4,0,0.6867122395833334,0.8234440104166667
d2_5_b,d2_5,b,common_grid,nmse,p10,p11,complete,64,1920,0.7315104166666667,1403,514,0,3,0,0.7052018229166667,0.759375
d2_5_b,d2_5,b,common_grid,nmse,p10,p12,complete,64,1920,0.8184895833333333,1571,348,0,1,0,0.78775390625,0.84037109375
d2_5_b,d2_5,b,common_grid,nmse,p11,p12,complete,64,1920,0.33151041666666664,612,1259,0,49,0,0.28880208333333335,0.3807356770833333
d2_5_b,d2_5,b,common_grid,wasserstein_1_cm1,p08,p09,complete,64,1920,0.42578125,812,1097,0,11,0,0.35208333333333336,0.5047005208333332
d2_5_b,d2_5,b,common_grid,wasserstein_1_cm1,p08,p10,complete,64,1920,0.48723958333333334,934,983,0,3,0,0.46119791666666665,0.51484375
d2_5_b,d2_5,b,common_grid,wasserstein_1_cm1,p08,p11,complete,64,1920,0.9338541666666667,1783,117,0,20,0,0.8528645833333334,0.9903645833333333
d2_5_b,d2_5,b,common_grid,wasserstein_1_cm1,p08,p12,complete,64,1920,0.9044270833333333,1733,180,0,7,0,0.8015364583333333,0.9797005208333333
d2_5_b,d2_5,b,common_grid,wasserstein_1_cm1,p09,p10,complete,64,1920,0.8072916666666666,1545,365,0,10,0,0.7669270833333334,0.8398502604166667
d2_5_b,d2_5,b,common_grid,wasserstein_1_cm1,p09,p11,complete,64,1920,0.86015625,1650,267,0,3,0,0.7591015625,0.9411588541666666
d2_5_b,d2_5,b,common_grid,wasserstein_1_cm1,p09,p12,complete,64,1920,0.8609375,1651,265,0,4,0,0.753125,0.9518229166666666
d2_5_b,d2_5,b,common_grid,wasserstein_1_cm1,p10,p11,complete,64,1920,0.93515625,1794,123,0,3,0,0.8791536458333333,0.9830729166666666
d2_5_b,d2_5,b,common_grid,wasserstein_1_cm1,p10,p12,complete,64,1920,0.92421875,1774,145,0,1,0,0.8666666666666667,0.9736979166666667
d2_5_b,d2_5,b,common_grid,wasserstein_1_cm1,p11,p12,complete,64,1920,0.35546875,658,1213,0,49,0,0.31796875,0.3981901041666666
d2_5_b,d2_5,b,common_grid,is_like_structure_to_noise,p08,p09,complete,64,1920,0.59140625,1130,779,0,11,0,0.5117057291666667,0.6656315104166667
d2_5_b,d2_5,b,common_grid,is_like_structure_to_noise,p08,p10,complete,64,1920,0.3346354166666667,641,1276,0,3,0,0.3140625,0.3575520833333333
d2_5_b,d2_5,b,common_grid,is_like_structure_to_noise,p08,p11,complete,64,1920,0.471875,896,1004,0,20,0,0.44479166666666664,0.4987044270833333
d2_5_b,d2_5,b,common_grid,is_like_structure_to_noise,p08,p12,complete,64,1920,0.41015625,784,1129,0,7,0,0.37264973958333336,0.4515690104166666
d2_5_b,d2_5,b,common_grid,is_like_structure_to_noise,p09,p10,complete,64,1920,0.24947916666666667,474,1436,0,10,0,0.21588541666666666,0.28854817708333325
d2_5_b,d2_5,b,common_grid,is_like_structure_to_noise,p09,p11,complete,64,1920,0.87890625,1686,231,0,3,0,0.7741861979166667,0.9651171874999999
d2_5_b,d2_5,b,common_grid,is_like_structure_to_noise,p09,p12,complete,64,1920,0.8609375,1651,265,0,4,0,0.753125,0.9518229166666666
d2_5_b,d2_5,b,common_grid,is_like_structure_to_noise,p10,p11,complete,64,1920,0.42161458333333335,808,1109,0,3,0,0.378125,0.4609375
d2_5_b,d2_5,b,common_grid,is_like_structure_to_noise,p10,p12,complete,64,1920,0.33359375,640,1279,0,1,0,0.2916666666666667,0.37135416666666665
d2_5_b,d2_5,b,common_grid,is_like_structure_to_noise,p11,p12,complete,64,1920,0.6799479166666667,1281,590,0,49,0,0.62734375,0.7302083333333333
d2_5_b,d2_5,b,common_grid,precision,p08,p09,complete,64,1920,0.59140625,1130,779,0,11,0,0.5117057291666667,0.6656315104166667
d2_5_b,d2_5,b,common_grid,precision,p08,p10,complete,64,1920,0.8330729166666667,1598,319,0,3,0,0.7882747395833334,0.875
d2_5_b,d2_5,b,common_grid,precision,p08,p11,complete,64,1920,0.06614583333333333,117,1783,0,20,0,0.009635416666666667,0.14713541666666666
d2_5_b,d2_5,b,common_grid,precision,p08,p12,complete,64,1920,0.09557291666666666,180,1733,0,7,0,0.02029947916666667,0.19846354166666652
d2_5_b,d2_5,b,common_grid,precision,p09,p10,complete,64,1920,0.2786458333333333,530,1380,0,10,0,0.24400390625,0.3172070312499999
d2_5_b,d2_5,b,common_grid,precision,p09,p11,complete,64,1920,0.60546875,1161,756,0,3,0,0.57212890625,0.63412109375
d2_5_b,d2_5,b,common_grid,precision,p09,p12,complete,64,1920,0.8182291666666667,1569,347,0,4,0,0.7202994791666667,0.8997395833333334
d2_5_b,d2_5,b,common_grid,precision,p10,p11,complete,64,1920,0.16380208333333332,313,1604,0,3,0,0.11587890625000001,0.22110026041666664
d2_5_b,d2_5,b,common_grid,precision,p10,p12,complete,64,1920,0.31692708333333336,608,1311,0,1,0,0.26639973958333335,0.3729166666666667
d2_5_b,d2_5,b,common_grid,precision,p11,p12,complete,64,1920,0.27317708333333335,500,1371,0,49,0,0.21978515625,0.3370052083333332
d2_5_b,d2_5,b,common_grid,recall,p08,p09,complete,64,1920,0.59140625,1130,779,0,11,0,0.5117057291666667,0.6656315104166667
d2_5_b,d2_5,b,common_grid,recall,p08,p10,complete,64,1920,0.88515625,1698,219,0,3,0,0.8481705729166666,0.9171875
d2_5_b,d2_5,b,common_grid,recall,p08,p11,complete,64,1920,0.06614583333333333,117,1783,0,20,0,0.009635416666666667,0.14713541666666666
d2_5_b,d2_5,b,common_grid,recall,p08,p12,complete,64,1920,0.11119791666666666,210,1703,0,7,0,0.03853515625,0.21041666666666667
d2_5_b,d2_5,b,common_grid,recall,p09,p10,complete,64,1920,0.25052083333333336,476,1434,0,10,0,0.21666666666666667,0.28907552083333327
d2_5_b,d2_5,b,common_grid,recall,p09,p11,complete,64,1920,0.6872395833333333,1318,599,0,3,0,0.6385286458333334,0.7273502604166666
d2_5_b,d2_5,b,common_grid,recall,p09,p12,complete,64,1920,0.8354166666666667,1602,314,0,4,0,0.7328059895833333,0.9221419270833333
d2_5_b,d2_5,b,common_grid,recall,p10,p11,complete,64,1920,0.16484375,315,1602,0,3,0,0.11483723958333333,0.22213541666666667
d2_5_b,d2_5,b,common_grid,recall,p10,p12,complete,64,1920,0.30078125,577,1342,0,1,0,0.2526041666666667,0.35443359374999994
d2_5_b,d2_5,b,common_grid,recall,p11,p12,complete,64,1920,0.27369791666666665,501,1370,0,49,0,0.2223828125,0.3359440104166666
d2_5_b,d2_5,b,common_grid,f1,p08,p09,complete,64,1920,0.59140625,1130,779,0,11,0,0.5117057291666667,0.6656315104166667
d2_5_b,d2_5,b,common_grid,f1,p08,p10,complete,64,1920,0.86484375,1659,258,0,3,0,0.8236979166666667,0.9013085937499999
d2_5_b,d2_5,b,common_grid,f1,p08,p11,complete,64,1920,0.06614583333333333,117,1783,0,20,0,0.009635416666666667,0.14713541666666666
d2_5_b,d2_5,b,common_grid,f1,p08,p12,complete,64,1920,0.09557291666666666,180,1733,0,7,0,0.02029947916666667,0.19846354166666652
d2_5_b,d2_5,b,common_grid,f1,p09,p10,complete,64,1920,0.2630208333333333,500,1410,0,10,0,0.22942057291666668,0.30184244791666653
d2_5_b,d2_5,b,common_grid,f1,p09,p11,complete,64,1920,0.65546875,1257,660,0,3,0,0.61119140625,0.6942708333333333
d2_5_b,d2_5,b,common_grid,f1,p09,p12,complete,64,1920,0.8192708333333333,1571,345,0,4,0,0.71744140625,0.9041796874999999
d2_5_b,d2_5,b,common_grid,f1,p10,p11,complete,64,1920,0.16223958333333333,310,1607,0,3,0,0.11431640625,0.21901041666666668
d2_5_b,d2_5,b,common_grid,f1,p10,p12,complete,64,1920,0.31015625,595,1324,0,1,0,0.26040364583333336,0.3664127604166666
d2_5_b,d2_5,b,common_grid,f1,p11,p12,complete,64,1920,0.27369791666666665,501,1370,0,49,0,0.22134114583333334,0.3372395833333333
d2_5_b,d2_5,b,common_grid,artifact_peak_ratio,p08,p09,complete,64,1920,0.59140625,1130,779,0,11,0,0.5117057291666667,0.6656315104166667
d2_5_b,d2_5,b,common_grid,artifact_peak_ratio,p08,p10,complete,64,1920,0.8330729166666667,1598,319,0,3,0,0.7882747395833334,0.875
d2_5_b,d2_5,b,common_grid,artifact_peak_ratio,p08,p11,complete,64,1920,0.06614583333333333,117,1783,0,20,0,0.009635416666666667,0.14713541666666666
d2_5_b,d2_5,b,common_grid,artifact_peak_ratio,p08,p12,complete,64,1920,0.09557291666666666,180,1733,0,7,0,0.02029947916666667,0.19846354166666652
d2_5_b,d2_5,b,common_grid,artifact_peak_ratio,p09,p10,complete,64,1920,0.2786458333333333,530,1380,0,10,0,0.24400390625,0.3172070312499999
d2_5_b,d2_5,b,common_grid,artifact_peak_ratio,p09,p11,complete,64,1920,0.60546875,1161,756,0,3,0,0.57212890625,0.63412109375
d2_5_b,d2_5,b,common_grid,artifact_peak_ratio,p09,p12,complete,64,1920,0.8182291666666667,1569,347,0,4,0,0.7202994791666667,0.8997395833333334
d2_5_b,d2_5,b,common_grid,artifact_peak_ratio,p10,p11,complete,64,1920,0.16380208333333332,313,1604,0,3,0,0.11587890625000001,0.22110026041666664
d2_5_b,d2_5,b,common_grid,artifact_peak_ratio,p10,p12,complete,64,1920,0.31692708333333336,608,1311,0,1,0,0.26639973958333335,0.3729166666666667
d2_5_b,d2_5,b,common_grid,artifact_peak_ratio,p11,p12,complete,64,1920,0.27317708333333335,500,1371,0,49,0,0.21978515625,0.3370052083333332
d2_5_b,d2_5,b,common_grid,missing_peak_ratio,p08,p09,complete,64,1920,0.59140625,1130,779,0,11,0,0.5117057291666667,0.6656315104166667
d2_5_b,d2_5,b,common_grid,missing_peak_ratio,p08,p10,complete,64,1920,0.88515625,1698,219,0,3,0,0.8481705729166666,0.9171875
d2_5_b,d2_5,b,common_grid,missing_peak_ratio,p08,p11,complete,64,1920,0.06614583333333333,117,1783,0,20,0,0.009635416666666667,0.14713541666666666
d2_5_b,d2_5,b,common_grid,missing_peak_ratio,p08,p12,complete,64,1920,0.11119791666666666,210,1703,0,7,0,0.03853515625,0.21041666666666667
d2_5_b,d2_5,b,common_grid,missing_peak_ratio,p09,p10,complete,64,1920,0.25052083333333336,476,1434,0,10,0,0.21666666666666667,0.28907552083333327
d2_5_b,d2_5,b,common_grid,missing_peak_ratio,p09,p11,complete,64,1920,0.6872395833333333,1318,599,0,3,0,0.6385286458333334,0.7273502604166666
d2_5_b,d2_5,b,common_grid,missing_peak_ratio,p09,p12,complete,64,1920,0.8354166666666667,1602,314,0,4,0,0.7328059895833333,0.9221419270833333
d2_5_b,d2_5,b,common_grid,missing_peak_ratio,p10,p11,complete,64,1920,0.16484375,315,1602,0,3,0,0.11483723958333333,0.22213541666666667
d2_5_b,d2_5,b,common_grid,missing_peak_ratio,p10,p12,complete,64,1920,0.30078125,577,1342,0,1,0,0.2526041666666667,0.35443359374999994
d2_5_b,d2_5,b,common_grid,missing_peak_ratio,p11,p12,complete,64,1920,0.27369791666666665,501,1370,0,49,0,0.2223828125,0.3359440104166666
d2_10_a,d2_10,a,native,mse,p08,p09,complete,64,1920,0.6559895833333333,1254,655,0,11,0,0.6208268229166667,0.69140625
d2_10_a,d2_10,a,native,mse,p08,p10,complete,64,1920,0.85078125,1536,189,184,8,3,0.8109309895833333,0.8822916666666667
d2_10_a,d2_10,a,native,mse,p08,p11,complete,64,1920,0.8796875,1686,228,0,6,0,0.8078125,0.9359440104166666
d2_10_a,d2_10,a,native,mse,p08,p12,complete,64,1920,0.9291666666666667,1778,130,0,12,0,0.8638020833333333,0.9708528645833332
d2_10_a,d2_10,a,native,mse,p09,p10,complete,64,1920,0.6372395833333333,1220,693,0,7,0,0.60962890625,0.6635481770833334
d2_10_a,d2_10,a,native,mse,p09,p11,complete,64,1920,0.7302083333333333,1384,500,0,36,0,0.62681640625,0.81875
d2_10_a,d2_10,a,native,mse,p09,p12,complete,64,1920,0.8111979166666666,1533,338,0,49,0,0.7320247395833334,0.8770833333333333
d2_10_a,d2_10,a,native,mse,p10,p11,complete,64,1920,0.8989583333333333,1718,186,0,16,0,0.83125,0.9471354166666667
d2_10_a,d2_10,a,native,mse,p10,p12,complete,64,1920,0.9403645833333333,1799,108,0,13,0,0.8856770833333333,0.9768294270833333
d2_10_a,d2_10,a,native,mse,p11,p12,complete,64,1920,0.5,0,0,1825,0,95,0.5,0.5
d2_10_a,d2_10,a,native,rmse,p08,p09,complete,64,1920,0.66015625,1262,647,0,11,0,0.6239518229166666,0.6955729166666667
d2_10_a,d2_10,a,native,rmse,p08,p10,complete,64,1920,0.8536458333333333,1539,181,189,8,3,0.8140494791666667,0.88515625
d2_10_a,d2_10,a,native,rmse,p08,p11,complete,64,1920,0.8796875,1686,228,0,6,0,0.8078125,0.9359440104166666
d2_10_a,d2_10,a,native,rmse,p08,p12,complete,64,1920,0.9291666666666667,1778,130,0,12,0,0.8638020833333333,0.9708528645833332
d2_10_a,d2_10,a,native,rmse,p09,p10,complete,64,1920,0.64140625,1228,685,0,7,0,0.6135416666666667,0.66849609375
d2_10_a,d2_10,a,native,rmse,p09,p11,complete,64,1920,0.7302083333333333,1384,500,0,36,0,0.62681640625,0.81875
d2_10_a,d2_10,a,native,rmse,p09,p12,complete,64,1920,0.8111979166666666,1533,338,0,49,0,0.7320247395833334,0.8770833333333333
d2_10_a,d2_10,a,native,rmse,p10,p11,complete,64,1920,0.8989583333333333,1718,186,0,16,0,0.83125,0.9471354166666667
d2_10_a,d2_10,a,native,rmse,p10,p12,complete,64,1920,0.9403645833333333,1799,108,0,13,0,0.8856770833333333,0.9768294270833333
d2_10_a,d2_10,a,native,rmse,p11,p12,complete,64,1920,0.5,0,0,1825,0,95,0.5,0.5
d2_10_a,d2_10,a,native,mae,p08,p09,complete,64,1920,0.7221354166666667,1381,528,0,11,0,0.6887955729166667,0.7510416666666667
d2_10_a,d2_10,a,native,mae,p08,p10,complete,64,1920,0.8450520833333334,1617,292,0,11,0,0.8044010416666667,0.8776041666666666
d2_10_a,d2_10,a,native,mae,p08,p11,complete,64,1920,0.8796875,1686,228,0,6,0,0.8078125,0.9359440104166666
d2_10_a,d2_10,a,native,mae,p08,p12,complete,64,1920,0.9291666666666667,1778,130,0,12,0,0.8638020833333333,0.9708528645833332
d2_10_a,d2_10,a,native,mae,p09,p10,complete,64,1920,0.6966145833333334,1334,579,0,7,0,0.6802083333333333,0.7114583333333333
d2_10_a,d2_10,a,native,mae,p09,p11,complete,64,1920,0.7302083333333333,1384,500,0,36,0,0.62681640625,0.81875
d2_10_a,d2_10,a,native,mae,p09,p12,complete,64,1920,0.8111979166666666,1533,338,0,49,0,0.7320247395833334,0.8770833333333333
d2_10_a,d2_10,a,native,mae,p10,p11,complete,64,1920,0.8989583333333333,1718,186,0,16,0,0.83125,0.9471354166666667
d2_10_a,d2_10,a,native,mae,p10,p12,complete,64,1920,0.9403645833333333,1799,108,0,13,0,0.8856770833333333,0.9768294270833333
d2_10_a,d2_10,a,native,mae,p11,p12,complete,64,1920,0.5,0,0,1825,0,95,0.5,0.5
d2_10_a,d2_10,a,native,sam,p08,p09,complete,64,1920,0.65078125,1244,665,0,11,0,0.6117122395833333,0.68671875
d2_10_a,d2_10,a,native,sam,p08,p10,complete,64,1920,0.8486979166666667,1624,285,0,11,0,0.8044140625,0.88515625
d2_10_a,d2_10,a,native,sam,p08,p11,complete,64,1920,0.8796875,1686,228,0,6,0,0.8078125,0.9359440104166666
d2_10_a,d2_10,a,native,sam,p08,p12,complete,64,1920,0.9291666666666667,1778,130,0,12,0,0.8638020833333333,0.9708528645833332
d2_10_a,d2_10,a,native,sam,p09,p10,complete,64,1920,0.63046875,1207,706,0,7,0,0.6036458333333333,0.6557291666666667
d2_10_a,d2_10,a,native,sam,p09,p11,complete,64,1920,0.7302083333333333,1384,500,0,36,0,0.62681640625,0.81875
d2_10_a,d2_10,a,native,sam,p09,p12,complete,64,1920,0.8111979166666666,1533,338,0,49,0,0.7320247395833334,0.8770833333333333
d2_10_a,d2_10,a,native,sam,p10,p11,complete,64,1920,0.8989583333333333,1718,186,0,16,0,0.83125,0.9471354166666667
d2_10_a,d2_10,a,native,sam,p10,p12,complete,64,1920,0.9403645833333333,1799,108,0,13,0,0.8856770833333333,0.9768294270833333
d2_10_a,d2_10,a,native,sam,p11,p12,complete,64,1920,0.5,0,0,1825,0,95,0.5,0.5
d2_10_a,d2_10,a,native,pearson_r,p08,p09,complete,64,1920,0.6690104166666667,1279,630,0,11,0,0.63697265625,0.6986979166666667
d2_10_a,d2_10,a,native,pearson_r,p08,p10,complete,64,1920,0.84453125,1616,293,0,11,0,0.80103515625,0.88021484375
d2_10_a,d2_10,a,native,pearson_r,p08,p11,complete,64,1920,0.8796875,1686,228,0,6,0,0.8078125,0.9359440104166666
d2_10_a,d2_10,a,native,pearson_r,p08,p12,complete,64,1920,0.9291666666666667,1778,130,0,12,0,0.8638020833333333,0.9708528645833332
d2_10_a,d2_10,a,native,pearson_r,p09,p10,complete,64,1920,0.6346354166666667,1215,698,0,7,0,0.6085872395833334,0.659375
d2_10_a,d2_10,a,native,pearson_r,p09,p11,complete,64,1920,0.7302083333333333,1384,500,0,36,0,0.62681640625,0.81875
d2_10_a,d2_10,a,native,pearson_r,p09,p12,complete,64,1920,0.8111979166666666,1533,338,0,49,0,0.7320247395833334,0.8770833333333333
d2_10_a,d2_10,a,native,pearson_r,p10,p11,complete,64,1920,0.8989583333333333,1718,186,0,16,0,0.83125,0.9471354166666667
d2_10_a,d2_10,a,native,pearson_r,p10,p12,complete,64,1920,0.9403645833333333,1799,108,0,13,0,0.8856770833333333,0.9768294270833333
d2_10_a,d2_10,a,native,pearson_r,p11,p12,complete,64,1920,0.5,0,0,1825,0,95,0.5,0.5
d2_10_a,d2_10,a,native,nmse,p08,p09,complete,64,1920,0.64765625,1238,671,0,11,0,0.6096354166666667,0.6836067708333332
d2_10_a,d2_10,a,native,nmse,p08,p10,complete,64,1920,0.8481770833333333,1548,211,150,10,1,0.80830078125,0.8791666666666667
d2_10_a,d2_10,a,native,nmse,p08,p11,complete,64,1920,0.8796875,1686,228,0,6,0,0.8078125,0.9359440104166666
d2_10_a,d2_10,a,native,nmse,p08,p12,complete,64,1920,0.9291666666666667,1778,130,0,12,0,0.8638020833333333,0.9708528645833332
d2_10_a,d2_10,a,native,nmse,p09,p10,complete,64,1920,0.6299479166666667,1206,707,0,7,0,0.60234375,0.6567708333333333
d2_10_a,d2_10,a,native,nmse,p09,p11,complete,64,1920,0.7302083333333333,1384,500,0,36,0,0.62681640625,0.81875
d2_10_a,d2_10,a,native,nmse,p09,p12,complete,64,1920,0.8111979166666666,1533,338,0,49,0,0.7320247395833334,0.8770833333333333
d2_10_a,d2_10,a,native,nmse,p10,p11,complete,64,1920,0.8989583333333333,1718,186,0,16,0,0.83125,0.9471354166666667
d2_10_a,d2_10,a,native,nmse,p10,p12,complete,64,1920,0.9403645833333333,1799,108,0,13,0,0.8856770833333333,0.9768294270833333
d2_10_a,d2_10,a,native,nmse,p11,p12,complete,64,1920,0.5,0,0,1825,0,95,0.5,0.5
d2_10_a,d2_10,a,native,wasserstein_1_cm1,p08,p09,complete,64,1920,0.8200520833333333,1569,340,0,11,0,0.7609309895833334,0.86328125
d2_10_a,d2_10,a,native,wasserstein_1_cm1,p08,p10,complete,64,1920,0.77734375,1487,422,0,11,0,0.7239518229166667,0.8226627604166666
d2_10_a,d2_10,a,native,wasserstein_1_cm1,p08,p11,complete,64,1920,0.8796875,1686,228,0,6,0,0.8078125,0.9359440104166666
d2_10_a,d2_10,a,native,wasserstein_1_cm1,p08,p12,complete,64,1920,0.9291666666666667,1778,130,0,12,0,0.8638020833333333,0.9708528645833332
d2_10_a,d2_10,a,native,wasserstein_1_cm1,p09,p10,complete,64,1920,0.8971354166666666,1719,194,0,7,0,0.8497395833333333,0.9265625
d2_10_a,d2_10,a,native,wasserstein_1_cm1,p09,p11,complete,64,1920,0.7630208333333334,1447,437,0,36,0,0.68904296875,0.821875
d2_10_a,d2_10,a,native,wasserstein_1_cm1,p09,p12,complete,64,1920,0.82734375,1564,307,0,49,0,0.7611979166666667,0.88099609375
d2_10_a,d2_10,a,native,wasserstein_1_cm1,p10,p11,complete,64,1920,0.8989583333333333,1718,186,0,16,0,0.83125,0.9471354166666667
d2_10_a,d2_10,a,native,wasserstein_1_cm1,p10,p12,complete,64,1920,0.9403645833333333,1799,108,0,13,0,0.8856770833333333,0.9768294270833333
d2_10_a,d2_10,a,native,wasserstein_1_cm1,p11,p12,complete,64,1920,0.5940104166666667,1093,732,0,95,0,0.47001953125,0.71693359375
d2_10_a,d2_10,a,native,is_like_structure_to_noise,p08,p09,complete,64,1920,0.19557291666666668,370,1539,0,11,0,0.15181640625,0.25546875
d2_10_a,d2_10,a,native,is_like_structure_to_noise,p08,p10,complete,64,1920,0.14609375,275,1634,0,11,0,0.11431640625,0.18723958333333332
d2_10_a,d2_10,a,native,is_like_structure_to_noise,p08,p11,complete,64,1920,0.1203125,228,1686,0,6,0,0.06405598958333333,0.1921875
d2_10_a,d2_10,a,native,is_like_structure_to_noise,p08,p12,complete,64,1920,0.07083333333333333,130,1778,0,12,0,0.029147135416666668,0.13619791666666667
d2_10_a,d2_10,a,native,is_like_structure_to_noise,p09,p10,complete,64,1920,0.16640625,316,1597,0,7,0,0.13489583333333333,0.21484375
d2_10_a,d2_10,a,native,is_like_structure_to_noise,p09,p11,complete,64,1920,0.7302083333333333,1384,500,0,36,0,0.62681640625,0.81875
d2_10_a,d2_10,a,native,is_like_structure_to_noise,p09,p12,complete,64,1920,0.8111979166666666,1533,338,0,49,0,0.7320247395833334,0.8770833333333333
d2_10_a,d2_10,a,native,is_like_structure_to_noise,p10,p11,complete,64,1920,0.10104166666666667,186,1718,0,16,0,0.05286458333333333,0.16875
d2_10_a,d2_10,a,native,is_like_structure_to_noise,p10,p12,complete,64,1920,0.05963541666666667,108,1799,0,13,0,0.023170572916666667,0.11432291666666666
d2_10_a,d2_10,a,native,is_like_structure_to_noise,p11,p12,complete,64,1920,0.5,0,0,1825,0,95,0.5,0.5
d2_10_a,d2_10,a,native,precision,p08,p09,complete,64,1920,0.19557291666666668,370,1539,0,11,0,0.15181640625,0.25546875
d2_10_a,d2_10,a,native,precision,p08,p10,complete,64,1920,0.53671875,1025,884,0,11,0,0.4937369791666667,0.58255859375
d2_10_a,d2_10,a,native,precision,p08,p11,complete,64,1920,0.7177083333333333,1375,539,0,6,0,0.68359375,0.7455794270833334
d2_10_a,d2_10,a,native,precision,p08,p12,complete,64,1920,0.7354166666666667,1406,502,0,12,0,0.7072916666666667,0.7526041666666666
d2_10_a,d2_10,a,native,precision,p09,p10,complete,64,1920,0.19557291666666668,372,1541,0,7,0,0.1640625,0.24349609374999998
d2_10_a,d2_10,a,native,precision,p09,p11,complete,64,1920,0.6791666666666667,1286,598,0,36,0,0.634375,0.7166796874999999
d2_10_a,d2_10,a,native,precision,p09,p12,complete,64,1920,0.8111979166666666,1533,338,0,49,0,0.7320247395833334,0.8770833333333333
d2_10_a,d2_10,a,native,precision,p10,p11,complete,64,1920,0.7291666666666666,1392,512,0,16,0,0.7012955729166667,0.7484375
d2_10_a,d2_10,a,native,precision,p10,p12,complete,64,1920,0.8966145833333333,1715,192,0,13,0,0.8570247395833334,0.9239583333333333
d2_10_a,d2_10,a,native,precision,p11,p12,complete,64,1920,0.5744791666666667,834,548,443,58,37,0.49375,0.6533854166666667
d2_10_a,d2_10,a,native,recall,p08,p09,complete,64,1920,0.19557291666666668,370,1539,0,11,0,0.15181640625,0.25546875
d2_10_a,d2_10,a,native,recall,p08,p10,complete,64,1920,0.6158854166666666,1177,732,0,11,0,0.5739518229166667,0.65990234375
d2_10_a,d2_10,a,native,recall,p08,p11,complete,64,1920,0.7317708333333334,1402,512,0,6,0,0.6997395833333333,0.7536458333333333
d2_10_a,d2_10,a,native,recall,p08,p12,complete,64,1920,0.7354166666666667,1406,502,0,12,0,0.7072916666666667,0.7526041666666666
d2_10_a,d2_10,a,native,recall,p09,p10,complete,64,1920,0.16692708333333334,317,1596,0,7,0,0.13541666666666666,0.21485677083333327
d2_10_a,d2_10,a,native,recall,p09,p11,complete,64,1920,0.6885416666666667,1304,580,0,36,0,0.6413997395833333,0.7278645833333334
d2_10_a,d2_10,a,native,recall,p09,p12,complete,64,1920,0.8111979166666666,1533,338,0,49,0,0.7320247395833334,0.8770833333333333
d2_10_a,d2_10,a,native,recall,p10,p11,complete,64,1920,0.7291666666666666,1392,512,0,16,0,0.7012955729166667,0.7484375
d2_10_a,d2_10,a,native,recall,p10,p12,complete,64,1920,0.8919270833333334,1706,201,0,13,0,0.8546744791666667,0.9174479166666667
d2_10_a,d2_10,a,native,recall,p11,p12,complete,64,1920,0.5744791666666667,834,548,443,58,37,0.49375,0.6533854166666667
d2_10_a,d2_10,a,native,f1,p08,p09,complete,64,1920,0.19557291666666668,370,1539,0,11,0,0.15181640625,0.25546875
d2_10_a,d2_10,a,native,f1,p08,p10,complete,64,1920,0.5809895833333333,1110,799,0,11,0,0.5395768229166666,0.6229166666666667
d2_10_a,d2_10,a,native,f1,p08,p11,complete,64,1920,0.7296875,1398,516,0,6,0,0.69791015625,0.7515625
d2_10_a,d2_10,a,native,f1,p08,p12,complete,64,1920,0.7354166666666667,1406,502,0,12,0,0.7072916666666667,0.7526041666666666
d2_10_a,d2_10,a,native,f1,p09,p10,complete,64,1920,0.17994791666666668,342,1571,0,7,0,0.14869791666666668,0.22838541666666667
d2_10_a,d2_10,a,native,f1,p09,p11,complete,64,1920,0.684375,1296,588,0,36,0,0.6367122395833333,0.7239583333333334
d2_10_a,d2_10,a,native,f1,p09,p12,complete,64,1920,0.8111979166666666,1533,338,0,49,0,0.7320247395833334,0.8770833333333333
d2_10_a,d2_10,a,native,f1,p10,p11,complete,64,1920,0.7291666666666666,1392,512,0,16,0,0.7012955729166667,0.7484375
d2_10_a,d2_10,a,native,f1,p10,p12,complete,64,1920,0.89609375,1714,193,0,13,0,0.85703125,0.9229166666666667
d2_10_a,d2_10,a,native,f1,p11,p12,complete,64,1920,0.5744791666666667,834,548,443,58,37,0.49375,0.6533854166666667
d2_10_a,d2_10,a,native,artifact_peak_ratio,p08,p09,complete,64,1920,0.19557291666666668,370,1539,0,11,0,0.15181640625,0.25546875
d2_10_a,d2_10,a,native,artifact_peak_ratio,p08,p10,complete,64,1920,0.53671875,1025,884,0,11,0,0.4937369791666667,0.58255859375
d2_10_a,d2_10,a,native,artifact_peak_ratio,p08,p11,complete,64,1920,0.7177083333333333,1375,539,0,6,0,0.68359375,0.7455794270833334
d2_10_a,d2_10,a,native,artifact_peak_ratio,p08,p12,complete,64,1920,0.7354166666666667,1406,502,0,12,0,0.7072916666666667,0.7526041666666666
d2_10_a,d2_10,a,native,artifact_peak_ratio,p09,p10,complete,64,1920,0.19557291666666668,372,1541,0,7,0,0.1640625,0.24349609374999998
d2_10_a,d2_10,a,native,artifact_peak_ratio,p09,p11,complete,64,1920,0.6791666666666667,1286,598,0,36,0,0.634375,0.7166796874999999
d2_10_a,d2_10,a,native,artifact_peak_ratio,p09,p12,complete,64,1920,0.8111979166666666,1533,338,0,49,0,0.7320247395833334,0.8770833333333333
d2_10_a,d2_10,a,native,artifact_peak_ratio,p10,p11,complete,64,1920,0.7291666666666666,1392,512,0,16,0,0.7012955729166667,0.7484375
d2_10_a,d2_10,a,native,artifact_peak_ratio,p10,p12,complete,64,1920,0.8966145833333333,1715,192,0,13,0,0.8570247395833334,0.9239583333333333
d2_10_a,d2_10,a,native,artifact_peak_ratio,p11,p12,complete,64,1920,0.5744791666666667,834,548,443,58,37,0.49375,0.6533854166666667
d2_10_a,d2_10,a,native,missing_peak_ratio,p08,p09,complete,64,1920,0.19557291666666668,370,1539,0,11,0,0.15181640625,0.25546875
d2_10_a,d2_10,a,native,missing_peak_ratio,p08,p10,complete,64,1920,0.6158854166666666,1177,732,0,11,0,0.5739518229166667,0.65990234375
d2_10_a,d2_10,a,native,missing_peak_ratio,p08,p11,complete,64,1920,0.7317708333333334,1402,512,0,6,0,0.6997395833333333,0.7536458333333333
d2_10_a,d2_10,a,native,missing_peak_ratio,p08,p12,complete,64,1920,0.7354166666666667,1406,502,0,12,0,0.7072916666666667,0.7526041666666666
d2_10_a,d2_10,a,native,missing_peak_ratio,p09,p10,complete,64,1920,0.16692708333333334,317,1596,0,7,0,0.13541666666666666,0.21485677083333327
d2_10_a,d2_10,a,native,missing_peak_ratio,p09,p11,complete,64,1920,0.6885416666666667,1304,580,0,36,0,0.6413997395833333,0.7278645833333334
d2_10_a,d2_10,a,native,missing_peak_ratio,p09,p12,complete,64,1920,0.8111979166666666,1533,338,0,49,0,0.7320247395833334,0.8770833333333333
d2_10_a,d2_10,a,native,missing_peak_ratio,p10,p11,complete,64,1920,0.7291666666666666,1392,512,0,16,0,0.7012955729166667,0.7484375
d2_10_a,d2_10,a,native,missing_peak_ratio,p10,p12,complete,64,1920,0.8919270833333334,1706,201,0,13,0,0.8546744791666667,0.9174479166666667
d2_10_a,d2_10,a,native,missing_peak_ratio,p11,p12,complete,64,1920,0.5744791666666667,834,548,443,58,37,0.49375,0.6533854166666667
d2_10_a,d2_10,a,common_grid,mse,p08,p09,complete,64,1920,0.6049479166666667,1156,753,0,11,0,0.5783854166666667,0.6299544270833334
d2_10_a,d2_10,a,common_grid,mse,p08,p10,complete,64,1920,0.86015625,1646,263,0,11,0,0.8179427083333334,0.8932291666666666
d2_10_a,d2_10,a,common_grid,mse,p08,p11,complete,64,1920,0.7760416666666666,1487,427,0,6,0,0.7330729166666666,0.815625
d2_10_a,d2_10,a,common_grid,mse,p08,p12,complete,64,1920,0.8520833333333333,1630,278,0,12,0,0.8020638020833334,0.8877604166666667
d2_10_a,d2_10,a,common_grid,mse,p09,p10,complete,64,1920,0.5934895833333333,1136,777,0,7,0,0.5742122395833333,0.6122395833333333
d2_10_a,d2_10,a,common_grid,mse,p09,p11,complete,64,1920,0.7526041666666666,1427,457,0,36,0,0.7002539062500001,0.8018229166666667
d2_10_a,d2_10,a,common_grid,mse,p09,p12,complete,64,1920,0.8231770833333333,1556,315,0,49,0,0.77212890625,0.8635416666666667
d2_10_a,d2_10,a,common_grid,mse,p10,p11,complete,64,1920,0.76875,1468,436,0,16,0,0.7354036458333334,0.8026041666666667
d2_10_a,d2_10,a,common_grid,mse,p10,p12,complete,64,1920,0.84453125,1615,292,0,13,0,0.815625,0.8690104166666667
d2_10_a,d2_10,a,common_grid,mse,p11,p12,complete,64,1920,0.5861979166666667,1078,747,0,95,0,0.45624348958333333,0.7185156249999999
d2_10_a,d2_10,a,common_grid,rmse,p08,p09,complete,64,1920,0.6049479166666667,1156,753,0,11,0,0.5783854166666667,0.6299544270833334
d2_10_a,d2_10,a,common_grid,rmse,p08,p10,complete,64,1920,0.86015625,1646,263,0,11,0,0.8179427083333334,0.8932291666666666
d2_10_a,d2_10,a,common_grid,rmse,p08,p11,complete,64,1920,0.7770833333333333,1489,425,0,6,0,0.734375,0.81640625
d2_10_a,d2_10,a,common_grid,rmse,p08,p12,complete,64,1920,0.853125,1632,276,0,12,0,0.8020833333333334,0.8893229166666666
d2_10_a,d2_10,a,common_grid,rmse,p09,p10,complete,64,1920,0.6059895833333333,1160,753,0,7,0,0.5830664062500001,0.6291666666666667
d2_10_a,d2_10,a,common_grid,rmse,p09,p11,complete,64,1920,0.7526041666666666,1427,457,0,36,0,0.7002539062500001,0.8018229166666667
d2_10_a,d2_10,a,common_grid,rmse,p09,p12,complete,64,1920,0.8231770833333333,1556,315,0,49,0,0.77212890625,0.8635416666666667
d2_10_a,d2_10,a,common_grid,rmse,p10,p11,complete,64,1920,0.7692708333333333,1469,435,0,16,0,0.7359309895833334,0.8033854166666666
d2_10_a,d2_10,a,common_grid,rmse,p10,p12,complete,64,1920,0.84453125,1615,292,0,13,0,0.815625,0.8690104166666667
d2_10_a,d2_10,a,common_grid,rmse,p11,p12,complete,64,1920,0.5861979166666667,1078,747,0,95,0,0.45624348958333333,0.7185156249999999
d2_10_a,d2_10,a,common_grid,mae,p08,p09,complete,64,1920,0.7221354166666667,1381,528,0,11,0,0.6887955729166667,0.7510416666666667
d2_10_a,d2_10,a,common_grid,mae,p08,p10,complete,64,1920,0.8450520833333334,1617,292,0,11,0,0.8044010416666667,0.8776041666666666
d2_10_a,d2_10,a,common_grid,mae,p08,p11,complete,64,1920,0.7828125,1500,414,0,6,0,0.7398307291666667,0.8203125
d2_10_a,d2_10,a,common_grid,mae,p08,p12,complete,64,1920,0.8692708333333333,1663,245,0,12,0,0.8182291666666667,0.90365234375
d2_10_a,d2_10,a,common_grid,mae,p09,p10,complete,64,1920,0.6841145833333333,1310,603,0,7,0,0.6640625,0.7028645833333333
d2_10_a,d2_10,a,common_grid,mae,p09,p11,complete,64,1920,0.7515625,1425,459,0,36,0,0.6984375,0.8008007812499999
d2_10_a,d2_10,a,common_grid,mae,p09,p12,complete,64,1920,0.8247395833333333,1559,312,0,49,0,0.7710872395833334,0.8687565104166667
d2_10_a,d2_10,a,common_grid,mae,p10,p11,complete,64,1920,0.7703125,1471,433,0,16,0,0.7359375,0.8041666666666667
d2_10_a,d2_10,a,common_grid,mae,p10,p12,complete,64,1920,0.86171875,1648,259,0,13,0,0.8296809895833334,0.8877669270833334
d2_10_a,d2_10,a,common_grid,mae,p11,p12,complete,64,1920,0.5716145833333334,1050,775,0,95,0,0.44738932291666667,0.6987044270833334
d2_10_a,d2_10,a,common_grid,sam,p08,p09,complete,64,1920,0.60703125,1160,749,0,11,0,0.5799479166666667,0.6328125
d2_10_a,d2_10,a,common_grid,sam,p08,p10,complete,64,1920,0.8638020833333333,1653,256,0,11,0,0.82109375,0.8973958333333333
d2_10_a,d2_10,a,common_grid,sam,p08,p11,complete,64,1920,0.7635416666666667,1463,451,0,6,0,0.7208333333333333,0.8031315104166666
d2_10_a,d2_10,a,common_grid,sam,p08,p12,complete,64,1920,0.8494791666666667,1625,283,0,12,0,0.7997330729166666,0.8854166666666666
d2_10_a,d2_10,a,common_grid,sam,p09,p10,complete,64,1920,0.6106770833333334,1169,744,0,7,0,0.5880143229166667,0.6338606770833334
d2_10_a,d2_10,a,common_grid,sam,p09,p11,complete,64,1920,0.7489583333333333,1420,464,0,36,0,0.6997395833333333,0.79662109375
d2_10_a,d2_10,a,common_grid,sam,p09,p12,complete,64,1920,0.8216145833333334,1553,318,0,49,0,0.7705664062500001,0.8611979166666667
d2_10_a,d2_10,a,common_grid,sam,p10,p11,complete,64,1920,0.7583333333333333,1448,456,0,16,0,0.7236979166666667,0.7940104166666667
d2_10_a,d2_10,a,common_grid,sam,p10,p12,complete,64,1920,0.8424479166666666,1611,296,0,13,0,0.8140625,0.8669270833333333
d2_10_a,d2_10,a,common_grid,sam,p11,p12,complete,64,1920,0.58671875,1079,746,0,95,0,0.45650390625,0.7190364583333332
d2_10_a,d2_10,a,common_grid,pearson_r,p08,p09,complete,64,1920,0.6434895833333333,1230,679,0,11,0,0.6122330729166666,0.67318359375
d2_10_a,d2_10,a,common_grid,pearson_r,p08,p10,complete,64,1920,0.85390625,1634,275,0,11,0,0.80884765625,0.8914127604166666
d2_10_a,d2_10,a,common_grid,pearson_r,p08,p11,complete,64,1920,0.6744791666666666,1292,622,0,6,0,0.6288932291666667,0.7265690104166667
d2_10_a,d2_10,a,common_grid,pearson_r,p08,p12,complete,64,1920,0.8380208333333333,1603,305,0,12,0,0.7900976562500001,0.8739583333333333
d2_10_a,d2_10,a,common_grid,pearson_r,p09,p10,complete,64,1920,0.6268229166666667,1200,713,0,7,0,0.6015559895833333,0.65208984375
d2_10_a,d2_10,a,common_grid,pearson_r,p09,p11,complete,64,1920,0.7005208333333334,1327,557,0,36,0,0.6518229166666667,0.7479296874999999
d2_10_a,d2_10,a,common_grid,pearson_r,p09,p12,complete,64,1920,0.81796875,1546,325,0,49,0,0.7682291666666666,0.8578190104166666
d2_10_a,d2_10,a,common_grid,pearson_r,p10,p11,complete,64,1920,0.6640625,1267,637,0,16,0,0.61978515625,0.7148502604166667
d2_10_a,d2_10,a,common_grid,pearson_r,p10,p12,complete,64,1920,0.8283854166666667,1584,323,0,13,0,0.8015559895833333,0.8531315104166667
d2_10_a,d2_10,a,common_grid,pearson_r,p11,p12,complete,64,1920,0.5856770833333333,1077,748,0,95,0,0.45623046875,0.7185026041666666
d2_10_a,d2_10,a,common_grid,nmse,p08,p09,complete,64,1920,0.6049479166666667,1156,753,0,11,0,0.5783854166666667,0.6299544270833334
d2_10_a,d2_10,a,common_grid,nmse,p08,p10,complete,64,1920,0.86015625,1646,263,0,11,0,0.8179427083333334,0.8932291666666666
d2_10_a,d2_10,a,common_grid,nmse,p08,p11,complete,64,1920,0.7739583333333333,1483,431,0,6,0,0.7294140625,0.8135416666666667
d2_10_a,d2_10,a,common_grid,nmse,p08,p12,complete,64,1920,0.8515625,1629,279,0,12,0,0.80154296875,0.8872395833333333
d2_10_a,d2_10,a,common_grid,nmse,p09,p10,complete,64,1920,0.59765625,1144,769,0,7,0,0.57759765625,0.61796875
d2_10_a,d2_10,a,common_grid,nmse,p09,p11,complete,64,1920,0.7494791666666667,1421,463,0,36,0,0.6984049479166667,0.7979231770833334
d2_10_a,d2_10,a,common_grid,nmse,p09,p12,complete,64,1920,0.82265625,1555,316,0,49,0,0.7716015625,0.8630208333333333
d2_10_a,d2_10,a,common_grid,nmse,p10,p11,complete,64,1920,0.7651041666666667,1461,443,0,16,0,0.7307161458333333,0.8
d2_10_a,d2_10,a,common_grid,nmse,p10,p12,complete,64,1920,0.8440104166666667,1614,293,0,13,0,0.8148372395833333,0.8679752604166666
d2_10_a,d2_10,a,common_grid,nmse,p11,p12,complete,64,1920,0.5861979166666667,1078,747,0,95,0,0.45572265625,0.7195507812499998
d2_10_a,d2_10,a,common_grid,wasserstein_1_cm1,p08,p09,complete,64,1920,0.8200520833333333,1569,340,0,11,0,0.7611848958333334,0.8627669270833334
d2_10_a,d2_10,a,common_grid,wasserstein_1_cm1,p08,p10,complete,64,1920,0.77734375,1487,422,0,11,0,0.7239518229166667,0.8226627604166666
d2_10_a,d2_10,a,common_grid,wasserstein_1_cm1,p08,p11,complete,64,1920,0.8796875,1686,228,0,6,0,0.8078125,0.9359440104166666
d2_10_a,d2_10,a,common_grid,wasserstein_1_cm1,p08,p12,complete,64,1920,0.9291666666666667,1778,130,0,12,0,0.8638020833333333,0.9708528645833332
d2_10_a,d2_10,a,common_grid,wasserstein_1_cm1,p09,p10,complete,64,1920,0.89765625,1720,193,0,7,0,0.8502604166666666,0.92734375
d2_10_a,d2_10,a,common_grid,wasserstein_1_cm1,p09,p11,complete,64,1920,0.7359375,1395,489,0,36,0,0.6382682291666667,0.8182356770833333
d2_10_a,d2_10,a,common_grid,wasserstein_1_cm1,p09,p12,complete,64,1920,0.8111979166666666,1533,338,0,49,0,0.7320247395833334,0.8770833333333333
d2_10_a,d2_10,a,common_grid,wasserstein_1_cm1,p10,p11,complete,64,1920,0.8989583333333333,1718,186,0,16,0,0.83125,0.9471354166666667
d2_10_a,d2_10,a,common_grid,wasserstein_1_cm1,p10,p12,complete,64,1920,0.9403645833333333,1799,108,0,13,0,0.8856770833333333,0.9768294270833333
d2_10_a,d2_10,a,common_grid,wasserstein_1_cm1,p11,p12,complete,64,1920,0.59453125,1094,731,0,95,0,0.4656119791666667,0.725
d2_10_a,d2_10,a,common_grid,is_like_structure_to_noise,p08,p09,complete,64,1920,0.19557291666666668,370,1539,0,11,0,0.15181640625,0.25546875
d2_10_a,d2_10,a,common_grid,is_like_structure_to_noise,p08,p10,complete,64,1920,0.14453125,272,1637,0,11,0,0.11484375,0.18412109374999996
d2_10_a,d2_10,a,common_grid,is_like_structure_to_noise,p08,p11,complete,64,1920,0.4005208333333333,766,1148,0,6,0,0.35962890625,0.4424804687499998
d2_10_a,d2_10,a,common_grid,is_like_structure_to_noise,p08,p12,complete,64,1920,0.3692708333333333,703,1205,0,12,0,0.33229166666666665,0.40912109374999994
d2_10_a,d2_10,a,common_grid,is_like_structure_to_noise,p09,p10,complete,64,1920,0.16640625,316,1597,0,7,0,0.13489583333333333,0.21484375
d2_10_a,d2_10,a,common_grid,is_like_structure_to_noise,p09,p11,complete,64,1920,0.7302083333333333,1384,500,0,36,0,0.62681640625,0.81875
d2_10_a,d2_10,a,common_grid,is_like_structure_to_noise,p09,p12,complete,64,1920,0.8111979166666666,1533,338,0,49,0,0.7320247395833334,0.8770833333333333
d2_10_a,d2_10,a,common_grid,is_like_structure_to_noise,p10,p11,complete,64,1920,0.409375,778,1126,0,16,0,0.37629557291666665,0.44088541666666664
d2_10_a,d2_10,a,common_grid,is_like_structure_to_noise,p10,p12,complete,64,1920,0.3575520833333333,680,1227,0,13,0,0.33436197916666666,0.37943359374999996
d2_10_a,d2_10,a,common_grid,is_like_structure_to_noise,p11,p12,complete,64,1920,0.5065104166666666,925,900,0,95,0,0.46952473958333335,0.5440104166666667
d2_10_a,d2_10,a,common_grid,precision,p08,p09,complete,64,1920,0.19557291666666668,370,1539,0,11,0,0.15181640625,0.25546875
d2_10_a,d2_10,a,common_grid,precision,p08,p10,complete,64,1920,0.54140625,1034,875,0,11,0,0.49765625,0.5875065104166667
d2_10_a,d2_10,a,common_grid,precision,p08,p11,complete,64,1920,0.1203125,228,1686,0,6,0,0.06405598958333333,0.1921875
d2_10_a,d2_10,a,common_grid,precision,p08,p12,complete,64,1920,0.07083333333333333,130,1778,0,12,0,0.029147135416666668,0.13619791666666667
d2_10_a,d2_10,a,common_grid,precision,p09,p10,complete,64,1920,0.19557291666666668,372,1541,0,7,0,0.16380208333333332,0.24349609374999998
d2_10_a,d2_10,a,common_grid,precision,p09,p11,complete,64,1920,0.6755208333333333,1279,605,0,36,0,0.64375,0.7059895833333333
d2_10_a,d2_10,a,common_grid,precision,p09,p12,complete,64,1920,0.8231770833333333,1556,315,0,49,0,0.7578125,0.8755208333333333
d2_10_a,d2_10,a,common_grid,precision,p10,p11,complete,64,1920,0.19895833333333332,374,1530,0,16,0,0.15104166666666666,0.2612109374999999
d2_10_a,d2_10,a,common_grid,precision,p10,p12,complete,64,1920,0.30859375,586,1321,0,13,0,0.26197265625,0.3645898437499999
d2_10_a,d2_10,a,common_grid,precision,p11,p12,complete,64,1920,0.5158854166666667,943,882,0,95,0,0.44139973958333334,0.5888020833333333
d2_10_a,d2_10,a,common_grid,recall,p08,p09,complete,64,1920,0.19557291666666668,370,1539,0,11,0,0.15181640625,0.25546875
d2_10_a,d2_10,a,common_grid,recall,p08,p10,complete,64,1920,0.6153645833333333,1176,733,0,11,0,0.5747330729166666,0.6578125
d2_10_a,d2_10,a,common_grid,recall,p08,p11,complete,64,1920,0.1203125,228,1686,0,6,0,0.06405598958333333,0.1921875
d2_10_a,d2_10,a,common_grid,recall,p08,p12,complete,64,1920,0.08697916666666666,161,1747,0,12,0,0.04765625,0.1455794270833333
d2_10_a,d2_10,a,common_grid,recall,p09,p10,complete,64,1920,0.16744791666666667,318,1595,0,7,0,0.13567708333333334,0.2153776041666666
d2_10_a,d2_10,a,common_grid,recall,p09,p11,complete,64,1920,0.7114583333333333,1348,536,0,36,0,0.6677018229166667,0.7487044270833333
d2_10_a,d2_10,a,common_grid,recall,p09,p12,complete,64,1920,0.82109375,1552,319,0,49,0,0.7497395833333333,0.8804752604166667
d2_10_a,d2_10,a,common_grid,recall,p10,p11,complete,64,1920,0.2,376,1528,0,16,0,0.14947916666666666,0.2669270833333333
d2_10_a,d2_10,a,common_grid,recall,p10,p12,complete,64,1920,0.29453125,559,1348,0,13,0,0.24400390625,0.35651692708333327
d2_10_a,d2_10,a,common_grid,recall,p11,p12,complete,64,1920,0.5143229166666666,940,885,0,95,0,0.4437434895833333,0.58412109375
d2_10_a,d2_10,a,common_grid,f1,p08,p09,complete,64,1920,0.19557291666666668,370,1539,0,11,0,0.15181640625,0.25546875
d2_10_a,d2_10,a,common_grid,f1,p08,p10,complete,64,1920,0.58359375,1115,794,0,11,0,0.54244140625,0.6250065104166667
d2_10_a,d2_10,a,common_grid,f1,p08,p11,complete,64,1920,0.1203125,228,1686,0,6,0,0.06405598958333333,0.1921875
d2_10_a,d2_10,a,common_grid,f1,p08,p12,complete,64,1920,0.07083333333333333,130,1778,0,12,0,0.029147135416666668,0.13619791666666667
d2_10_a,d2_10,a,common_grid,f1,p09,p10,complete,64,1920,0.17994791666666668,342,1571,0,7,0,0.14921223958333335,0.22864583333333333
d2_10_a,d2_10,a,common_grid,f1,p09,p11,complete,64,1920,0.7,1326,558,0,36,0,0.6622265625,0.7343815104166667
d2_10_a,d2_10,a,common_grid,f1,p09,p12,complete,64,1920,0.8205729166666667,1551,320,0,49,0,0.7531119791666667,0.8765625
d2_10_a,d2_10,a,common_grid,f1,p10,p11,complete,64,1920,0.19739583333333333,371,1533,0,16,0,0.14921875,0.2606901041666666
d2_10_a,d2_10,a,common_grid,f1,p10,p12,complete,64,1920,0.30182291666666666,573,1334,0,13,0,0.25494140625,0.35886067708333325
d2_10_a,d2_10,a,common_grid,f1,p11,p12,complete,64,1920,0.5153645833333333,942,883,0,95,0,0.44296223958333336,0.5859440104166667
d2_10_a,d2_10,a,common_grid,artifact_peak_ratio,p08,p09,complete,64,1920,0.19557291666666668,370,1539,0,11,0,0.15181640625,0.25546875
d2_10_a,d2_10,a,common_grid,artifact_peak_ratio,p08,p10,complete,64,1920,0.54140625,1034,875,0,11,0,0.49765625,0.5875065104166667
d2_10_a,d2_10,a,common_grid,artifact_peak_ratio,p08,p11,complete,64,1920,0.1203125,228,1686,0,6,0,0.06405598958333333,0.1921875
d2_10_a,d2_10,a,common_grid,artifact_peak_ratio,p08,p12,complete,64,1920,0.07083333333333333,130,1778,0,12,0,0.029147135416666668,0.13619791666666667
d2_10_a,d2_10,a,common_grid,artifact_peak_ratio,p09,p10,complete,64,1920,0.19557291666666668,372,1541,0,7,0,0.16380208333333332,0.24349609374999998
d2_10_a,d2_10,a,common_grid,artifact_peak_ratio,p09,p11,complete,64,1920,0.6755208333333333,1279,605,0,36,0,0.64375,0.7059895833333333
d2_10_a,d2_10,a,common_grid,artifact_peak_ratio,p09,p12,complete,64,1920,0.8231770833333333,1556,315,0,49,0,0.7578125,0.8755208333333333
d2_10_a,d2_10,a,common_grid,artifact_peak_ratio,p10,p11,complete,64,1920,0.19895833333333332,374,1530,0,16,0,0.15104166666666666,0.2612109374999999
d2_10_a,d2_10,a,common_grid,artifact_peak_ratio,p10,p12,complete,64,1920,0.30859375,586,1321,0,13,0,0.26197265625,0.3645898437499999
d2_10_a,d2_10,a,common_grid,artifact_peak_ratio,p11,p12,complete,64,1920,0.5158854166666667,943,882,0,95,0,0.44139973958333334,0.5888020833333333
d2_10_a,d2_10,a,common_grid,missing_peak_ratio,p08,p09,complete,64,1920,0.19557291666666668,370,1539,0,11,0,0.15181640625,0.25546875
d2_10_a,d2_10,a,common_grid,missing_peak_ratio,p08,p10,complete,64,1920,0.6153645833333333,1176,733,0,11,0,0.5747330729166666,0.6578125
d2_10_a,d2_10,a,common_grid,missing_peak_ratio,p08,p11,complete,64,1920,0.1203125,228,1686,0,6,0,0.06405598958333333,0.1921875
d2_10_a,d2_10,a,common_grid,missing_peak_ratio,p08,p12,complete,64,1920,0.08697916666666666,161,1747,0,12,0,0.04765625,0.1455794270833333
d2_10_a,d2_10,a,common_grid,missing_peak_ratio,p09,p10,complete,64,1920,0.16744791666666667,318,1595,0,7,0,0.13567708333333334,0.2153776041666666
d2_10_a,d2_10,a,common_grid,missing_peak_ratio,p09,p11,complete,64,1920,0.7114583333333333,1348,536,0,36,0,0.6677018229166667,0.7487044270833333
d2_10_a,d2_10,a,common_grid,missing_peak_ratio,p09,p12,complete,64,1920,0.82109375,1552,319,0,49,0,0.7497395833333333,0.8804752604166667
d2_10_a,d2_10,a,common_grid,missing_peak_ratio,p10,p11,complete,64,1920,0.2,376,1528,0,16,0,0.14947916666666666,0.2669270833333333
d2_10_a,d2_10,a,common_grid,missing_peak_ratio,p10,p12,complete,64,1920,0.29453125,559,1348,0,13,0,0.24400390625,0.35651692708333327
d2_10_a,d2_10,a,common_grid,missing_peak_ratio,p11,p12,complete,64,1920,0.5143229166666666,940,885,0,95,0,0.4437434895833333,0.58412109375
d2_10_b,d2_10,b,native,mse,p08,p09,complete,64,1920,0.6825520833333333,1302,601,0,17,0,0.6442643229166667,0.7161458333333334
d2_10_b,d2_10,b,native,mse,p08,p10,complete,64,1920,0.5846354166666666,1022,697,186,14,1,0.5601497395833334,0.6125
d2_10_b,d2_10,b,native,mse,p08,p11,complete,64,1920,0.9231770833333334,1764,139,0,17,0,0.8330729166666667,0.9984375
d2_10_b,d2_10,b,native,mse,p08,p12,complete,64,1920,0.9,1722,186,0,12,0,0.7994661458333333,0.9937565104166667
d2_10_b,d2_10,b,native,mse,p09,p10,complete,64,1920,0.6791666666666667,1302,614,0,4,0,0.6526041666666667,0.70625
d2_10_b,d2_10,b,native,mse,p09,p11,complete,64,1920,0.8854166666666666,1688,208,0,24,0,0.80728515625,0.95365234375
d2_10_b,d2_10,b,native,mse,p09,p12,complete,64,1920,0.8588541666666667,1636,258,0,26,0,0.7783854166666667,0.9320377604166666
d2_10_b,d2_10,b,native,mse,p10,p11,complete,64,1920,0.94921875,1819,94,0,7,0,0.9015625,0.9875065104166667
d2_10_b,d2_10,b,native,mse,p10,p12,complete,64,1920,0.9346354166666667,1793,124,0,3,0,0.8778580729166666,0.9817708333333334
d2_10_b,d2_10,b,native,mse,p11,p12,complete,64,1920,0.5,0,0,1786,0,134,0.5,0.5
d2_10_b,d2_10,b,native,rmse,p08,p09,complete,64,1920,0.6783854166666666,1294,609,0,17,0,0.64140625,0.7117252604166666
d2_10_b,d2_10,b,native,rmse,p08,p10,complete,64,1920,0.5833333333333334,1017,697,191,14,1,0.559375,0.6114583333333333
d2_10_b,d2_10,b,native,rmse,p08,p11,complete,64,1920,0.9231770833333334,1764,139,0,17,0,0.8330729166666667,0.9984375
d2_10_b,d2_10,b,native,rmse,p08,p12,complete,64,1920,0.9,1722,186,0,12,0,0.7994661458333333,0.9937565104166667
d2_10_b,d2_10,b,native,rmse,p09,p10,complete,64,1920,0.6833333333333333,1310,606,0,4,0,0.6552083333333333,0.7109440104166667
d2_10_b,d2_10,b,native,rmse,p09,p11,complete,64,1920,0.8854166666666666,1688,208,0,24,0,0.80728515625,0.95365234375
d2_10_b,d2_10,b,native,rmse,p09,p12,complete,64,1920,0.8588541666666667,1636,258,0,26,0,0.7783854166666667,0.9320377604166666
d2_10_b,d2_10,b,native,rmse,p10,p11,complete,64,1920,0.94921875,1819,94,0,7,0,0.9015625,0.9875065104166667
d2_10_b,d2_10,b,native,rmse,p10,p12,complete,64,1920,0.9346354166666667,1793,124,0,3,0,0.8778580729166666,0.9817708333333334
d2_10_b,d2_10,b,native,rmse,p11,p12,complete,64,1920,0.5,0,0,1786,0,134,0.5,0.5
d2_10_b,d2_10,b,native,mae,p08,p09,complete,64,1920,0.6596354166666667,1258,645,0,17,0,0.6252408854166667,0.690625
d2_10_b,d2_10,b,native,mae,p08,p10,complete,64,1920,0.5341145833333333,1018,887,0,15,0,0.5049414062500001,0.5674479166666667
d2_10_b,d2_10,b,native,mae,p08,p11,complete,64,1920,0.9231770833333334,1764,139,0,17,0,0.8330729166666667,0.9984375
d2_10_b,d2_10,b,native,mae,p08,p12,complete,64,1920,0.9,1722,186,0,12,0,0.7994661458333333,0.9937565104166667
d2_10_b,d2_10,b,native,mae,p09,p10,complete,64,1920,0.7395833333333334,1418,498,0,4,0,0.71509765625,0.7627669270833334
d2_10_b,d2_10,b,native,mae,p09,p11,complete,64,1920,0.8854166666666666,1688,208,0,24,0,0.80728515625,0.95365234375
d2_10_b,d2_10,b,native,mae,p09,p12,complete,64,1920,0.8588541666666667,1636,258,0,26,0,0.7783854166666667,0.9320377604166666
d2_10_b,d2_10,b,native,mae,p10,p11,complete,64,1920,0.94921875,1819,94,0,7,0,0.9015625,0.9875065104166667
d2_10_b,d2_10,b,native,mae,p10,p12,complete,64,1920,0.9346354166666667,1793,124,0,3,0,0.8778580729166666,0.9817708333333334
d2_10_b,d2_10,b,native,mae,p11,p12,complete,64,1920,0.5,0,0,1786,0,134,0.5,0.5
d2_10_b,d2_10,b,native,sam,p08,p09,complete,64,1920,0.6856770833333333,1308,595,0,17,0,0.6484309895833333,0.7197916666666667
d2_10_b,d2_10,b,native,sam,p08,p10,complete,64,1920,0.5721354166666667,1091,814,0,15,0,0.5377604166666666,0.6073046874999999
d2_10_b,d2_10,b,native,sam,p08,p11,complete,64,1920,0.9231770833333334,1764,139,0,17,0,0.8330729166666667,0.9984375
d2_10_b,d2_10,b,native,sam,p08,p12,complete,64,1920,0.9,1722,186,0,12,0,0.7994661458333333,0.9937565104166667
d2_10_b,d2_10,b,native,sam,p09,p10,complete,64,1920,0.6744791666666666,1293,623,0,4,0,0.6497330729166667,0.7002604166666667
d2_10_b,d2_10,b,native,sam,p09,p11,complete,64,1920,0.8854166666666666,1688,208,0,24,0,0.80728515625,0.95365234375
d2_10_b,d2_10,b,native,sam,p09,p12,complete,64,1920,0.8588541666666667,1636,258,0,26,0,0.7783854166666667,0.9320377604166666
d2_10_b,d2_10,b,native,sam,p10,p11,complete,64,1920,0.94921875,1819,94,0,7,0,0.9015625,0.9875065104166667
d2_10_b,d2_10,b,native,sam,p10,p12,complete,64,1920,0.9346354166666667,1793,124,0,3,0,0.8778580729166666,0.9817708333333334
d2_10_b,d2_10,b,native,sam,p11,p12,complete,64,1920,0.5,0,0,1786,0,134,0.5,0.5
d2_10_b,d2_10,b,native,pearson_r,p08,p09,complete,64,1920,0.6684895833333333,1275,628,0,17,0,0.6351497395833333,0.6984440104166667
d2_10_b,d2_10,b,native,pearson_r,p08,p10,complete,64,1920,0.57109375,1089,816,0,15,0,0.5385416666666667,0.6052083333333333
d2_10_b,d2_10,b,native,pearson_r,p08,p11,complete,64,1920,0.9231770833333334,1764,139,0,17,0,0.8330729166666667,0.9984375
d2_10_b,d2_10,b,native,pearson_r,p08,p12,complete,64,1920,0.9,1722,186,0,12,0,0.7994661458333333,0.9937565104166667
d2_10_b,d2_10,b,native,pearson_r,p09,p10,complete,64,1920,0.6755208333333333,1295,621,0,4,0,0.6546809895833333,0.6966145833333334
d2_10_b,d2_10,b,native,pearson_r,p09,p11,complete,64,1920,0.8854166666666666,1688,208,0,24,0,0.80728515625,0.95365234375
d2_10_b,d2_10,b,native,pearson_r,p09,p12,complete,64,1920,0.8588541666666667,1636,258,0,26,0,0.7783854166666667,0.9320377604166666
d2_10_b,d2_10,b,native,pearson_r,p10,p11,complete,64,1920,0.94921875,1819,94,0,7,0,0.9015625,0.9875065104166667
d2_10_b,d2_10,b,native,pearson_r,p10,p12,complete,64,1920,0.9346354166666667,1793,124,0,3,0,0.8778580729166666,0.9817708333333334
d2_10_b,d2_10,b,native,pearson_r,p11,p12,complete,64,1920,0.5,0,0,1786,0,134,0.5,0.5
d2_10_b,d2_10,b,native,nmse,p08,p09,complete,64,1920,0.6888020833333334,1314,589,0,17,0,0.6520768229166667,0.7216210937499999
d2_10_b,d2_10,b,native,nmse,p08,p10,complete,64,1920,0.5736979166666667,1019,736,150,14,1,0.546875,0.6041666666666666
d2_10_b,d2_10,b,native,nmse,p08,p11,complete,64,1920,0.9231770833333334,1764,139,0,17,0,0.8330729166666667,0.9984375
d2_10_b,d2_10,b,native,nmse,p08,p12,complete,64,1920,0.9,1722,186,0,12,0,0.7994661458333333,0.9937565104166667
d2_10_b,d2_10,b,native,nmse,p09,p10,complete,64,1920,0.6739583333333333,1292,624,0,4,0,0.6473893229166666,0.7013020833333333
d2_10_b,d2_10,b,native,nmse,p09,p11,complete,64,1920,0.8854166666666666,1688,208,0,24,0,0.80728515625,0.95365234375
d2_10_b,d2_10,b,native,nmse,p09,p12,complete,64,1920,0.8588541666666667,1636,258,0,26,0,0.7783854166666667,0.9320377604166666
d2_10_b,d2_10,b,native,nmse,p10,p11,complete,64,1920,0.94921875,1819,94,0,7,0,0.9015625,0.9875065104166667
d2_10_b,d2_10,b,native,nmse,p10,p12,complete,64,1920,0.9346354166666667,1793,124,0,3,0,0.8778580729166666,0.9817708333333334
d2_10_b,d2_10,b,native,nmse,p11,p12,complete,64,1920,0.5,0,0,1786,0,134,0.5,0.5
d2_10_b,d2_10,b,native,wasserstein_1_cm1,p08,p09,complete,64,1920,0.35130208333333335,666,1237,0,17,0,0.29009765625,0.41615234374999993
d2_10_b,d2_10,b,native,wasserstein_1_cm1,p08,p10,complete,64,1920,0.3997395833333333,760,1145,0,15,0,0.36899739583333335,0.4348958333333333
d2_10_b,d2_10,b,native,wasserstein_1_cm1,p08,p11,complete,64,1920,0.9231770833333334,1764,139,0,17,0,0.8330729166666667,0.9984375
d2_10_b,d2_10,b,native,wasserstein_1_cm1,p08,p12,complete,64,1920,0.9,1722,186,0,12,0,0.7994661458333333,0.9937565104166667
d2_10_b,d2_10,b,native,wasserstein_1_cm1,p09,p10,complete,64,1920,0.8432291666666667,1617,299,0,4,0,0.8059895833333334,0.8729231770833333
d2_10_b,d2_10,b,native,wasserstein_1_cm1,p09,p11,complete,64,1920,0.7802083333333333,1486,410,0,24,0,0.7265494791666667,0.8270833333333333
d2_10_b,d2_10,b,native,wasserstein_1_cm1,p09,p12,complete,64,1920,0.8161458333333333,1554,340,0,26,0,0.7497135416666667,0.8729231770833333
d2_10_b,d2_10,b,native,wasserstein_1_cm1,p10,p11,complete,64,1920,0.94921875,1819,94,0,7,0,0.9015625,0.9875065104166667
d2_10_b,d2_10,b,native,wasserstein_1_cm1,p10,p12,complete,64,1920,0.9346354166666667,1793,124,0,3,0,0.8778580729166666,0.9817708333333334
d2_10_b,d2_10,b,native,wasserstein_1_cm1,p11,p12,complete,64,1920,0.35208333333333336,609,1177,0,134,0,0.31953125,0.38958984374999994
d2_10_b,d2_10,b,native,is_like_structure_to_noise,p08,p09,complete,64,1920,0.6658854166666667,1270,633,0,17,0,0.5999869791666667,0.7281315104166667
d2_10_b,d2_10,b,native,is_like_structure_to_noise,p08,p10,complete,64,1920,0.4283854166666667,815,1090,0,15,0,0.39609375,0.4583333333333333
d2_10_b,d2_10,b,native,is_like_structure_to_noise,p08,p11,complete,64,1920,0.07682291666666667,139,1764,0,17,0,0.0015625,0.16692708333333334
d2_10_b,d2_10,b,native,is_like_structure_to_noise,p08,p12,complete,64,1920,0.1,186,1722,0,12,0,0.006243489583333334,0.2005338541666666
d2_10_b,d2_10,b,native,is_like_structure_to_noise,p09,p10,complete,64,1920,0.21822916666666667,417,1499,0,4,0,0.19036458333333334,0.2518229166666667
d2_10_b,d2_10,b,native,is_like_structure_to_noise,p09,p11,complete,64,1920,0.8854166666666666,1688,208,0,24,0,0.80728515625,0.95365234375
d2_10_b,d2_10,b,native,is_like_structure_to_noise,p09,p12,complete,64,1920,0.8588541666666667,1636,258,0,26,0,0.7783854166666667,0.9320377604166666
d2_10_b,d2_10,b,native,is_like_structure_to_noise,p10,p11,complete,64,1920,0.05078125,94,1819,0,7,0,0.012493489583333335,0.0984375
d2_10_b,d2_10,b,native,is_like_structure_to_noise,p10,p12,complete,64,1920,0.06536458333333334,124,1793,0,3,0,0.018229166666666668,0.1221419270833333
d2_10_b,d2_10,b,native,is_like_structure_to_noise,p11,p12,complete,64,1920,0.5,0,0,1786,0,134,0.5,0.5
d2_10_b,d2_10,b,native,precision,p08,p09,complete,64,1920,0.6658854166666667,1270,633,0,17,0,0.5999869791666667,0.7281315104166667
d2_10_b,d2_10,b,native,precision,p08,p10,complete,64,1920,0.8815104166666666,1685,220,0,15,0,0.8380143229166667,0.9182291666666667
d2_10_b,d2_10,b,native,precision,p08,p11,complete,64,1920,0.67890625,1295,608,0,17,0,0.63359375,0.7151041666666667
d2_10_b,d2_10,b,native,precision,p08,p12,complete,64,1920,0.6958333333333333,1330,578,0,12,0,0.6398372395833334,0.7458333333333333
d2_10_b,d2_10,b,native,precision,p09,p10,complete,64,1920,0.24739583333333334,473,1443,0,4,0,0.21953125,0.27996093749999995
d2_10_b,d2_10,b,native,precision,p09,p11,complete,64,1920,0.6927083333333334,1318,578,0,24,0,0.6549479166666666,0.7260546874999999
d2_10_b,d2_10,b,native,precision,p09,p12,complete,64,1920,0.8588541666666667,1636,258,0,26,0,0.7783854166666667,0.9320377604166666
d2_10_b,d2_10,b,native,precision,p10,p11,complete,64,1920,0.7252604166666666,1389,524,0,7,0,0.7026041666666667,0.7440104166666667
d2_10_b,d2_10,b,native,precision,p10,p12,complete,64,1920,0.87890625,1686,231,0,3,0,0.8388020833333333,0.9119791666666667
d2_10_b,d2_10,b,native,precision,p11,p12,complete,64,1920,0.44635416666666666,563,769,454,108,26,0.42239583333333336,0.4711002604166666
d2_10_b,d2_10,b,native,recall,p08,p09,complete,64,1920,0.6658854166666667,1270,633,0,17,0,0.5999869791666667,0.7281315104166667
d2_10_b,d2_10,b,native,recall,p08,p10,complete,64,1920,0.8809895833333333,1684,221,0,15,0,0.84791015625,0.91171875
d2_10_b,d2_10,b,native,recall,p08,p11,complete,64,1920,0.68671875,1310,593,0,17,0,0.6375,0.7270833333333333
d2_10_b,d2_10,b,native,recall,p08,p12,complete,64,1920,0.6958333333333333,1330,578,0,12,0,0.6398372395833334,0.7458333333333333
d2_10_b,d2_10,b,native,recall,p09,p10,complete,64,1920,0.21875,418,1498,0,4,0,0.19114583333333332,0.2520833333333333
d2_10_b,d2_10,b,native,recall,p09,p11,complete,64,1920,0.70625,1344,552,0,24,0,0.6669270833333333,0.740625
d2_10_b,d2_10,b,native,recall,p09,p12,complete,64,1920,0.8588541666666667,1636,258,0,26,0,0.7783854166666667,0.9320377604166666
d2_10_b,d2_10,b,native,recall,p10,p11,complete,64,1920,0.7252604166666666,1389,524,0,7,0,0.7026041666666667,0.7440104166666667
d2_10_b,d2_10,b,native,recall,p10,p12,complete,64,1920,0.8731770833333333,1675,242,0,3,0,0.8330729166666667,0.90625
d2_10_b,d2_10,b,native,recall,p11,p12,complete,64,1920,0.44635416666666666,563,769,454,108,26,0.42239583333333336,0.4711002604166666
d2_10_b,d2_10,b,native,f1,p08,p09,complete,64,1920,0.6658854166666667,1270,633,0,17,0,0.5999869791666667,0.7281315104166667
d2_10_b,d2_10,b,native,f1,p08,p10,complete,64,1920,0.88671875,1695,210,0,15,0,0.85,0.9179752604166667
d2_10_b,d2_10,b,native,f1,p08,p11,complete,64,1920,0.6877604166666667,1312,591,0,17,0,0.6380078125,0.728125
d2_10_b,d2_10,b,native,f1,p08,p12,complete,64,1920,0.6958333333333333,1330,578,0,12,0,0.6398372395833334,0.7458333333333333
d2_10_b,d2_10,b,native,f1,p09,p10,complete,64,1920,0.23177083333333334,443,1473,0,4,0,0.20520182291666667,0.26380859374999993
d2_10_b,d2_10,b,native,f1,p09,p11,complete,64,1920,0.7010416666666667,1334,562,0,24,0,0.6640559895833333,0.73359375
d2_10_b,d2_10,b,native,f1,p09,p12,complete,64,1920,0.8588541666666667,1636,258,0,26,0,0.7783854166666667,0.9320377604166666
d2_10_b,d2_10,b,native,f1,p10,p11,complete,64,1920,0.7252604166666666,1389,524,0,7,0,0.7026041666666667,0.7440104166666667
d2_10_b,d2_10,b,native,f1,p10,p12,complete,64,1920,0.8794270833333333,1687,230,0,3,0,0.83982421875,0.9125
d2_10_b,d2_10,b,native,f1,p11,p12,complete,64,1920,0.44635416666666666,563,769,454,108,26,0.42239583333333336,0.4711002604166666
d2_10_b,d2_10,b,native,artifact_peak_ratio,p08,p09,complete,64,1920,0.6658854166666667,1270,633,0,17,0,0.5999869791666667,0.7281315104166667
d2_10_b,d2_10,b,native,artifact_peak_ratio,p08,p10,complete,64,1920,0.8815104166666666,1685,220,0,15,0,0.8380143229166667,0.9182291666666667
d2_10_b,d2_10,b,native,artifact_peak_ratio,p08,p11,complete,64,1920,0.67890625,1295,608,0,17,0,0.63359375,0.7151041666666667
d2_10_b,d2_10,b,native,artifact_peak_ratio,p08,p12,complete,64,1920,0.6958333333333333,1330,578,0,12,0,0.6398372395833334,0.7458333333333333
d2_10_b,d2_10,b,native,artifact_peak_ratio,p09,p10,complete,64,1920,0.24739583333333334,473,1443,0,4,0,0.21953125,0.27996093749999995
d2_10_b,d2_10,b,native,artifact_peak_ratio,p09,p11,complete,64,1920,0.6927083333333334,1318,578,0,24,0,0.6549479166666666,0.7260546874999999
d2_10_b,d2_10,b,native,artifact_peak_ratio,p09,p12,complete,64,1920,0.8588541666666667,1636,258,0,26,0,0.7783854166666667,0.9320377604166666
d2_10_b,d2_10,b,native,artifact_peak_ratio,p10,p11,complete,64,1920,0.7252604166666666,1389,524,0,7,0,0.7026041666666667,0.7440104166666667
d2_10_b,d2_10,b,native,artifact_peak_ratio,p10,p12,complete,64,1920,0.87890625,1686,231,0,3,0,0.8388020833333333,0.9119791666666667
d2_10_b,d2_10,b,native,artifact_peak_ratio,p11,p12,complete,64,1920,0.44635416666666666,563,769,454,108,26,0.42239583333333336,0.4711002604166666
d2_10_b,d2_10,b,native,missing_peak_ratio,p08,p09,complete,64,1920,0.6658854166666667,1270,633,0,17,0,0.5999869791666667,0.7281315104166667
d2_10_b,d2_10,b,native,missing_peak_ratio,p08,p10,complete,64,1920,0.8809895833333333,1684,221,0,15,0,0.84791015625,0.91171875
d2_10_b,d2_10,b,native,missing_peak_ratio,p08,p11,complete,64,1920,0.68671875,1310,593,0,17,0,0.6375,0.7270833333333333
d2_10_b,d2_10,b,native,missing_peak_ratio,p08,p12,complete,64,1920,0.6958333333333333,1330,578,0,12,0,0.6398372395833334,0.7458333333333333
d2_10_b,d2_10,b,native,missing_peak_ratio,p09,p10,complete,64,1920,0.21875,418,1498,0,4,0,0.19114583333333332,0.2520833333333333
d2_10_b,d2_10,b,native,missing_peak_ratio,p09,p11,complete,64,1920,0.70625,1344,552,0,24,0,0.6669270833333333,0.740625
d2_10_b,d2_10,b,native,missing_peak_ratio,p09,p12,complete,64,1920,0.8588541666666667,1636,258,0,26,0,0.7783854166666667,0.9320377604166666
d2_10_b,d2_10,b,native,missing_peak_ratio,p10,p11,complete,64,1920,0.7252604166666666,1389,524,0,7,0,0.7026041666666667,0.7440104166666667
d2_10_b,d2_10,b,native,missing_peak_ratio,p10,p12,complete,64,1920,0.8731770833333333,1675,242,0,3,0,0.8330729166666667,0.90625
d2_10_b,d2_10,b,native,missing_peak_ratio,p11,p12,complete,64,1920,0.44635416666666666,563,769,454,108,26,0.42239583333333336,0.4711002604166666
d2_10_b,d2_10,b,common_grid,mse,p08,p09,complete,64,1920,0.70546875,1346,557,0,17,0,0.6692708333333334,0.73646484375
d2_10_b,d2_10,b,common_grid,mse,p08,p10,complete,64,1920,0.6341145833333334,1210,695,0,15,0,0.6138020833333333,0.65859375
d2_10_b,d2_10,b,common_grid,mse,p08,p11,complete,64,1920,0.6778645833333333,1293,610,0,17,0,0.6299414062500001,0.7177083333333333
d2_10_b,d2_10,b,common_grid,mse,p08,p12,complete,64,1920,0.7666666666666667,1466,442,0,12,0,0.6908723958333334,0.8338541666666667
d2_10_b,d2_10,b,common_grid,mse,p09,p10,complete,64,1920,0.6385416666666667,1224,692,0,4,0,0.6171875,0.6625
d2_10_b,d2_10,b,common_grid,mse,p09,p11,complete,64,1920,0.6932291666666667,1319,577,0,24,0,0.64712890625,0.7322916666666667
d2_10_b,d2_10,b,common_grid,mse,p09,p12,complete,64,1920,0.76875,1463,431,0,26,0,0.7122265625,0.81693359375
d2_10_b,d2_10,b,common_grid,mse,p10,p11,complete,64,1920,0.7325520833333333,1403,510,0,7,0,0.71041015625,0.7578125
d2_10_b,d2_10,b,common_grid,mse,p10,p12,complete,64,1920,0.82578125,1584,333,0,3,0,0.80078125,0.8453125
d2_10_b,d2_10,b,common_grid,mse,p11,p12,complete,64,1920,0.3098958333333333,528,1258,0,134,0,0.27108723958333336,0.3541731770833333
d2_10_b,d2_10,b,common_grid,rmse,p08,p09,complete,64,1920,0.70546875,1346,557,0,17,0,0.6692708333333334,0.73646484375
d2_10_b,d2_10,b,common_grid,rmse,p08,p10,complete,64,1920,0.6341145833333334,1210,695,0,15,0,0.6138020833333333,0.65859375
d2_10_b,d2_10,b,common_grid,rmse,p08,p11,complete,64,1920,0.6778645833333333,1293,610,0,17,0,0.6291666666666667,0.7182291666666667
d2_10_b,d2_10,b,common_grid,rmse,p08,p12,complete,64,1920,0.7677083333333333,1468,440,0,12,0,0.6911458333333333,0.8348958333333333
d2_10_b,d2_10,b,common_grid,rmse,p09,p10,complete,64,1920,0.6489583333333333,1244,672,0,4,0,0.6255143229166666,0.67421875
d2_10_b,d2_10,b,common_grid,rmse,p09,p11,complete,64,1920,0.6932291666666667,1319,577,0,24,0,0.64712890625,0.7322916666666667
d2_10_b,d2_10,b,common_grid,rmse,p09,p12,complete,64,1920,0.76875,1463,431,0,26,0,0.7122265625,0.81693359375
d2_10_b,d2_10,b,common_grid,rmse,p10,p11,complete,64,1920,0.7330729166666666,1404,509,0,7,0,0.7109375,0.7580729166666667
d2_10_b,d2_10,b,common_grid,rmse,p10,p12,complete,64,1920,0.82578125,1584,333,0,3,0,0.80078125,0.8453125
d2_10_b,d2_10,b,common_grid,rmse,p11,p12,complete,64,1920,0.3098958333333333,528,1258,0,134,0,0.27108723958333336,0.3541731770833333
d2_10_b,d2_10,b,common_grid,mae,p08,p09,complete,64,1920,0.6596354166666667,1258,645,0,17,0,0.6252408854166667,0.690625
d2_10_b,d2_10,b,common_grid,mae,p08,p10,complete,64,1920,0.5341145833333333,1018,887,0,15,0,0.5049414062500001,0.5674479166666667
d2_10_b,d2_10,b,common_grid,mae,p08,p11,complete,64,1920,0.6888020833333334,1314,589,0,17,0,0.6395768229166666,0.7296875
d2_10_b,d2_10,b,common_grid,mae,p08,p12,complete,64,1920,0.7864583333333334,1504,404,0,12,0,0.7059700520833333,0.8575520833333333
d2_10_b,d2_10,b,common_grid,mae,p09,p10,complete,64,1920,0.728125,1396,520,0,4,0,0.7013020833333333,0.75130859375
d2_10_b,d2_10,b,common_grid,mae,p09,p11,complete,64,1920,0.6942708333333333,1321,575,0,24,0,0.64765625,0.7330794270833333
d2_10_b,d2_10,b,common_grid,mae,p09,p12,complete,64,1920,0.78125,1487,407,0,26,0,0.7239388020833334,0.8315169270833334
d2_10_b,d2_10,b,common_grid,mae,p10,p11,complete,64,1920,0.73515625,1408,505,0,7,0,0.7132747395833333,0.7598958333333333
d2_10_b,d2_10,b,common_grid,mae,p10,p12,complete,64,1920,0.8424479166666666,1616,301,0,3,0,0.8127604166666667,0.8661458333333333
d2_10_b,d2_10,b,common_grid,mae,p11,p12,complete,64,1920,0.2859375,482,1304,0,134,0,0.24556640625,0.33229166666666665
d2_10_b,d2_10,b,common_grid,sam,p08,p09,complete,64,1920,0.7033854166666667,1342,561,0,17,0,0.6671809895833334,0.7346354166666667
d2_10_b,d2_10,b,common_grid,sam,p08,p10,complete,64,1920,0.63046875,1203,702,0,15,0,0.609375,0.6544270833333333
d2_10_b,d2_10,b,common_grid,sam,p08,p11,complete,64,1920,0.6674479166666667,1273,630,0,17,0,0.6200520833333333,0.7057291666666666
d2_10_b,d2_10,b,common_grid,sam,p08,p12,complete,64,1920,0.7640625,1461,447,0,12,0,0.68931640625,0.8307291666666666
d2_10_b,d2_10,b,common_grid,sam,p09,p10,complete,64,1920,0.6536458333333334,1253,663,0,4,0,0.6309830729166667,0.67734375
d2_10_b,d2_10,b,common_grid,sam,p09,p11,complete,64,1920,0.6885416666666667,1310,586,0,24,0,0.6447916666666667,0.7263020833333333
d2_10_b,d2_10,b,common_grid,sam,p09,p12,complete,64,1920,0.7661458333333333,1458,436,0,26,0,0.7093684895833333,0.8140625
d2_10_b,d2_10,b,common_grid,sam,p10,p11,complete,64,1920,0.7221354166666667,1383,530,0,7,0,0.6981770833333333,0.7484375
d2_10_b,d2_10,b,common_grid,sam,p10,p12,complete,64,1920,0.82265625,1578,339,0,3,0,0.7976432291666666,0.8421875
d2_10_b,d2_10,b,common_grid,sam,p11,p12,complete,64,1920,0.3104166666666667,529,1257,0,134,0,0.27109375,0.35521484374999995
d2_10_b,d2_10,b,common_grid,pearson_r,p08,p09,complete,64,1920,0.6736979166666667,1285,618,0,17,0,0.6395833333333333,0.7041731770833334
d2_10_b,d2_10,b,common_grid,pearson_r,p08,p10,complete,64,1920,0.5783854166666667,1103,802,0,15,0,0.5463541666666667,0.61146484375
d2_10_b,d2_10,b,common_grid,pearson_r,p08,p11,complete,64,1920,0.5721354166666667,1090,813,0,17,0,0.53203125,0.6106770833333334
d2_10_b,d2_10,b,common_grid,pearson_r,p08,p12,complete,64,1920,0.7526041666666666,1439,469,0,12,0,0.67890625,0.8161458333333333
d2_10_b,d2_10,b,common_grid,pearson_r,p09,p10,complete,64,1920,0.66875,1282,634,0,4,0,0.64609375,0.69115234375
d2_10_b,d2_10,b,common_grid,pearson_r,p09,p11,complete,64,1920,0.5994791666666667,1139,757,0,24,0,0.5526041666666667,0.64662109375
d2_10_b,d2_10,b,common_grid,pearson_r,p09,p12,complete,64,1920,0.7552083333333334,1437,457,0,26,0,0.70181640625,0.8005338541666666
d2_10_b,d2_10,b,common_grid,pearson_r,p10,p11,complete,64,1920,0.6143229166666667,1176,737,0,7,0,0.57734375,0.65703125
d2_10_b,d2_10,b,common_grid,pearson_r,p10,p12,complete,64,1920,0.8106770833333333,1555,362,0,3,0,0.7874934895833333,0.8296940104166667
d2_10_b,d2_10,b,common_grid,pearson_r,p11,p12,complete,64,1920,0.309375,527,1259,0,134,0,0.27005208333333336,0.35418619791666656
d2_10_b,d2_10,b,common_grid,nmse,p08,p09,complete,64,1920,0.70546875,1346,557,0,17,0,0.6692708333333334,0.73646484375
d2_10_b,d2_10,b,common_grid,nmse,p08,p10,complete,64,1920,0.6341145833333334,1210,695,0,15,0,0.6138020833333333,0.65859375
d2_10_b,d2_10,b,common_grid,nmse,p08,p11,complete,64,1920,0.67578125,1289,614,0,17,0,0.6268098958333334,0.7156315104166666
d2_10_b,d2_10,b,common_grid,nmse,p08,p12,complete,64,1920,0.7671875,1467,441,0,12,0,0.6927018229166667,0.8338541666666667
d2_10_b,d2_10,b,common_grid,nmse,p09,p10,complete,64,1920,0.6427083333333333,1232,684,0,4,0,0.6208333333333333,0.6666666666666666
d2_10_b,d2_10,b,common_grid,nmse,p09,p11,complete,64,1920,0.6911458333333333,1315,581,0,24,0,0.6450455729166666,0.73046875
d2_10_b,d2_10,b,common_grid,nmse,p09,p12,complete,64,1920,0.7682291666666666,1462,432,0,26,0,0.7114518229166666,0.8166666666666667
d2_10_b,d2_10,b,common_grid,nmse,p10,p11,complete,64,1920,0.72890625,1396,517,0,7,0,0.70572265625,0.7546940104166666
d2_10_b,d2_10,b,common_grid,nmse,p10,p12,complete,64,1920,0.8252604166666667,1583,334,0,3,0,0.80025390625,0.8442708333333333
d2_10_b,d2_10,b,common_grid,nmse,p11,p12,complete,64,1920,0.3109375,530,1256,0,134,0,0.271875,0.35572916666666665
d2_10_b,d2_10,b,common_grid,wasserstein_1_cm1,p08,p09,complete,64,1920,0.35182291666666665,667,1236,0,17,0,0.29112630208333334,0.41693359374999994
d2_10_b,d2_10,b,common_grid,wasserstein_1_cm1,p08,p10,complete,64,1920,0.3997395833333333,760,1145,0,15,0,0.36899739583333335,0.4348958333333333
d2_10_b,d2_10,b,common_grid,wasserstein_1_cm1,p08,p11,complete,64,1920,0.9231770833333334,1764,139,0,17,0,0.8330729166666667,0.9984375
d2_10_b,d2_10,b,common_grid,wasserstein_1_cm1,p08,p12,complete,64,1920,0.9,1722,186,0,12,0,0.7994661458333333,0.9937565104166667
d2_10_b,d2_10,b,common_grid,wasserstein_1_cm1,p09,p10,complete,64,1920,0.84375,1618,298,0,4,0,0.8065104166666667,0.8737044270833333
d2_10_b,d2_10,b,common_grid,wasserstein_1_cm1,p09,p11,complete,64,1920,0.8708333333333333,1660,236,0,24,0,0.7966015625,0.93490234375
d2_10_b,d2_10,b,common_grid,wasserstein_1_cm1,p09,p12,complete,64,1920,0.8588541666666667,1636,258,0,26,0,0.7783854166666667,0.9320377604166666
d2_10_b,d2_10,b,common_grid,wasserstein_1_cm1,p10,p11,complete,64,1920,0.94921875,1819,94,0,7,0,0.9015625,0.9875065104166667
d2_10_b,d2_10,b,common_grid,wasserstein_1_cm1,p10,p12,complete,64,1920,0.9346354166666667,1793,124,0,3,0,0.8778580729166666,0.9817708333333334
d2_10_b,d2_10,b,common_grid,wasserstein_1_cm1,p11,p12,complete,64,1920,0.3390625,584,1202,0,134,0,0.30285807291666667,0.3804752604166666
d2_10_b,d2_10,b,common_grid,is_like_structure_to_noise,p08,p09,complete,64,1920,0.6658854166666667,1270,633,0,17,0,0.5999869791666667,0.7281315104166667
d2_10_b,d2_10,b,common_grid,is_like_structure_to_noise,p08,p10,complete,64,1920,0.41328125,786,1119,0,15,0,0.3817578125,0.44244791666666666
d2_10_b,d2_10,b,common_grid,is_like_structure_to_noise,p08,p11,complete,64,1920,0.47994791666666664,913,990,0,17,0,0.46041666666666664,0.5005208333333333
d2_10_b,d2_10,b,common_grid,is_like_structure_to_noise,p08,p12,complete,64,1920,0.4046875,771,1137,0,12,0,0.37681640625,0.43645833333333334
d2_10_b,d2_10,b,common_grid,is_like_structure_to_noise,p09,p10,complete,64,1920,0.21822916666666667,417,1499,0,4,0,0.19036458333333334,0.2518229166666667
d2_10_b,d2_10,b,common_grid,is_like_structure_to_noise,p09,p11,complete,64,1920,0.8854166666666666,1688,208,0,24,0,0.80728515625,0.95365234375
d2_10_b,d2_10,b,common_grid,is_like_structure_to_noise,p09,p12,complete,64,1920,0.8588541666666667,1636,258,0,26,0,0.7783854166666667,0.9320377604166666
d2_10_b,d2_10,b,common_grid,is_like_structure_to_noise,p10,p11,complete,64,1920,0.43776041666666665,837,1076,0,7,0,0.4057161458333333,0.4669270833333333
d2_10_b,d2_10,b,common_grid,is_like_structure_to_noise,p10,p12,complete,64,1920,0.34296875,657,1260,0,3,0,0.3078125,0.37448567708333325
d2_10_b,d2_10,b,common_grid,is_like_structure_to_noise,p11,p12,complete,64,1920,0.6828125,1244,542,0,134,0,0.6427018229166667,0.7226627604166667
d2_10_b,d2_10,b,common_grid,precision,p08,p09,complete,64,1920,0.6658854166666667,1270,633,0,17,0,0.5999869791666667,0.7281315104166667
d2_10_b,d2_10,b,common_grid,precision,p08,p10,complete,64,1920,0.87890625,1680,225,0,15,0,0.8369726562500001,0.9161458333333333
d2_10_b,d2_10,b,common_grid,precision,p08,p11,complete,64,1920,0.07682291666666667,139,1764,0,17,0,0.0015625,0.16692708333333334
d2_10_b,d2_10,b,common_grid,precision,p08,p12,complete,64,1920,0.1,186,1722,0,12,0,0.006243489583333334,0.2005338541666666
d2_10_b,d2_10,b,common_grid,precision,p09,p10,complete,64,1920,0.24739583333333334,473,1443,0,4,0,0.21979166666666666,0.2799479166666667
d2_10_b,d2_10,b,common_grid,precision,p09,p11,complete,64,1920,0.6145833333333334,1168,728,0,24,0,0.5869726562500001,0.63828125
d2_10_b,d2_10,b,common_grid,precision,p09,p12,complete,64,1920,0.8223958333333333,1566,328,0,26,0,0.7551953125,0.8807421874999999
d2_10_b,d2_10,b,common_grid,precision,p10,p11,complete,64,1920,0.14973958333333334,284,1629,0,7,0,0.11041015625,0.1987044270833333
d2_10_b,d2_10,b,common_grid,precision,p10,p12,complete,64,1920,0.30755208333333334,589,1328,0,3,0,0.25806640625,0.36432942708333327
d2_10_b,d2_10,b,common_grid,precision,p11,p12,complete,64,1920,0.2671875,446,1340,0,134,0,0.23020833333333332,0.3083463541666666
d2_10_b,d2_10,b,common_grid,recall,p08,p09,complete,64,1920,0.6658854166666667,1270,633,0,17,0,0.5999869791666667,0.7281315104166667
d2_10_b,d2_10,b,common_grid,recall,p08,p10,complete,64,1920,0.8846354166666667,1691,214,0,15,0,0.8505208333333333,0.91640625
d2_10_b,d2_10,b,common_grid,recall,p08,p11,complete,64,1920,0.07682291666666667,139,1764,0,17,0,0.0015625,0.16692708333333334
d2_10_b,d2_10,b,common_grid,recall,p08,p12,complete,64,1920,0.1140625,213,1695,0,12,0,0.027083333333333334,0.21252604166666653
d2_10_b,d2_10,b,common_grid,recall,p09,p10,complete,64,1920,0.21927083333333333,419,1497,0,4,0,0.19140625,0.2523502604166666
d2_10_b,d2_10,b,common_grid,recall,p09,p11,complete,64,1920,0.6927083333333334,1318,578,0,24,0,0.6541666666666667,0.7247395833333333
d2_10_b,d2_10,b,common_grid,recall,p09,p12,complete,64,1920,0.8385416666666666,1597,297,0,26,0,0.7630143229166667,0.90390625
d2_10_b,d2_10,b,common_grid,recall,p10,p11,complete,64,1920,0.15026041666666667,285,1628,0,7,0,0.10858723958333334,0.2002669270833333
d2_10_b,d2_10,b,common_grid,recall,p10,p12,complete,64,1920,0.29140625,558,1359,0,3,0,0.24322265625,0.34637369791666656
d2_10_b,d2_10,b,common_grid,recall,p11,p12,complete,64,1920,0.271875,455,1331,0,134,0,0.23514973958333335,0.31171875
d2_10_b,d2_10,b,common_grid,f1,p08,p09,complete,64,1920,0.6658854166666667,1270,633,0,17,0,0.5999869791666667,0.7281315104166667
d2_10_b,d2_10,b,common_grid,f1,p08,p10,complete,64,1920,0.88984375,1701,204,0,15,0,0.8523372395833333,0.9229166666666667
d2_10_b,d2_10,b,common_grid,f1,p08,p11,complete,64,1920,0.07682291666666667,139,1764,0,17,0,0.0015625,0.16692708333333334
d2_10_b,d2_10,b,common_grid,f1,p08,p12,complete,64,1920,0.1,186,1722,0,12,0,0.006243489583333334,0.2005338541666666
d2_10_b,d2_10,b,common_grid,f1,p09,p10,complete,64,1920,0.23177083333333334,443,1473,0,4,0,0.20546875,0.2632877604166666
d2_10_b,d2_10,b,common_grid,f1,p09,p11,complete,64,1920,0.6640625,1263,633,0,24,0,0.63046875,0.6937565104166666
d2_10_b,d2_10,b,common_grid,f1,p09,p12,complete,64,1920,0.8260416666666667,1573,321,0,26,0,0.7552018229166667,0.8877734374999999
d2_10_b,d2_10,b,common_grid,f1,p10,p11,complete,64,1920,0.14817708333333332,281,1632,0,7,0,0.10911458333333333,0.19609375
d2_10_b,d2_10,b,common_grid,f1,p10,p12,complete,64,1920,0.30078125,576,1341,0,3,0,0.2520703125,0.35783203124999985
d2_10_b,d2_10,b,common_grid,f1,p11,p12,complete,64,1920,0.2708333333333333,453,1333,0,134,0,0.23384114583333335,0.31146484374999994
d2_10_b,d2_10,b,common_grid,artifact_peak_ratio,p08,p09,complete,64,1920,0.6658854166666667,1270,633,0,17,0,0.5999869791666667,0.7281315104166667
d2_10_b,d2_10,b,common_grid,artifact_peak_ratio,p08,p10,complete,64,1920,0.87890625,1680,225,0,15,0,0.8369726562500001,0.9161458333333333
d2_10_b,d2_10,b,common_grid,artifact_peak_ratio,p08,p11,complete,64,1920,0.07682291666666667,139,1764,0,17,0,0.0015625,0.16692708333333334
d2_10_b,d2_10,b,common_grid,artifact_peak_ratio,p08,p12,complete,64,1920,0.1,186,1722,0,12,0,0.006243489583333334,0.2005338541666666
d2_10_b,d2_10,b,common_grid,artifact_peak_ratio,p09,p10,complete,64,1920,0.24739583333333334,473,1443,0,4,0,0.21979166666666666,0.2799479166666667
d2_10_b,d2_10,b,common_grid,artifact_peak_ratio,p09,p11,complete,64,1920,0.6145833333333334,1168,728,0,24,0,0.5869726562500001,0.63828125
d2_10_b,d2_10,b,common_grid,artifact_peak_ratio,p09,p12,complete,64,1920,0.8223958333333333,1566,328,0,26,0,0.7551953125,0.8807421874999999
d2_10_b,d2_10,b,common_grid,artifact_peak_ratio,p10,p11,complete,64,1920,0.14973958333333334,284,1629,0,7,0,0.11041015625,0.1987044270833333
d2_10_b,d2_10,b,common_grid,artifact_peak_ratio,p10,p12,complete,64,1920,0.30755208333333334,589,1328,0,3,0,0.25806640625,0.36432942708333327
d2_10_b,d2_10,b,common_grid,artifact_peak_ratio,p11,p12,complete,64,1920,0.2671875,446,1340,0,134,0,0.23020833333333332,0.3083463541666666
d2_10_b,d2_10,b,common_grid,missing_peak_ratio,p08,p09,complete,64,1920,0.6658854166666667,1270,633,0,17,0,0.5999869791666667,0.7281315104166667
d2_10_b,d2_10,b,common_grid,missing_peak_ratio,p08,p10,complete,64,1920,0.8846354166666667,1691,214,0,15,0,0.8505208333333333,0.91640625
d2_10_b,d2_10,b,common_grid,missing_peak_ratio,p08,p11,complete,64,1920,0.07682291666666667,139,1764,0,17,0,0.0015625,0.16692708333333334
d2_10_b,d2_10,b,common_grid,missing_peak_ratio,p08,p12,complete,64,1920,0.1140625,213,1695,0,12,0,0.027083333333333334,0.21252604166666653
d2_10_b,d2_10,b,common_grid,missing_peak_ratio,p09,p10,complete,64,1920,0.21927083333333333,419,1497,0,4,0,0.19140625,0.2523502604166666
d2_10_b,d2_10,b,common_grid,missing_peak_ratio,p09,p11,complete,64,1920,0.6927083333333334,1318,578,0,24,0,0.6541666666666667,0.7247395833333333
d2_10_b,d2_10,b,common_grid,missing_peak_ratio,p09,p12,complete,64,1920,0.8385416666666666,1597,297,0,26,0,0.7630143229166667,0.90390625
d2_10_b,d2_10,b,common_grid,missing_peak_ratio,p10,p11,complete,64,1920,0.15026041666666667,285,1628,0,7,0,0.10858723958333334,0.2002669270833333
d2_10_b,d2_10,b,common_grid,missing_peak_ratio,p10,p12,complete,64,1920,0.29140625,558,1359,0,3,0,0.24322265625,0.34637369791666656
d2_10_b,d2_10,b,common_grid,missing_peak_ratio,p11,p12,complete,64,1920,0.271875,455,1331,0,134,0,0.23514973958333335,0.31171875
d2_20_a,d2_20,a,native,mse,p08,p09,complete,64,1920,0.65625,1251,651,0,18,0,0.6231770833333333,0.69193359375
d2_20_a,d2_20,a,native,mse,p08,p10,complete,64,1920,0.821875,1482,246,184,5,3,0.7817708333333333,0.8557291666666667
d2_20_a,d2_20,a,native,mse,p08,p11,complete,64,1920,0.8572916666666667,1638,266,0,16,0,0.7773372395833333,0.9190299479166666
d2_20_a,d2_20,a,native,mse,p08,p12,complete,64,1920,0.9197916666666667,1753,141,0,26,0,0.84765625,0.96640625
d2_20_a,d2_20,a,native,mse,p09,p10,complete,64,1920,0.6190104166666667,1186,729,0,5,0,0.5927083333333333,0.6463541666666667
d2_20_a,d2_20,a,native,mse,p09,p11,complete,64,1920,0.67734375,1274,593,0,53,0,0.5757552083333334,0.7784374999999998
d2_20_a,d2_20,a,native,mse,p09,p12,complete,64,1920,0.7932291666666667,1487,361,0,72,0,0.7192708333333333,0.8627799479166666
d2_20_a,d2_20,a,native,mse,p10,p11,complete,64,1920,0.8861979166666667,1696,213,0,11,0,0.8122395833333333,0.9385481770833334
d2_20_a,d2_20,a,native,mse,p10,p12,complete,64,1920,0.9348958333333334,1787,117,0,16,0,0.8617057291666667,0.9786458333333333
d2_20_a,d2_20,a,native,mse,p11,p12,complete,64,1920,0.5,0,0,1779,0,141,0.5,0.5
d2_20_a,d2_20,a,native,rmse,p08,p09,complete,64,1920,0.6604166666666667,1259,643,0,18,0,0.6270638020833333,0.6961002604166666
d2_20_a,d2_20,a,native,rmse,p08,p10,complete,64,1920,0.8223958333333333,1480,242,190,6,2,0.7802083333333333,0.85703125
d2_20_a,d2_20,a,native,rmse,p08,p11,complete,64,1920,0.8572916666666667,1638,266,0,16,0,0.7773372395833333,0.9190299479166666
d2_20_a,d2_20,a,native,rmse,p08,p12,complete,64,1920,0.9197916666666667,1753,141,0,26,0,0.84765625,0.96640625
d2_20_a,d2_20,a,native,rmse,p09,p10,complete,64,1920,0.6231770833333333,1194,721,0,5,0,0.59609375,0.6502669270833333
d2_20_a,d2_20,a,native,rmse,p09,p11,complete,64,1920,0.67734375,1274,593,0,53,0,0.5757552083333334,0.7784374999999998
d2_20_a,d2_20,a,native,rmse,p09,p12,complete,64,1920,0.7932291666666667,1487,361,0,72,0,0.7192708333333333,0.8627799479166666
d2_20_a,d2_20,a,native,rmse,p10,p11,complete,64,1920,0.8861979166666667,1696,213,0,11,0,0.8122395833333333,0.9385481770833334
d2_20_a,d2_20,a,native,rmse,p10,p12,complete,64,1920,0.9348958333333334,1787,117,0,16,0,0.8617057291666667,0.9786458333333333
d2_20_a,d2_20,a,native,rmse,p11,p12,complete,64,1920,0.5,0,0,1779,0,141,0.5,0.5
d2_20_a,d2_20,a,native,mae,p08,p09,complete,64,1920,0.7223958333333333,1378,524,0,18,0,0.6937434895833333,0.7486979166666666
d2_20_a,d2_20,a,native,mae,p08,p10,complete,64,1920,0.8140625,1559,353,0,8,0,0.76978515625,0.8489583333333334
d2_20_a,d2_20,a,native,mae,p08,p11,complete,64,1920,0.8572916666666667,1638,266,0,16,0,0.7773372395833333,0.9190299479166666
d2_20_a,d2_20,a,native,mae,p08,p12,complete,64,1920,0.9197916666666667,1753,141,0,26,0,0.84765625,0.96640625
d2_20_a,d2_20,a,native,mae,p09,p10,complete,64,1920,0.6794270833333333,1302,613,0,5,0,0.6578059895833334,0.6987044270833334
d2_20_a,d2_20,a,native,mae,p09,p11,complete,64,1920,0.67734375,1274,593,0,53,0,0.5757552083333334,0.7784374999999998
d2_20_a,d2_20,a,native,mae,p09,p12,complete,64,1920,0.7932291666666667,1487,361,0,72,0,0.7192708333333333,0.8627799479166666
d2_20_a,d2_20,a,native,mae,p10,p11,complete,64,1920,0.8861979166666667,1696,213,0,11,0,0.8122395833333333,0.9385481770833334
d2_20_a,d2_20,a,native,mae,p10,p12,complete,64,1920,0.9348958333333334,1787,117,0,16,0,0.8617057291666667,0.9786458333333333
d2_20_a,d2_20,a,native,mae,p11,p12,complete,64,1920,0.5,0,0,1779,0,141,0.5,0.5
d2_20_a,d2_20,a,native,sam,p08,p09,complete,64,1920,0.6515625,1242,660,0,18,0,0.61951171875,0.6885416666666667
d2_20_a,d2_20,a,native,sam,p08,p10,complete,64,1920,0.8161458333333333,1563,349,0,8,0,0.76900390625,0.8557356770833333
d2_20_a,d2_20,a,native,sam,p08,p11,complete,64,1920,0.8572916666666667,1638,266,0,16,0,0.7773372395833333,0.9190299479166666
d2_20_a,d2_20,a,native,sam,p08,p12,complete,64,1920,0.9197916666666667,1753,141,0,26,0,0.84765625,0.96640625
d2_20_a,d2_20,a,native,sam,p09,p10,complete,64,1920,0.61171875,1172,743,0,5,0,0.58462890625,0.6403645833333333
d2_20_a,d2_20,a,native,sam,p09,p11,complete,64,1920,0.67734375,1274,593,0,53,0,0.5757552083333334,0.7784374999999998
d2_20_a,d2_20,a,native,sam,p09,p12,complete,64,1920,0.7932291666666667,1487,361,0,72,0,0.7192708333333333,0.8627799479166666
d2_20_a,d2_20,a,native,sam,p10,p11,complete,64,1920,0.8861979166666667,1696,213,0,11,0,0.8122395833333333,0.9385481770833334
d2_20_a,d2_20,a,native,sam,p10,p12,complete,64,1920,0.9348958333333334,1787,117,0,16,0,0.8617057291666667,0.9786458333333333
d2_20_a,d2_20,a,native,sam,p11,p12,complete,64,1920,0.5,0,0,1779,0,141,0.5,0.5
d2_20_a,d2_20,a,native,pearson_r,p08,p09,complete,64,1920,0.6697916666666667,1277,625,0,18,0,0.6416601562500001,0.70078125
d2_20_a,d2_20,a,native,pearson_r,p08,p10,complete,64,1920,0.8119791666666667,1555,357,0,8,0,0.76587890625,0.8502669270833333
d2_20_a,d2_20,a,native,pearson_r,p08,p11,complete,64,1920,0.8572916666666667,1638,266,0,16,0,0.7773372395833333,0.9190299479166666
d2_20_a,d2_20,a,native,pearson_r,p08,p12,complete,64,1920,0.9197916666666667,1753,141,0,26,0,0.84765625,0.96640625
d2_20_a,d2_20,a,native,pearson_r,p09,p10,complete,64,1920,0.6169270833333333,1182,733,0,5,0,0.59556640625,0.6393229166666666
d2_20_a,d2_20,a,native,pearson_r,p09,p11,complete,64,1920,0.67734375,1274,593,0,53,0,0.5757552083333334,0.7784374999999998
d2_20_a,d2_20,a,native,pearson_r,p09,p12,complete,64,1920,0.7932291666666667,1487,361,0,72,0,0.7192708333333333,0.8627799479166666
d2_20_a,d2_20,a,native,pearson_r,p10,p11,complete,64,1920,0.8861979166666667,1696,213,0,11,0,0.8122395833333333,0.9385481770833334
d2_20_a,d2_20,a,native,pearson_r,p10,p12,complete,64,1920,0.9348958333333334,1787,117,0,16,0,0.8617057291666667,0.9786458333333333
d2_20_a,d2_20,a,native,pearson_r,p11,p12,complete,64,1920,0.5,0,0,1779,0,141,0.5,0.5
d2_20_a,d2_20,a,native,nmse,p08,p09,complete,64,1920,0.6484375,1236,666,0,18,0,0.61484375,0.6859440104166666
d2_20_a,d2_20,a,native,nmse,p08,p10,complete,64,1920,0.8153645833333333,1486,275,151,8,0,0.7747330729166667,0.84818359375
d2_20_a,d2_20,a,native,nmse,p08,p11,complete,64,1920,0.8572916666666667,1638,266,0,16,0,0.7773372395833333,0.9190299479166666
d2_20_a,d2_20,a,native,nmse,p08,p12,complete,64,1920,0.9197916666666667,1753,141,0,26,0,0.84765625,0.96640625
d2_20_a,d2_20,a,native,nmse,p09,p10,complete,64,1920,0.6111979166666667,1171,744,0,5,0,0.58515625,0.6395898437499999
d2_20_a,d2_20,a,native,nmse,p09,p11,complete,64,1920,0.67734375,1274,593,0,53,0,0.5757552083333334,0.7784374999999998
d2_20_a,d2_20,a,native,nmse,p09,p12,complete,64,1920,0.7932291666666667,1487,361,0,72,0,0.7192708333333333,0.8627799479166666
d2_20_a,d2_20,a,native,nmse,p10,p11,complete,64,1920,0.8861979166666667,1696,213,0,11,0,0.8122395833333333,0.9385481770833334
d2_20_a,d2_20,a,native,nmse,p10,p12,complete,64,1920,0.9348958333333334,1787,117,0,16,0,0.8617057291666667,0.9786458333333333
d2_20_a,d2_20,a,native,nmse,p11,p12,complete,64,1920,0.5,0,0,1779,0,141,0.5,0.5
d2_20_a,d2_20,a,native,wasserstein_1_cm1,p08,p09,complete,64,1920,0.8161458333333333,1558,344,0,18,0,0.75234375,0.8606770833333334
d2_20_a,d2_20,a,native,wasserstein_1_cm1,p08,p10,complete,64,1920,0.7697916666666667,1474,438,0,8,0,0.7078125,0.821875
d2_20_a,d2_20,a,native,wasserstein_1_cm1,p08,p11,complete,64,1920,0.8572916666666667,1638,266,0,16,0,0.7773372395833333,0.9190299479166666
d2_20_a,d2_20,a,native,wasserstein_1_cm1,p08,p12,complete,64,1920,0.9197916666666667,1753,141,0,26,0,0.84765625,0.96640625
d2_20_a,d2_20,a,native,wasserstein_1_cm1,p09,p10,complete,64,1920,0.9033854166666667,1732,183,0,5,0,0.8398372395833333,0.9414127604166667
d2_20_a,d2_20,a,native,wasserstein_1_cm1,p09,p11,complete,64,1920,0.7346354166666667,1384,483,0,53,0,0.6637955729166667,0.80078125
d2_20_a,d2_20,a,native,wasserstein_1_cm1,p09,p12,complete,64,1920,0.81875,1536,312,0,72,0,0.75703125,0.8731770833333333
d2_20_a,d2_20,a,native,wasserstein_1_cm1,p10,p11,complete,64,1920,0.8861979166666667,1696,213,0,11,0,0.8122395833333333,0.9385481770833334
d2_20_a,d2_20,a,native,wasserstein_1_cm1,p10,p12,complete,64,1920,0.9348958333333334,1787,117,0,16,0,0.8617057291666667,0.9786458333333333
d2_20_a,d2_20,a,native,wasserstein_1_cm1,p11,p12,complete,64,1920,0.65703125,1191,588,0,141,0,0.5161458333333333,0.7786458333333334
d2_20_a,d2_20,a,native,is_like_structure_to_noise,p08,p09,complete,64,1920,0.20208333333333334,379,1523,0,18,0,0.15832682291666667,0.26511067708333325
d2_20_a,d2_20,a,native,is_like_structure_to_noise,p08,p10,complete,64,1920,0.1765625,335,1577,0,8,0,0.14140625,0.21796875
d2_20_a,d2_20,a,native,is_like_structure_to_noise,p08,p11,complete,64,1920,0.14270833333333333,266,1638,0,16,0,0.08097005208333334,0.22266276041666663
d2_20_a,d2_20,a,native,is_like_structure_to_noise,p08,p12,complete,64,1920,0.08020833333333334,141,1753,0,26,0,0.03359375,0.15234375
d2_20_a,d2_20,a,native,is_like_structure_to_noise,p09,p10,complete,64,1920,0.16223958333333333,309,1606,0,5,0,0.1234375,0.22630208333333332
d2_20_a,d2_20,a,native,is_like_structure_to_noise,p09,p11,complete,64,1920,0.67734375,1274,593,0,53,0,0.5757552083333334,0.7784374999999998
d2_20_a,d2_20,a,native,is_like_structure_to_noise,p09,p12,complete,64,1920,0.7932291666666667,1487,361,0,72,0,0.7192708333333333,0.8627799479166666
d2_20_a,d2_20,a,native,is_like_structure_to_noise,p10,p11,complete,64,1920,0.11380208333333333,213,1696,0,11,0,0.06145182291666666,0.18776041666666668
d2_20_a,d2_20,a,native,is_like_structure_to_noise,p10,p12,complete,64,1920,0.06510416666666667,117,1787,0,16,0,0.021354166666666667,0.13829427083333326
d2_20_a,d2_20,a,native,is_like_structure_to_noise,p11,p12,complete,64,1920,0.5,0,0,1779,0,141,0.5,0.5
d2_20_a,d2_20,a,native,precision,p08,p09,complete,64,1920,0.20208333333333334,379,1523,0,18,0,0.15832682291666667,0.26511067708333325
d2_20_a,d2_20,a,native,precision,p08,p10,complete,64,1920,0.5333333333333333,1020,892,0,8,0,0.47655598958333334,0.59505859375
d2_20_a,d2_20,a,native,precision,p08,p11,complete,64,1920,0.71875,1372,532,0,16,0,0.6817643229166667,0.74765625
d2_20_a,d2_20,a,native,precision,p08,p12,complete,64,1920,0.7328125,1394,500,0,26,0,0.6958203125,0.7554752604166667
d2_20_a,d2_20,a,native,precision,p09,p10,complete,64,1920,0.18932291666666667,361,1554,0,5,0,0.15260416666666668,0.2494856770833333
d2_20_a,d2_20,a,native,precision,p09,p11,complete,64,1920,0.6674479166666667,1255,612,0,53,0,0.6255143229166666,0.7033984374999999
d2_20_a,d2_20,a,native,precision,p09,p12,complete,64,1920,0.7932291666666667,1487,361,0,72,0,0.7192708333333333,0.8627799479166666
d2_20_a,d2_20,a,native,precision,p10,p11,complete,64,1920,0.7278645833333334,1392,517,0,11,0,0.6903515625,0.75078125
d2_20_a,d2_20,a,native,precision,p10,p12,complete,64,1920,0.8947916666666667,1710,194,0,16,0,0.8348958333333333,0.9283854166666666
d2_20_a,d2_20,a,native,precision,p11,p12,complete,64,1920,0.59609375,856,487,436,97,44,0.51119140625,0.67109375
d2_20_a,d2_20,a,native,recall,p08,p09,complete,64,1920,0.20208333333333334,379,1523,0,18,0,0.15832682291666667,0.26511067708333325
d2_20_a,d2_20,a,native,recall,p08,p10,complete,64,1920,0.6114583333333333,1170,742,0,8,0,0.55546875,0.6708333333333333
d2_20_a,d2_20,a,native,recall,p08,p11,complete,64,1920,0.7307291666666667,1395,509,0,16,0,0.69609375,0.7536458333333333
d2_20_a,d2_20,a,native,recall,p08,p12,complete,64,1920,0.7328125,1394,500,0,26,0,0.6958203125,0.7554752604166667
d2_20_a,d2_20,a,native,recall,p09,p10,complete,64,1920,0.16276041666666666,310,1605,0,5,0,0.12395833333333334,0.22708333333333333
d2_20_a,d2_20,a,native,recall,p09,p11,complete,64,1920,0.67578125,1271,596,0,53,0,0.6322916666666667,0.7140690104166667
d2_20_a,d2_20,a,native,recall,p09,p12,complete,64,1920,0.7932291666666667,1487,361,0,72,0,0.7192708333333333,0.8627799479166666
d2_20_a,d2_20,a,native,recall,p10,p11,complete,64,1920,0.7278645833333334,1392,517,0,11,0,0.6903515625,0.75078125
d2_20_a,d2_20,a,native,recall,p10,p12,complete,64,1920,0.8911458333333333,1703,201,0,16,0,0.8341145833333333,0.9244791666666666
d2_20_a,d2_20,a,native,recall,p11,p12,complete,64,1920,0.59609375,856,487,436,97,44,0.51119140625,0.67109375
d2_20_a,d2_20,a,native,f1,p08,p09,complete,64,1920,0.20208333333333334,379,1523,0,18,0,0.15832682291666667,0.26511067708333325
d2_20_a,d2_20,a,native,f1,p08,p10,complete,64,1920,0.5765625,1103,809,0,8,0,0.521875,0.6354231770833333
d2_20_a,d2_20,a,native,f1,p08,p11,complete,64,1920,0.7296875,1393,511,0,16,0,0.6955729166666667,0.7526106770833333
d2_20_a,d2_20,a,native,f1,p08,p12,complete,64,1920,0.7328125,1394,500,0,26,0,0.6958203125,0.7554752604166667
d2_20_a,d2_20,a,native,f1,p09,p10,complete,64,1920,0.17473958333333334,333,1582,0,5,0,0.13645833333333332,0.23697916666666666
d2_20_a,d2_20,a,native,f1,p09,p11,complete,64,1920,0.67265625,1265,602,0,53,0,0.6286328125,0.7109375
d2_20_a,d2_20,a,native,f1,p09,p12,complete,64,1920,0.7932291666666667,1487,361,0,72,0,0.7192708333333333,0.8627799479166666
d2_20_a,d2_20,a,native,f1,p10,p11,complete,64,1920,0.7278645833333334,1392,517,0,11,0,0.6903515625,0.75078125
d2_20_a,d2_20,a,native,f1,p10,p12,complete,64,1920,0.8953125,1711,193,0,16,0,0.8361979166666667,0.92890625
d2_20_a,d2_20,a,native,f1,p11,p12,complete,64,1920,0.59609375,856,487,436,97,44,0.51119140625,0.67109375
d2_20_a,d2_20,a,native,artifact_peak_ratio,p08,p09,complete,64,1920,0.20208333333333334,379,1523,0,18,0,0.15832682291666667,0.26511067708333325
d2_20_a,d2_20,a,native,artifact_peak_ratio,p08,p10,complete,64,1920,0.5333333333333333,1020,892,0,8,0,0.47655598958333334,0.59505859375
d2_20_a,d2_20,a,native,artifact_peak_ratio,p08,p11,complete,64,1920,0.71875,1372,532,0,16,0,0.6817643229166667,0.74765625
d2_20_a,d2_20,a,native,artifact_peak_ratio,p08,p12,complete,64,1920,0.7328125,1394,500,0,26,0,0.6958203125,0.7554752604166667
d2_20_a,d2_20,a,native,artifact_peak_ratio,p09,p10,complete,64,1920,0.18932291666666667,361,1554,0,5,0,0.15260416666666668,0.2494856770833333
d2_20_a,d2_20,a,native,artifact_peak_ratio,p09,p11,complete,64,1920,0.6674479166666667,1255,612,0,53,0,0.6255143229166666,0.7033984374999999
d2_20_a,d2_20,a,native,artifact_peak_ratio,p09,p12,complete,64,1920,0.7932291666666667,1487,361,0,72,0,0.7192708333333333,0.8627799479166666
d2_20_a,d2_20,a,native,artifact_peak_ratio,p10,p11,complete,64,1920,0.7278645833333334,1392,517,0,11,0,0.6903515625,0.75078125
d2_20_a,d2_20,a,native,artifact_peak_ratio,p10,p12,complete,64,1920,0.8947916666666667,1710,194,0,16,0,0.8348958333333333,0.9283854166666666
d2_20_a,d2_20,a,native,artifact_peak_ratio,p11,p12,complete,64,1920,0.59609375,856,487,436,97,44,0.51119140625,0.67109375
d2_20_a,d2_20,a,native,missing_peak_ratio,p08,p09,complete,64,1920,0.20208333333333334,379,1523,0,18,0,0.15832682291666667,0.26511067708333325
d2_20_a,d2_20,a,native,missing_peak_ratio,p08,p10,complete,64,1920,0.6114583333333333,1170,742,0,8,0,0.55546875,0.6708333333333333
d2_20_a,d2_20,a,native,missing_peak_ratio,p08,p11,complete,64,1920,0.7307291666666667,1395,509,0,16,0,0.69609375,0.7536458333333333
d2_20_a,d2_20,a,native,missing_peak_ratio,p08,p12,complete,64,1920,0.7328125,1394,500,0,26,0,0.6958203125,0.7554752604166667
d2_20_a,d2_20,a,native,missing_peak_ratio,p09,p10,complete,64,1920,0.16276041666666666,310,1605,0,5,0,0.12395833333333334,0.22708333333333333
d2_20_a,d2_20,a,native,missing_peak_ratio,p09,p11,complete,64,1920,0.67578125,1271,596,0,53,0,0.6322916666666667,0.7140690104166667
d2_20_a,d2_20,a,native,missing_peak_ratio,p09,p12,complete,64,1920,0.7932291666666667,1487,361,0,72,0,0.7192708333333333,0.8627799479166666
d2_20_a,d2_20,a,native,missing_peak_ratio,p10,p11,complete,64,1920,0.7278645833333334,1392,517,0,11,0,0.6903515625,0.75078125
d2_20_a,d2_20,a,native,missing_peak_ratio,p10,p12,complete,64,1920,0.8911458333333333,1703,201,0,16,0,0.8341145833333333,0.9244791666666666
d2_20_a,d2_20,a,native,missing_peak_ratio,p11,p12,complete,64,1920,0.59609375,856,487,436,97,44,0.51119140625,0.67109375
d2_20_a,d2_20,a,common_grid,mse,p08,p09,complete,64,1920,0.6088541666666667,1160,742,0,18,0,0.58828125,0.63046875
d2_20_a,d2_20,a,common_grid,mse,p08,p10,complete,64,1920,0.828125,1586,326,0,8,0,0.7864583333333334,0.8658919270833333
d2_20_a,d2_20,a,common_grid,mse,p08,p11,complete,64,1920,0.7796875,1489,415,0,16,0,0.73515625,0.8177083333333334
d2_20_a,d2_20,a,common_grid,mse,p08,p12,complete,64,1920,0.8458333333333333,1611,283,0,26,0,0.7934830729166666,0.88125
d2_20_a,d2_20,a,common_grid,mse,p09,p10,complete,64,1920,0.5747395833333333,1101,814,0,5,0,0.55625,0.5940104166666667
d2_20_a,d2_20,a,common_grid,mse,p09,p11,complete,64,1920,0.74453125,1403,464,0,53,0,0.69322265625,0.7955794270833333
d2_20_a,d2_20,a,common_grid,mse,p09,p12,complete,64,1920,0.8192708333333333,1537,311,0,72,0,0.7747395833333334,0.8593815104166667
d2_20_a,d2_20,a,common_grid,mse,p10,p11,complete,64,1920,0.7794270833333333,1491,418,0,11,0,0.7346158854166667,0.8190104166666666
d2_20_a,d2_20,a,common_grid,mse,p10,p12,complete,64,1920,0.8354166666666667,1596,308,0,16,0,0.7848893229166667,0.8682291666666667
d2_20_a,d2_20,a,common_grid,mse,p11,p12,complete,64,1920,0.6518229166666667,1181,598,0,141,0,0.5064973958333333,0.7791666666666667
d2_20_a,d2_20,a,common_grid,rmse,p08,p09,complete,64,1920,0.6088541666666667,1160,742,0,18,0,0.58828125,0.63046875
d2_20_a,d2_20,a,common_grid,rmse,p08,p10,complete,64,1920,0.828125,1586,326,0,8,0,0.7864583333333334,0.8658919270833333
d2_20_a,d2_20,a,common_grid,rmse,p08,p11,complete,64,1920,0.7807291666666667,1491,413,0,16,0,0.7361848958333334,0.8192708333333333
d2_20_a,d2_20,a,common_grid,rmse,p08,p12,complete,64,1920,0.846875,1613,281,0,26,0,0.7945247395833334,0.8825520833333333
d2_20_a,d2_20,a,common_grid,rmse,p09,p10,complete,64,1920,0.5861979166666667,1123,792,0,5,0,0.5638020833333334,0.6104166666666667
d2_20_a,d2_20,a,common_grid,rmse,p09,p11,complete,64,1920,0.74453125,1403,464,0,53,0,0.69322265625,0.7955794270833333
d2_20_a,d2_20,a,common_grid,rmse,p09,p12,complete,64,1920,0.8192708333333333,1537,311,0,72,0,0.7747395833333334,0.8593815104166667
d2_20_a,d2_20,a,common_grid,rmse,p10,p11,complete,64,1920,0.7799479166666666,1492,417,0,11,0,0.7351497395833333,0.8192708333333333
d2_20_a,d2_20,a,common_grid,rmse,p10,p12,complete,64,1920,0.8354166666666667,1596,308,0,16,0,0.7848893229166667,0.8682291666666667
d2_20_a,d2_20,a,common_grid,rmse,p11,p12,complete,64,1920,0.6518229166666667,1181,598,0,141,0,0.5064973958333333,0.7791666666666667
d2_20_a,d2_20,a,common_grid,mae,p08,p09,complete,64,1920,0.7223958333333333,1378,524,0,18,0,0.6937434895833333,0.7486979166666666
d2_20_a,d2_20,a,common_grid,mae,p08,p10,complete,64,1920,0.8140625,1559,353,0,8,0,0.76978515625,0.8489583333333334
d2_20_a,d2_20,a,common_grid,mae,p08,p11,complete,64,1920,0.7875,1504,400,0,16,0,0.7408658854166666,0.8252604166666667
d2_20_a,d2_20,a,common_grid,mae,p08,p12,complete,64,1920,0.8661458333333333,1650,244,0,26,0,0.8114388020833333,0.9033854166666667
d2_20_a,d2_20,a,common_grid,mae,p09,p10,complete,64,1920,0.6669270833333333,1278,637,0,5,0,0.6416666666666667,0.6893229166666667
d2_20_a,d2_20,a,common_grid,mae,p09,p11,complete,64,1920,0.7434895833333334,1401,466,0,53,0,0.69166015625,0.7945377604166667
d2_20_a,d2_20,a,common_grid,mae,p09,p12,complete,64,1920,0.8213541666666667,1541,307,0,72,0,0.7731770833333333,0.8640625
d2_20_a,d2_20,a,common_grid,mae,p10,p11,complete,64,1920,0.7809895833333333,1494,415,0,11,0,0.7343684895833333,0.82083984375
d2_20_a,d2_20,a,common_grid,mae,p10,p12,complete,64,1920,0.8546875,1633,271,0,16,0,0.8015559895833333,0.8893294270833333
d2_20_a,d2_20,a,common_grid,mae,p11,p12,complete,64,1920,0.64140625,1161,618,0,141,0,0.49998046875,0.7640690104166666
d2_20_a,d2_20,a,common_grid,sam,p08,p09,complete,64,1920,0.6109375,1164,738,0,18,0,0.5908789062500001,0.6322916666666667
d2_20_a,d2_20,a,common_grid,sam,p08,p10,complete,64,1920,0.8317708333333333,1593,319,0,8,0,0.7895768229166666,0.8692708333333333
d2_20_a,d2_20,a,common_grid,sam,p08,p11,complete,64,1920,0.7682291666666666,1467,437,0,16,0,0.7244791666666667,0.80677734375
d2_20_a,d2_20,a,common_grid,sam,p08,p12,complete,64,1920,0.8432291666666667,1606,288,0,26,0,0.7911458333333333,0.8791666666666667
d2_20_a,d2_20,a,common_grid,sam,p09,p10,complete,64,1920,0.5908854166666667,1132,783,0,5,0,0.5695247395833334,0.6140690104166666
d2_20_a,d2_20,a,common_grid,sam,p09,p11,complete,64,1920,0.74296875,1400,467,0,53,0,0.6916666666666667,0.79427734375
d2_20_a,d2_20,a,common_grid,sam,p09,p12,complete,64,1920,0.8177083333333334,1534,314,0,72,0,0.77369140625,0.8575520833333333
d2_20_a,d2_20,a,common_grid,sam,p10,p11,complete,64,1920,0.7690104166666667,1471,438,0,11,0,0.7231705729166666,0.8101627604166667
d2_20_a,d2_20,a,common_grid,sam,p10,p12,complete,64,1920,0.8333333333333334,1592,312,0,16,0,0.7830729166666667,0.8664127604166667
d2_20_a,d2_20,a,common_grid,sam,p11,p12,complete,64,1920,0.6513020833333333,1180,599,0,141,0,0.5059765625,0.7786458333333334
d2_20_a,d2_20,a,common_grid,pearson_r,p08,p09,complete,64,1920,0.6473958333333333,1234,668,0,18,0,0.6216145833333333,0.6744856770833333
d2_20_a,d2_20,a,common_grid,pearson_r,p08,p10,complete,64,1920,0.8229166666666666,1576,336,0,8,0,0.7752604166666667,0.8630208333333333
d2_20_a,d2_20,a,common_grid,pearson_r,p08,p11,complete,64,1920,0.6864583333333333,1310,594,0,16,0,0.6372395833333333,0.7349088541666665
d2_20_a,d2_20,a,common_grid,pearson_r,p08,p12,complete,64,1920,0.8328125,1586,308,0,26,0,0.7812434895833333,0.86953125
d2_20_a,d2_20,a,common_grid,pearson_r,p09,p10,complete,64,1920,0.6091145833333333,1167,748,0,5,0,0.5874934895833334,0.6312565104166666
d2_20_a,d2_20,a,common_grid,pearson_r,p09,p11,complete,64,1920,0.7091145833333333,1335,532,0,53,0,0.6609375,0.7606770833333333
d2_20_a,d2_20,a,common_grid,pearson_r,p09,p12,complete,64,1920,0.8140625,1527,321,0,72,0,0.771875,0.8533854166666667
d2_20_a,d2_20,a,common_grid,pearson_r,p10,p11,complete,64,1920,0.6716145833333333,1284,625,0,11,0,0.62291015625,0.7182356770833334
d2_20_a,d2_20,a,common_grid,pearson_r,p10,p12,complete,64,1920,0.8192708333333333,1565,339,0,16,0,0.7708333333333334,0.8526106770833334
d2_20_a,d2_20,a,common_grid,pearson_r,p11,p12,complete,64,1920,0.6513020833333333,1180,599,0,141,0,0.50546875,0.778125
d2_20_a,d2_20,a,common_grid,nmse,p08,p09,complete,64,1920,0.6088541666666667,1160,742,0,18,0,0.58828125,0.63046875
d2_20_a,d2_20,a,common_grid,nmse,p08,p10,complete,64,1920,0.828125,1586,326,0,8,0,0.7864583333333334,0.8658919270833333
d2_20_a,d2_20,a,common_grid,nmse,p08,p11,complete,64,1920,0.7776041666666667,1485,419,0,16,0,0.7325455729166667,0.8164127604166667
d2_20_a,d2_20,a,common_grid,nmse,p08,p12,complete,64,1920,0.8453125,1610,284,0,26,0,0.7926888020833334,0.88099609375
d2_20_a,d2_20,a,common_grid,nmse,p09,p10,complete,64,1920,0.57890625,1109,806,0,5,0,0.5598893229166667,0.5984375
d2_20_a,d2_20,a,common_grid,nmse,p09,p11,complete,64,1920,0.74140625,1397,470,0,53,0,0.68984375,0.7919335937499999
d2_20_a,d2_20,a,common_grid,nmse,p09,p12,complete,64,1920,0.81875,1536,312,0,72,0,0.7744726562500001,0.8586002604166667
d2_20_a,d2_20,a,common_grid,nmse,p10,p11,complete,64,1920,0.77578125,1484,425,0,11,0,0.7302018229166667,0.815625
d2_20_a,d2_20,a,common_grid,nmse,p10,p12,complete,64,1920,0.8348958333333333,1595,309,0,16,0,0.784375,0.86771484375
d2_20_a,d2_20,a,common_grid,nmse,p11,p12,complete,64,1920,0.6518229166666667,1181,598,0,141,0,0.5044205729166666,0.7796940104166666
d2_20_a,d2_20,a,common_grid,wasserstein_1_cm1,p08,p09,complete,64,1920,0.8171875,1560,342,0,18,0,0.7533854166666667,0.8619856770833333
d2_20_a,d2_20,a,common_grid,wasserstein_1_cm1,p08,p10,complete,64,1920,0.7697916666666667,1474,438,0,8,0,0.7078125,0.821875
d2_20_a,d2_20,a,common_grid,wasserstein_1_cm1,p08,p11,complete,64,1920,0.8572916666666667,1638,266,0,16,0,0.7773372395833333,0.9190299479166666
d2_20_a,d2_20,a,common_grid,wasserstein_1_cm1,p08,p12,complete,64,1920,0.9197916666666667,1753,141,0,26,0,0.84765625,0.96640625
d2_20_a,d2_20,a,common_grid,wasserstein_1_cm1,p09,p10,complete,64,1920,0.90390625,1733,182,0,5,0,0.8403645833333333,0.9421875
d2_20_a,d2_20,a,common_grid,wasserstein_1_cm1,p09,p11,complete,64,1920,0.6856770833333333,1290,577,0,53,0,0.58931640625,0.7791796874999999
d2_20_a,d2_20,a,common_grid,wasserstein_1_cm1,p09,p12,complete,64,1920,0.7932291666666667,1487,361,0,72,0,0.7192708333333333,0.8627799479166666
d2_20_a,d2_20,a,common_grid,wasserstein_1_cm1,p10,p11,complete,64,1920,0.8861979166666667,1696,213,0,11,0,0.8122395833333333,0.9385481770833334
d2_20_a,d2_20,a,common_grid,wasserstein_1_cm1,p10,p12,complete,64,1920,0.9348958333333334,1787,117,0,16,0,0.8617057291666667,0.9786458333333333
d2_20_a,d2_20,a,common_grid,wasserstein_1_cm1,p11,p12,complete,64,1920,0.6549479166666666,1187,592,0,141,0,0.5093489583333334,0.7822916666666667
d2_20_a,d2_20,a,common_grid,is_like_structure_to_noise,p08,p09,complete,64,1920,0.20208333333333334,379,1523,0,18,0,0.15832682291666667,0.26511067708333325
d2_20_a,d2_20,a,common_grid,is_like_structure_to_noise,p08,p10,complete,64,1920,0.178125,338,1574,0,8,0,0.1453125,0.21666666666666667
d2_20_a,d2_20,a,common_grid,is_like_structure_to_noise,p08,p11,complete,64,1920,0.3927083333333333,746,1158,0,16,0,0.3572916666666667,0.4296940104166666
d2_20_a,d2_20,a,common_grid,is_like_structure_to_noise,p08,p12,complete,64,1920,0.3609375,680,1214,0,26,0,0.3286393229166667,0.39427083333333335
d2_20_a,d2_20,a,common_grid,is_like_structure_to_noise,p09,p10,complete,64,1920,0.16223958333333333,309,1606,0,5,0,0.1234375,0.22630208333333332
d2_20_a,d2_20,a,common_grid,is_like_structure_to_noise,p09,p11,complete,64,1920,0.67734375,1274,593,0,53,0,0.5757552083333334,0.7784374999999998
d2_20_a,d2_20,a,common_grid,is_like_structure_to_noise,p09,p12,complete,64,1920,0.7932291666666667,1487,361,0,72,0,0.7192708333333333,0.8627799479166666
d2_20_a,d2_20,a,common_grid,is_like_structure_to_noise,p10,p11,complete,64,1920,0.40390625,770,1139,0,11,0,0.37238932291666665,0.4356770833333333
d2_20_a,d2_20,a,common_grid,is_like_structure_to_noise,p10,p12,complete,64,1920,0.3703125,703,1201,0,16,0,0.34348958333333335,0.3997460937499999
d2_20_a,d2_20,a,common_grid,is_like_structure_to_noise,p11,p12,complete,64,1920,0.48515625,861,918,0,141,0,0.44609375,0.52943359375
d2_20_a,d2_20,a,common_grid,precision,p08,p09,complete,64,1920,0.20208333333333334,379,1523,0,18,0,0.15832682291666667,0.26511067708333325
d2_20_a,d2_20,a,common_grid,precision,p08,p10,complete,64,1920,0.5380208333333333,1029,883,0,8,0,0.4817708333333333,0.5989583333333334
d2_20_a,d2_20,a,common_grid,precision,p08,p11,complete,64,1920,0.14270833333333333,266,1638,0,16,0,0.08097005208333334,0.22266276041666663
d2_20_a,d2_20,a,common_grid,precision,p08,p12,complete,64,1920,0.08020833333333334,141,1753,0,26,0,0.03359375,0.15234375
d2_20_a,d2_20,a,common_grid,precision,p09,p10,complete,64,1920,0.18932291666666667,361,1554,0,5,0,0.15234375,0.24947916666666667
d2_20_a,d2_20,a,common_grid,precision,p09,p11,complete,64,1920,0.68515625,1289,578,0,53,0,0.6528645833333333,0.71796875
d2_20_a,d2_20,a,common_grid,precision,p09,p12,complete,64,1920,0.8130208333333333,1525,323,0,72,0,0.7544270833333333,0.8651041666666667
d2_20_a,d2_20,a,common_grid,precision,p10,p11,complete,64,1920,0.20963541666666666,397,1512,0,11,0,0.159375,0.2758203124999998
d2_20_a,d2_20,a,common_grid,precision,p10,p12,complete,64,1920,0.30416666666666664,576,1328,0,16,0,0.2598958333333333,0.35886067708333325
d2_20_a,d2_20,a,common_grid,precision,p11,p12,complete,64,1920,0.55859375,1002,777,0,141,0,0.47473307291666667,0.6317838541666665
d2_20_a,d2_20,a,common_grid,recall,p08,p09,complete,64,1920,0.20208333333333334,379,1523,0,18,0,0.15832682291666667,0.26511067708333325
d2_20_a,d2_20,a,common_grid,recall,p08,p10,complete,64,1920,0.6109375,1169,743,0,8,0,0.5575520833333333,0.6682356770833333
d2_20_a,d2_20,a,common_grid,recall,p08,p11,complete,64,1920,0.14270833333333333,266,1638,0,16,0,0.08097005208333334,0.22266276041666663
d2_20_a,d2_20,a,common_grid,recall,p08,p12,complete,64,1920,0.09635416666666667,172,1722,0,26,0,0.05130208333333333,0.1627669270833333
d2_20_a,d2_20,a,common_grid,recall,p09,p10,complete,64,1920,0.16328125,311,1604,0,5,0,0.12473307291666667,0.2270963541666666
d2_20_a,d2_20,a,common_grid,recall,p09,p11,complete,64,1920,0.71015625,1337,530,0,53,0,0.6669075520833333,0.7518229166666667
d2_20_a,d2_20,a,common_grid,recall,p09,p12,complete,64,1920,0.8052083333333333,1510,338,0,72,0,0.7375,0.8658919270833333
d2_20_a,d2_20,a,common_grid,recall,p10,p11,complete,64,1920,0.20963541666666666,397,1512,0,11,0,0.15754557291666668,0.2773502604166666
d2_20_a,d2_20,a,common_grid,recall,p10,p12,complete,64,1920,0.2890625,547,1357,0,16,0,0.24166015625,0.3461002604166666
d2_20_a,d2_20,a,common_grid,recall,p11,p12,complete,64,1920,0.5565104166666667,998,781,0,141,0,0.47525390625,0.6286588541666666
d2_20_a,d2_20,a,common_grid,f1,p08,p09,complete,64,1920,0.20208333333333334,379,1523,0,18,0,0.15832682291666667,0.26511067708333325
d2_20_a,d2_20,a,common_grid,f1,p08,p10,complete,64,1920,0.5791666666666667,1108,804,0,8,0,0.5247395833333334,0.6375065104166666
d2_20_a,d2_20,a,common_grid,f1,p08,p11,complete,64,1920,0.14270833333333333,266,1638,0,16,0,0.08097005208333334,0.22266276041666663
d2_20_a,d2_20,a,common_grid,f1,p08,p12,complete,64,1920,0.08020833333333334,141,1753,0,26,0,0.03359375,0.15234375
d2_20_a,d2_20,a,common_grid,f1,p09,p10,complete,64,1920,0.17473958333333334,333,1582,0,5,0,0.13645833333333332,0.23697916666666666
d2_20_a,d2_20,a,common_grid,f1,p09,p11,complete,64,1920,0.7049479166666667,1327,540,0,53,0,0.66666015625,0.7424544270833333
d2_20_a,d2_20,a,common_grid,f1,p09,p12,complete,64,1920,0.80625,1512,336,0,72,0,0.7432291666666667,0.8627604166666667
d2_20_a,d2_20,a,common_grid,f1,p10,p11,complete,64,1920,0.20807291666666666,394,1515,0,11,0,0.15651041666666668,0.2760416666666667
d2_20_a,d2_20,a,common_grid,f1,p10,p12,complete,64,1920,0.29739583333333336,563,1341,0,16,0,0.2526041666666667,0.3523958333333331
d2_20_a,d2_20,a,common_grid,f1,p11,p12,complete,64,1920,0.5575520833333333,1000,779,0,141,0,0.4765494791666667,0.6299544270833334
d2_20_a,d2_20,a,common_grid,artifact_peak_ratio,p08,p09,complete,64,1920,0.20208333333333334,379,1523,0,18,0,0.15832682291666667,0.26511067708333325
d2_20_a,d2_20,a,common_grid,artifact_peak_ratio,p08,p10,complete,64,1920,0.5380208333333333,1029,883,0,8,0,0.4817708333333333,0.5989583333333334
d2_20_a,d2_20,a,common_grid,artifact_peak_ratio,p08,p11,complete,64,1920,0.14270833333333333,266,1638,0,16,0,0.08097005208333334,0.22266276041666663
d2_20_a,d2_20,a,common_grid,artifact_peak_ratio,p08,p12,complete,64,1920,0.08020833333333334,141,1753,0,26,0,0.03359375,0.15234375
d2_20_a,d2_20,a,common_grid,artifact_peak_ratio,p09,p10,complete,64,1920,0.18932291666666667,361,1554,0,5,0,0.15234375,0.24947916666666667
d2_20_a,d2_20,a,common_grid,artifact_peak_ratio,p09,p11,complete,64,1920,0.68515625,1289,578,0,53,0,0.6528645833333333,0.71796875
d2_20_a,d2_20,a,common_grid,artifact_peak_ratio,p09,p12,complete,64,1920,0.8130208333333333,1525,323,0,72,0,0.7544270833333333,0.8651041666666667
d2_20_a,d2_20,a,common_grid,artifact_peak_ratio,p10,p11,complete,64,1920,0.20963541666666666,397,1512,0,11,0,0.159375,0.2758203124999998
d2_20_a,d2_20,a,common_grid,artifact_peak_ratio,p10,p12,complete,64,1920,0.30416666666666664,576,1328,0,16,0,0.2598958333333333,0.35886067708333325
d2_20_a,d2_20,a,common_grid,artifact_peak_ratio,p11,p12,complete,64,1920,0.55859375,1002,777,0,141,0,0.47473307291666667,0.6317838541666665
d2_20_a,d2_20,a,common_grid,missing_peak_ratio,p08,p09,complete,64,1920,0.20208333333333334,379,1523,0,18,0,0.15832682291666667,0.26511067708333325
d2_20_a,d2_20,a,common_grid,missing_peak_ratio,p08,p10,complete,64,1920,0.6109375,1169,743,0,8,0,0.5575520833333333,0.6682356770833333
d2_20_a,d2_20,a,common_grid,missing_peak_ratio,p08,p11,complete,64,1920,0.14270833333333333,266,1638,0,16,0,0.08097005208333334,0.22266276041666663
d2_20_a,d2_20,a,common_grid,missing_peak_ratio,p08,p12,complete,64,1920,0.09635416666666667,172,1722,0,26,0,0.05130208333333333,0.1627669270833333
d2_20_a,d2_20,a,common_grid,missing_peak_ratio,p09,p10,complete,64,1920,0.16328125,311,1604,0,5,0,0.12473307291666667,0.2270963541666666
d2_20_a,d2_20,a,common_grid,missing_peak_ratio,p09,p11,complete,64,1920,0.71015625,1337,530,0,53,0,0.6669075520833333,0.7518229166666667
d2_20_a,d2_20,a,common_grid,missing_peak_ratio,p09,p12,complete,64,1920,0.8052083333333333,1510,338,0,72,0,0.7375,0.8658919270833333
d2_20_a,d2_20,a,common_grid,missing_peak_ratio,p10,p11,complete,64,1920,0.20963541666666666,397,1512,0,11,0,0.15754557291666668,0.2773502604166666
d2_20_a,d2_20,a,common_grid,missing_peak_ratio,p10,p12,complete,64,1920,0.2890625,547,1357,0,16,0,0.24166015625,0.3461002604166666
d2_20_a,d2_20,a,common_grid,missing_peak_ratio,p11,p12,complete,64,1920,0.5565104166666667,998,781,0,141,0,0.47525390625,0.6286588541666666
d2_20_b,d2_20,b,native,mse,p08,p09,complete,64,1920,0.6356770833333333,1218,697,0,5,0,0.6013020833333333,0.6682356770833333
d2_20_b,d2_20,b,native,mse,p08,p10,complete,64,1920,0.57421875,1002,717,186,14,1,0.5447916666666667,0.6065104166666667
d2_20_b,d2_20,b,native,mse,p08,p11,complete,64,1920,0.9200520833333333,1760,147,0,13,0,0.8453059895833334,0.975
d2_20_b,d2_20,b,native,mse,p08,p12,complete,64,1920,0.8872395833333333,1695,208,0,17,0,0.7984375,0.9627669270833333
d2_20_b,d2_20,b,native,mse,p09,p10,complete,64,1920,0.6528645833333333,1250,663,0,7,0,0.6200520833333333,0.6877604166666667
d2_20_b,d2_20,b,native,mse,p09,p11,complete,64,1920,0.8575520833333333,1630,257,0,33,0,0.7752473958333334,0.9333333333333333
d2_20_b,d2_20,b,native,mse,p09,p12,complete,64,1920,0.8510416666666667,1615,267,0,38,0,0.7596354166666667,0.9328125
d2_20_b,d2_20,b,native,mse,p10,p11,complete,64,1920,0.9692708333333333,1860,58,0,2,0,0.9429622395833334,0.9940104166666667
d2_20_b,d2_20,b,native,mse,p10,p12,complete,64,1920,0.9596354166666666,1841,76,0,3,0,0.9231770833333334,0.9901041666666667
d2_20_b,d2_20,b,native,mse,p11,p12,complete,64,1920,0.5,0,0,1754,0,166,0.5,0.5
d2_20_b,d2_20,b,native,rmse,p08,p09,complete,64,1920,0.6315104166666666,1210,705,0,5,0,0.5968684895833334,0.66640625
d2_20_b,d2_20,b,native,rmse,p08,p10,complete,64,1920,0.5708333333333333,993,721,191,14,1,0.5421875,0.6036458333333333
d2_20_b,d2_20,b,native,rmse,p08,p11,complete,64,1920,0.9200520833333333,1760,147,0,13,0,0.8453059895833334,0.975
d2_20_b,d2_20,b,native,rmse,p08,p12,complete,64,1920,0.8872395833333333,1695,208,0,17,0,0.7984375,0.9627669270833333
d2_20_b,d2_20,b,native,rmse,p09,p10,complete,64,1920,0.65703125,1258,655,0,7,0,0.6229166666666667,0.6927083333333334
d2_20_b,d2_20,b,native,rmse,p09,p11,complete,64,1920,0.8575520833333333,1630,257,0,33,0,0.7752473958333334,0.9333333333333333
d2_20_b,d2_20,b,native,rmse,p09,p12,complete,64,1920,0.8510416666666667,1615,267,0,38,0,0.7596354166666667,0.9328125
d2_20_b,d2_20,b,native,rmse,p10,p11,complete,64,1920,0.9692708333333333,1860,58,0,2,0,0.9429622395833334,0.9940104166666667
d2_20_b,d2_20,b,native,rmse,p10,p12,complete,64,1920,0.9596354166666666,1841,76,0,3,0,0.9231770833333334,0.9901041666666667
d2_20_b,d2_20,b,native,rmse,p11,p12,complete,64,1920,0.5,0,0,1754,0,166,0.5,0.5
d2_20_b,d2_20,b,native,mae,p08,p09,complete,64,1920,0.60390625,1157,758,0,5,0,0.5716080729166667,0.63515625
d2_20_b,d2_20,b,native,mae,p08,p10,complete,64,1920,0.5190104166666667,989,916,0,15,0,0.4875,0.5536458333333333
d2_20_b,d2_20,b,native,mae,p08,p11,complete,64,1920,0.9200520833333333,1760,147,0,13,0,0.8453059895833334,0.975
d2_20_b,d2_20,b,native,mae,p08,p12,complete,64,1920,0.8872395833333333,1695,208,0,17,0,0.7984375,0.9627669270833333
d2_20_b,d2_20,b,native,mae,p09,p10,complete,64,1920,0.71015625,1360,553,0,7,0,0.6802018229166666,0.74140625
d2_20_b,d2_20,b,native,mae,p09,p11,complete,64,1920,0.8575520833333333,1630,257,0,33,0,0.7752473958333334,0.9333333333333333
d2_20_b,d2_20,b,native,mae,p09,p12,complete,64,1920,0.8510416666666667,1615,267,0,38,0,0.7596354166666667,0.9328125
d2_20_b,d2_20,b,native,mae,p10,p11,complete,64,1920,0.9692708333333333,1860,58,0,2,0,0.9429622395833334,0.9940104166666667
d2_20_b,d2_20,b,native,mae,p10,p12,complete,64,1920,0.9596354166666666,1841,76,0,3,0,0.9231770833333334,0.9901041666666667
d2_20_b,d2_20,b,native,mae,p11,p12,complete,64,1920,0.5,0,0,1754,0,166,0.5,0.5
d2_20_b,d2_20,b,native,sam,p08,p09,complete,64,1920,0.6341145833333334,1215,700,0,5,0,0.5966080729166666,0.6692708333333334
d2_20_b,d2_20,b,native,sam,p08,p10,complete,64,1920,0.5611979166666666,1070,835,0,15,0,0.52421875,0.6002669270833333
d2_20_b,d2_20,b,native,sam,p08,p11,complete,64,1920,0.9200520833333333,1760,147,0,13,0,0.8453059895833334,0.975
d2_20_b,d2_20,b,native,sam,p08,p12,complete,64,1920,0.8872395833333333,1695,208,0,17,0,0.7984375,0.9627669270833333
d2_20_b,d2_20,b,native,sam,p09,p10,complete,64,1920,0.64609375,1237,676,0,7,0,0.6135416666666667,0.6820377604166666
d2_20_b,d2_20,b,native,sam,p09,p11,complete,64,1920,0.8575520833333333,1630,257,0,33,0,0.7752473958333334,0.9333333333333333
d2_20_b,d2_20,b,native,sam,p09,p12,complete,64,1920,0.8510416666666667,1615,267,0,38,0,0.7596354166666667,0.9328125
d2_20_b,d2_20,b,native,sam,p10,p11,complete,64,1920,0.9692708333333333,1860,58,0,2,0,0.9429622395833334,0.9940104166666667
d2_20_b,d2_20,b,native,sam,p10,p12,complete,64,1920,0.9596354166666666,1841,76,0,3,0,0.9231770833333334,0.9901041666666667
d2_20_b,d2_20,b,native,sam,p11,p12,complete,64,1920,0.5,0,0,1754,0,166,0.5,0.5
d2_20_b,d2_20,b,native,pearson_r,p08,p09,complete,64,1920,0.62109375,1190,725,0,5,0,0.5880143229166667,0.6513020833333333
d2_20_b,d2_20,b,native,pearson_r,p08,p10,complete,64,1920,0.56015625,1068,837,0,15,0,0.5247395833333334,0.5979231770833333
d2_20_b,d2_20,b,native,pearson_r,p08,p11,complete,64,1920,0.9200520833333333,1760,147,0,13,0,0.8453059895833334,0.975
d2_20_b,d2_20,b,native,pearson_r,p08,p12,complete,64,1920,0.8872395833333333,1695,208,0,17,0,0.7984375,0.9627669270833333
d2_20_b,d2_20,b,native,pearson_r,p09,p10,complete,64,1920,0.6440104166666667,1233,680,0,7,0,0.6143229166666667,0.6783854166666666
d2_20_b,d2_20,b,native,pearson_r,p09,p11,complete,64,1920,0.8575520833333333,1630,257,0,33,0,0.7752473958333334,0.9333333333333333
d2_20_b,d2_20,b,native,pearson_r,p09,p12,complete,64,1920,0.8510416666666667,1615,267,0,38,0,0.7596354166666667,0.9328125
d2_20_b,d2_20,b,native,pearson_r,p10,p11,complete,64,1920,0.9692708333333333,1860,58,0,2,0,0.9429622395833334,0.9940104166666667
d2_20_b,d2_20,b,native,pearson_r,p10,p12,complete,64,1920,0.9596354166666666,1841,76,0,3,0,0.9231770833333334,0.9901041666666667
d2_20_b,d2_20,b,native,pearson_r,p11,p12,complete,64,1920,0.5,0,0,1754,0,166,0.5,0.5
d2_20_b,d2_20,b,native,nmse,p08,p09,complete,64,1920,0.6361979166666667,1219,696,0,5,0,0.59998046875,0.6703125
d2_20_b,d2_20,b,native,nmse,p08,p10,complete,64,1920,0.5611979166666666,995,760,150,14,1,0.53125,0.59427734375
d2_20_b,d2_20,b,native,nmse,p08,p11,complete,64,1920,0.9200520833333333,1760,147,0,13,0,0.8453059895833334,0.975
d2_20_b,d2_20,b,native,nmse,p08,p12,complete,64,1920,0.8872395833333333,1695,208,0,17,0,0.7984375,0.9627669270833333
d2_20_b,d2_20,b,native,nmse,p09,p10,complete,64,1920,0.6455729166666667,1236,677,0,7,0,0.6111979166666667,0.6822916666666666
d2_20_b,d2_20,b,native,nmse,p09,p11,complete,64,1920,0.8575520833333333,1630,257,0,33,0,0.7752473958333334,0.9333333333333333
d2_20_b,d2_20,b,native,nmse,p09,p12,complete,64,1920,0.8510416666666667,1615,267,0,38,0,0.7596354166666667,0.9328125
d2_20_b,d2_20,b,native,nmse,p10,p11,complete,64,1920,0.9692708333333333,1860,58,0,2,0,0.9429622395833334,0.9940104166666667
d2_20_b,d2_20,b,native,nmse,p10,p12,complete,64,1920,0.9596354166666666,1841,76,0,3,0,0.9231770833333334,0.9901041666666667
d2_20_b,d2_20,b,native,nmse,p11,p12,complete,64,1920,0.5,0,0,1754,0,166,0.5,0.5
d2_20_b,d2_20,b,native,wasserstein_1_cm1,p08,p09,complete,64,1920,0.2981770833333333,570,1345,0,5,0,0.22134114583333334,0.3830859374999999
d2_20_b,d2_20,b,native,wasserstein_1_cm1,p08,p10,complete,64,1920,0.38255208333333335,727,1178,0,15,0,0.35181640625,0.4164127604166666
d2_20_b,d2_20,b,native,wasserstein_1_cm1,p08,p11,complete,64,1920,0.9200520833333333,1760,147,0,13,0,0.8453059895833334,0.975
d2_20_b,d2_20,b,native,wasserstein_1_cm1,p08,p12,complete,64,1920,0.8872395833333333,1695,208,0,17,0,0.7984375,0.9627669270833333
d2_20_b,d2_20,b,native,wasserstein_1_cm1,p09,p10,complete,64,1920,0.8815104166666666,1689,224,0,7,0,0.8575520833333333,0.9007877604166666
d2_20_b,d2_20,b,native,wasserstein_1_cm1,p09,p11,complete,64,1920,0.7705729166666667,1463,424,0,33,0,0.6916536458333333,0.8396028645833332
d2_20_b,d2_20,b,native,wasserstein_1_cm1,p09,p12,complete,64,1920,0.8109375,1538,344,0,38,0,0.7262955729166667,0.8841145833333334
d2_20_b,d2_20,b,native,wasserstein_1_cm1,p10,p11,complete,64,1920,0.9692708333333333,1860,58,0,2,0,0.9429622395833334,0.9940104166666667
d2_20_b,d2_20,b,native,wasserstein_1_cm1,p10,p12,complete,64,1920,0.9596354166666666,1841,76,0,3,0,0.9231770833333334,0.9901041666666667
d2_20_b,d2_20,b,native,wasserstein_1_cm1,p11,p12,complete,64,1920,0.4114583333333333,707,1047,0,166,0,0.37734375,0.4466210937499999
d2_20_b,d2_20,b,native,is_like_structure_to_noise,p08,p09,complete,64,1920,0.71796875,1376,539,0,5,0,0.6307161458333334,0.7963736979166666
d2_20_b,d2_20,b,native,is_like_structure_to_noise,p08,p10,complete,64,1920,0.4434895833333333,844,1061,0,15,0,0.41145182291666665,0.47291666666666665
d2_20_b,d2_20,b,native,is_like_structure_to_noise,p08,p11,complete,64,1920,0.07994791666666666,147,1760,0,13,0,0.025,0.15469401041666664
d2_20_b,d2_20,b,native,is_like_structure_to_noise,p08,p12,complete,64,1920,0.11276041666666667,208,1695,0,17,0,0.037233072916666665,0.2015625
d2_20_b,d2_20,b,native,is_like_structure_to_noise,p09,p10,complete,64,1920,0.17057291666666666,324,1589,0,7,0,0.14713541666666666,0.196875
d2_20_b,d2_20,b,native,is_like_structure_to_noise,p09,p11,complete,64,1920,0.8575520833333333,1630,257,0,33,0,0.7752473958333334,0.9333333333333333
d2_20_b,d2_20,b,native,is_like_structure_to_noise,p09,p12,complete,64,1920,0.8510416666666667,1615,267,0,38,0,0.7596354166666667,0.9328125
d2_20_b,d2_20,b,native,is_like_structure_to_noise,p10,p11,complete,64,1920,0.030729166666666665,58,1860,0,2,0,0.005989583333333334,0.05703776041666663
d2_20_b,d2_20,b,native,is_like_structure_to_noise,p10,p12,complete,64,1920,0.040364583333333336,76,1841,0,3,0,0.009895833333333333,0.07682291666666667
d2_20_b,d2_20,b,native,is_like_structure_to_noise,p11,p12,complete,64,1920,0.5,0,0,1754,0,166,0.5,0.5
d2_20_b,d2_20,b,native,precision,p08,p09,complete,64,1920,0.71796875,1376,539,0,5,0,0.6307161458333334,0.7963736979166666
d2_20_b,d2_20,b,native,precision,p08,p10,complete,64,1920,0.9013020833333333,1723,182,0,15,0,0.8677018229166666,0.9307291666666667
d2_20_b,d2_20,b,native,precision,p08,p11,complete,64,1920,0.68359375,1306,601,0,13,0,0.6478971354166667,0.7135481770833333
d2_20_b,d2_20,b,native,precision,p08,p12,complete,64,1920,0.69296875,1322,581,0,17,0,0.6481770833333333,0.7310156249999998
d2_20_b,d2_20,b,native,precision,p09,p10,complete,64,1920,0.19973958333333333,380,1533,0,7,0,0.17578125,0.22604166666666667
d2_20_b,d2_20,b,native,precision,p09,p11,complete,64,1920,0.6830729166666667,1295,592,0,33,0,0.6395833333333333,0.721875
d2_20_b,d2_20,b,native,precision,p09,p12,complete,64,1920,0.8510416666666667,1615,267,0,38,0,0.7596354166666667,0.9328125
d2_20_b,d2_20,b,native,precision,p10,p11,complete,64,1920,0.7333333333333333,1407,511,0,2,0,0.7174479166666666,0.746875
d2_20_b,d2_20,b,native,precision,p10,p12,complete,64,1920,0.9028645833333333,1732,185,0,3,0,0.8841145833333334,0.91875
d2_20_b,d2_20,b,native,precision,p11,p12,complete,64,1920,0.46458333333333335,588,724,442,128,38,0.44479166666666664,0.4851627604166666
d2_20_b,d2_20,b,native,recall,p08,p09,complete,64,1920,0.71796875,1376,539,0,5,0,0.6307161458333334,0.7963736979166666
d2_20_b,d2_20,b,native,recall,p08,p10,complete,64,1920,0.8966145833333333,1714,191,0,15,0,0.8749934895833333,0.91796875
d2_20_b,d2_20,b,native,recall,p08,p11,complete,64,1920,0.70078125,1339,568,0,13,0,0.6648372395833333,0.72890625
d2_20_b,d2_20,b,native,recall,p08,p12,complete,64,1920,0.69296875,1322,581,0,17,0,0.6481770833333333,0.7310156249999998
d2_20_b,d2_20,b,native,recall,p09,p10,complete,64,1920,0.17109375,325,1588,0,7,0,0.14764973958333333,0.19713541666666667
d2_20_b,d2_20,b,native,recall,p09,p11,complete,64,1920,0.6966145833333334,1321,566,0,33,0,0.65234375,0.7369791666666666
d2_20_b,d2_20,b,native,recall,p09,p12,complete,64,1920,0.8510416666666667,1615,267,0,38,0,0.7596354166666667,0.9328125
d2_20_b,d2_20,b,native,recall,p10,p11,complete,64,1920,0.7333333333333333,1407,511,0,2,0,0.7174479166666666,0.746875
d2_20_b,d2_20,b,native,recall,p10,p12,complete,64,1920,0.8971354166666666,1721,196,0,3,0,0.87734375,0.9140625
d2_20_b,d2_20,b,native,recall,p11,p12,complete,64,1920,0.46458333333333335,588,724,442,128,38,0.44479166666666664,0.4851627604166666
d2_20_b,d2_20,b,native,f1,p08,p09,complete,64,1920,0.71796875,1376,539,0,5,0,0.6307161458333334,0.7963736979166666
d2_20_b,d2_20,b,native,f1,p08,p10,complete,64,1920,0.90234375,1725,180,0,15,0,0.8763020833333334,0.9250065104166667
d2_20_b,d2_20,b,native,f1,p08,p11,complete,64,1920,0.70078125,1339,568,0,13,0,0.6645768229166666,0.7283854166666667
d2_20_b,d2_20,b,native,f1,p08,p12,complete,64,1920,0.69296875,1322,581,0,17,0,0.6481770833333333,0.7310156249999998
d2_20_b,d2_20,b,native,f1,p09,p10,complete,64,1920,0.18411458333333333,350,1563,0,7,0,0.16093098958333335,0.2096419270833333
d2_20_b,d2_20,b,native,f1,p09,p11,complete,64,1920,0.69140625,1311,576,0,33,0,0.6476497395833334,0.7307291666666667
d2_20_b,d2_20,b,native,f1,p09,p12,complete,64,1920,0.8510416666666667,1615,267,0,38,0,0.7596354166666667,0.9328125
d2_20_b,d2_20,b,native,f1,p10,p11,complete,64,1920,0.7333333333333333,1407,511,0,2,0,0.7174479166666666,0.746875
d2_20_b,d2_20,b,native,f1,p10,p12,complete,64,1920,0.9033854166666667,1733,184,0,3,0,0.88462890625,0.9192708333333334
d2_20_b,d2_20,b,native,f1,p11,p12,complete,64,1920,0.46458333333333335,588,724,442,128,38,0.44479166666666664,0.4851627604166666
d2_20_b,d2_20,b,native,artifact_peak_ratio,p08,p09,complete,64,1920,0.71796875,1376,539,0,5,0,0.6307161458333334,0.7963736979166666
d2_20_b,d2_20,b,native,artifact_peak_ratio,p08,p10,complete,64,1920,0.9013020833333333,1723,182,0,15,0,0.8677018229166666,0.9307291666666667
d2_20_b,d2_20,b,native,artifact_peak_ratio,p08,p11,complete,64,1920,0.68359375,1306,601,0,13,0,0.6478971354166667,0.7135481770833333
d2_20_b,d2_20,b,native,artifact_peak_ratio,p08,p12,complete,64,1920,0.69296875,1322,581,0,17,0,0.6481770833333333,0.7310156249999998
d2_20_b,d2_20,b,native,artifact_peak_ratio,p09,p10,complete,64,1920,0.19973958333333333,380,1533,0,7,0,0.17578125,0.22604166666666667
d2_20_b,d2_20,b,native,artifact_peak_ratio,p09,p11,complete,64,1920,0.6830729166666667,1295,592,0,33,0,0.6395833333333333,0.721875
d2_20_b,d2_20,b,native,artifact_peak_ratio,p09,p12,complete,64,1920,0.8510416666666667,1615,267,0,38,0,0.7596354166666667,0.9328125
d2_20_b,d2_20,b,native,artifact_peak_ratio,p10,p11,complete,64,1920,0.7333333333333333,1407,511,0,2,0,0.7174479166666666,0.746875
d2_20_b,d2_20,b,native,artifact_peak_ratio,p10,p12,complete,64,1920,0.9028645833333333,1732,185,0,3,0,0.8841145833333334,0.91875
d2_20_b,d2_20,b,native,artifact_peak_ratio,p11,p12,complete,64,1920,0.46458333333333335,588,724,442,128,38,0.44479166666666664,0.4851627604166666
d2_20_b,d2_20,b,native,missing_peak_ratio,p08,p09,complete,64,1920,0.71796875,1376,539,0,5,0,0.6307161458333334,0.7963736979166666
d2_20_b,d2_20,b,native,missing_peak_ratio,p08,p10,complete,64,1920,0.8966145833333333,1714,191,0,15,0,0.8749934895833333,0.91796875
d2_20_b,d2_20,b,native,missing_peak_ratio,p08,p11,complete,64,1920,0.70078125,1339,568,0,13,0,0.6648372395833333,0.72890625
d2_20_b,d2_20,b,native,missing_peak_ratio,p08,p12,complete,64,1920,0.69296875,1322,581,0,17,0,0.6481770833333333,0.7310156249999998
d2_20_b,d2_20,b,native,missing_peak_ratio,p09,p10,complete,64,1920,0.17109375,325,1588,0,7,0,0.14764973958333333,0.19713541666666667
d2_20_b,d2_20,b,native,missing_peak_ratio,p09,p11,complete,64,1920,0.6966145833333334,1321,566,0,33,0,0.65234375,0.7369791666666666
d2_20_b,d2_20,b,native,missing_peak_ratio,p09,p12,complete,64,1920,0.8510416666666667,1615,267,0,38,0,0.7596354166666667,0.9328125
d2_20_b,d2_20,b,native,missing_peak_ratio,p10,p11,complete,64,1920,0.7333333333333333,1407,511,0,2,0,0.7174479166666666,0.746875
d2_20_b,d2_20,b,native,missing_peak_ratio,p10,p12,complete,64,1920,0.8971354166666666,1721,196,0,3,0,0.87734375,0.9140625
d2_20_b,d2_20,b,native,missing_peak_ratio,p11,p12,complete,64,1920,0.46458333333333335,588,724,442,128,38,0.44479166666666664,0.4851627604166666
d2_20_b,d2_20,b,common_grid,mse,p08,p09,complete,64,1920,0.6622395833333333,1269,646,0,5,0,0.6255143229166666,0.6953125
d2_20_b,d2_20,b,common_grid,mse,p08,p10,complete,64,1920,0.6268229166666667,1196,709,0,15,0,0.6025976562500001,0.6541666666666667
d2_20_b,d2_20,b,common_grid,mse,p08,p11,complete,64,1920,0.6950520833333333,1328,579,0,13,0,0.6567643229166666,0.72734375
d2_20_b,d2_20,b,common_grid,mse,p08,p12,complete,64,1920,0.7716145833333333,1473,430,0,17,0,0.7109244791666667,0.8229166666666666
d2_20_b,d2_20,b,common_grid,mse,p09,p10,complete,64,1920,0.61015625,1168,745,0,7,0,0.58072265625,0.6416666666666667
d2_20_b,d2_20,b,common_grid,mse,p09,p11,complete,64,1920,0.6903645833333333,1309,578,0,33,0,0.6270768229166667,0.7492317708333333
d2_20_b,d2_20,b,common_grid,mse,p09,p12,complete,64,1920,0.7661458333333333,1452,430,0,38,0,0.6895833333333333,0.8312565104166667
d2_20_b,d2_20,b,common_grid,mse,p10,p11,complete,64,1920,0.7369791666666666,1414,504,0,2,0,0.7140625,0.7609440104166667
d2_20_b,d2_20,b,common_grid,mse,p10,p12,complete,64,1920,0.8440104166666667,1619,298,0,3,0,0.83359375,0.8565104166666667
d2_20_b,d2_20,b,common_grid,mse,p11,p12,complete,64,1920,0.39166666666666666,669,1085,0,166,0,0.34452473958333335,0.43802734374999996
d2_20_b,d2_20,b,common_grid,rmse,p08,p09,complete,64,1920,0.6622395833333333,1269,646,0,5,0,0.6255143229166666,0.6953125
d2_20_b,d2_20,b,common_grid,rmse,p08,p10,complete,64,1920,0.6268229166666667,1196,709,0,15,0,0.6025976562500001,0.6541666666666667
d2_20_b,d2_20,b,common_grid,rmse,p08,p11,complete,64,1920,0.69609375,1330,577,0,13,0,0.6578125,0.72890625
d2_20_b,d2_20,b,common_grid,rmse,p08,p12,complete,64,1920,0.77265625,1475,428,0,17,0,0.7117122395833333,0.82421875
d2_20_b,d2_20,b,common_grid,rmse,p09,p10,complete,64,1920,0.6205729166666667,1188,725,0,7,0,0.59009765625,0.6549479166666666
d2_20_b,d2_20,b,common_grid,rmse,p09,p11,complete,64,1920,0.6903645833333333,1309,578,0,33,0,0.6270768229166667,0.7492317708333333
d2_20_b,d2_20,b,common_grid,rmse,p09,p12,complete,64,1920,0.7661458333333333,1452,430,0,38,0,0.6895833333333333,0.8312565104166667
d2_20_b,d2_20,b,common_grid,rmse,p10,p11,complete,64,1920,0.7375,1415,503,0,2,0,0.7145833333333333,0.7611979166666667
d2_20_b,d2_20,b,common_grid,rmse,p10,p12,complete,64,1920,0.8440104166666667,1619,298,0,3,0,0.83359375,0.8565104166666667
d2_20_b,d2_20,b,common_grid,rmse,p11,p12,complete,64,1920,0.39166666666666666,669,1085,0,166,0,0.34452473958333335,0.43802734374999996
d2_20_b,d2_20,b,common_grid,mae,p08,p09,complete,64,1920,0.60390625,1157,758,0,5,0,0.5716080729166667,0.63515625
d2_20_b,d2_20,b,common_grid,mae,p08,p10,complete,64,1920,0.5190104166666667,989,916,0,15,0,0.4875,0.5536458333333333
d2_20_b,d2_20,b,common_grid,mae,p08,p11,complete,64,1920,0.7059895833333333,1349,558,0,13,0,0.6674348958333334,0.7377604166666667
d2_20_b,d2_20,b,common_grid,mae,p08,p12,complete,64,1920,0.7903645833333334,1509,394,0,17,0,0.7257747395833334,0.8440169270833333
d2_20_b,d2_20,b,common_grid,mae,p09,p10,complete,64,1920,0.6986979166666667,1338,575,0,7,0,0.6669205729166666,0.7284049479166665
d2_20_b,d2_20,b,common_grid,mae,p09,p11,complete,64,1920,0.69140625,1311,576,0,33,0,0.6268229166666667,0.7505208333333333
d2_20_b,d2_20,b,common_grid,mae,p09,p12,complete,64,1920,0.7765625,1472,410,0,38,0,0.6981640625,0.8440104166666667
d2_20_b,d2_20,b,common_grid,mae,p10,p11,complete,64,1920,0.7395833333333334,1419,499,0,2,0,0.7177018229166666,0.7627669270833334
d2_20_b,d2_20,b,common_grid,mae,p10,p12,complete,64,1920,0.8606770833333334,1651,266,0,3,0,0.8481770833333333,0.87474609375
d2_20_b,d2_20,b,common_grid,mae,p11,p12,complete,64,1920,0.378125,643,1111,0,166,0,0.3247330729166667,0.4309895833333333
d2_20_b,d2_20,b,common_grid,sam,p08,p09,complete,64,1920,0.66015625,1265,650,0,5,0,0.6231770833333333,0.6932291666666667
d2_20_b,d2_20,b,common_grid,sam,p08,p10,complete,64,1920,0.6231770833333333,1189,716,0,15,0,0.5984375,0.6510481770833333
d2_20_b,d2_20,b,common_grid,sam,p08,p11,complete,64,1920,0.68359375,1306,601,0,13,0,0.6447916666666667,0.7174609374999998
d2_20_b,d2_20,b,common_grid,sam,p08,p12,complete,64,1920,0.7700520833333333,1470,433,0,17,0,0.7096158854166666,0.82162109375
d2_20_b,d2_20,b,common_grid,sam,p09,p10,complete,64,1920,0.6252604166666667,1197,716,0,7,0,0.5950520833333334,0.6593815104166667
d2_20_b,d2_20,b,common_grid,sam,p09,p11,complete,64,1920,0.6856770833333333,1300,587,0,33,0,0.6262955729166667,0.7432291666666667
d2_20_b,d2_20,b,common_grid,sam,p09,p12,complete,64,1920,0.7645833333333333,1449,433,0,38,0,0.6895572916666667,0.83021484375
d2_20_b,d2_20,b,common_grid,sam,p10,p11,complete,64,1920,0.7265625,1394,524,0,2,0,0.7033854166666667,0.7515625
d2_20_b,d2_20,b,common_grid,sam,p10,p12,complete,64,1920,0.83984375,1611,306,0,3,0,0.8296875,0.8513020833333333
d2_20_b,d2_20,b,common_grid,sam,p11,p12,complete,64,1920,0.39114583333333336,668,1086,0,166,0,0.34400390625,0.43776041666666665
d2_20_b,d2_20,b,common_grid,pearson_r,p08,p09,complete,64,1920,0.62890625,1205,710,0,5,0,0.5955729166666667,0.6601627604166667
d2_20_b,d2_20,b,common_grid,pearson_r,p08,p10,complete,64,1920,0.5716145833333334,1090,815,0,15,0,0.5364518229166667,0.6096354166666667
d2_20_b,d2_20,b,common_grid,pearson_r,p08,p11,complete,64,1920,0.5888020833333333,1124,783,0,13,0,0.5486979166666667,0.6268229166666667
d2_20_b,d2_20,b,common_grid,pearson_r,p08,p12,complete,64,1920,0.75859375,1448,455,0,17,0,0.6999934895833333,0.80859375
d2_20_b,d2_20,b,common_grid,pearson_r,p09,p10,complete,64,1920,0.6372395833333333,1220,693,0,7,0,0.6054622395833333,0.6713606770833334
d2_20_b,d2_20,b,common_grid,pearson_r,p09,p11,complete,64,1920,0.59765625,1131,756,0,33,0,0.54765625,0.6487174479166665
d2_20_b,d2_20,b,common_grid,pearson_r,p09,p12,complete,64,1920,0.753125,1427,455,0,38,0,0.68046875,0.8161653645833332
d2_20_b,d2_20,b,common_grid,pearson_r,p10,p11,complete,64,1920,0.6135416666666667,1177,741,0,2,0,0.571875,0.65546875
d2_20_b,d2_20,b,common_grid,pearson_r,p10,p12,complete,64,1920,0.8278645833333333,1588,329,0,3,0,0.81484375,0.8427083333333333
d2_20_b,d2_20,b,common_grid,pearson_r,p11,p12,complete,64,1920,0.39010416666666664,666,1088,0,166,0,0.34243489583333336,0.43698567708333325
d2_20_b,d2_20,b,common_grid,nmse,p08,p09,complete,64,1920,0.6622395833333333,1269,646,0,5,0,0.6255143229166666,0.6953125
d2_20_b,d2_20,b,common_grid,nmse,p08,p10,complete,64,1920,0.6268229166666667,1196,709,0,15,0,0.6025976562500001,0.6541666666666667
d2_20_b,d2_20,b,common_grid,nmse,p08,p11,complete,64,1920,0.6940104166666666,1326,581,0,13,0,0.6557096354166667,0.7278645833333334
d2_20_b,d2_20,b,common_grid,nmse,p08,p12,complete,64,1920,0.7721354166666666,1474,429,0,17,0,0.7114322916666667,0.8229166666666666
d2_20_b,d2_20,b,common_grid,nmse,p09,p10,complete,64,1920,0.6143229166666667,1176,737,0,7,0,0.58359375,0.6481901041666666
d2_20_b,d2_20,b,common_grid,nmse,p09,p11,complete,64,1920,0.68828125,1305,582,0,33,0,0.6270638020833333,0.7473958333333334
d2_20_b,d2_20,b,common_grid,nmse,p09,p12,complete,64,1920,0.765625,1451,431,0,38,0,0.6895703125,0.8307421874999998
d2_20_b,d2_20,b,common_grid,nmse,p10,p11,complete,64,1920,0.7333333333333333,1407,511,0,2,0,0.7098958333333333,0.7578125
d2_20_b,d2_20,b,common_grid,nmse,p10,p12,complete,64,1920,0.8434895833333333,1618,299,0,3,0,0.83359375,0.8557291666666667
d2_20_b,d2_20,b,common_grid,nmse,p11,p12,complete,64,1920,0.3927083333333333,671,1083,0,166,0,0.3453125,0.4395833333333333
d2_20_b,d2_20,b,common_grid,wasserstein_1_cm1,p08,p09,complete,64,1920,0.2981770833333333,570,1345,0,5,0,0.22212890625,0.3825651041666666
d2_20_b,d2_20,b,common_grid,wasserstein_1_cm1,p08,p10,complete,64,1920,0.38255208333333335,727,1178,0,15,0,0.35181640625,0.4164127604166666
d2_20_b,d2_20,b,common_grid,wasserstein_1_cm1,p08,p11,complete,64,1920,0.9200520833333333,1760,147,0,13,0,0.8453059895833334,0.975
d2_20_b,d2_20,b,common_grid,wasserstein_1_cm1,p08,p12,complete,64,1920,0.8872395833333333,1695,208,0,17,0,0.7984375,0.9627669270833333
d2_20_b,d2_20,b,common_grid,wasserstein_1_cm1,p09,p10,complete,64,1920,0.88203125,1690,223,0,7,0,0.8578125,0.9015625
d2_20_b,d2_20,b,common_grid,wasserstein_1_cm1,p09,p11,complete,64,1920,0.8497395833333333,1615,272,0,33,0,0.7653515625,0.9247395833333333
d2_20_b,d2_20,b,common_grid,wasserstein_1_cm1,p09,p12,complete,64,1920,0.8510416666666667,1615,267,0,38,0,0.7596354166666667,0.9328125
d2_20_b,d2_20,b,common_grid,wasserstein_1_cm1,p10,p11,complete,64,1920,0.9692708333333333,1860,58,0,2,0,0.9429622395833334,0.9940104166666667
d2_20_b,d2_20,b,common_grid,wasserstein_1_cm1,p10,p12,complete,64,1920,0.9596354166666666,1841,76,0,3,0,0.9231770833333334,0.9901041666666667
d2_20_b,d2_20,b,common_grid,wasserstein_1_cm1,p11,p12,complete,64,1920,0.39947916666666666,684,1070,0,166,0,0.36041015625,0.43776692708333326
d2_20_b,d2_20,b,common_grid,is_like_structure_to_noise,p08,p09,complete,64,1920,0.71796875,1376,539,0,5,0,0.6307161458333334,0.7963736979166666
d2_20_b,d2_20,b,common_grid,is_like_structure_to_noise,p08,p10,complete,64,1920,0.4283854166666667,815,1090,0,15,0,0.396875,0.4588541666666667
d2_20_b,d2_20,b,common_grid,is_like_structure_to_noise,p08,p11,complete,64,1920,0.47369791666666666,903,1004,0,13,0,0.45051432291666665,0.5000065104166667
d2_20_b,d2_20,b,common_grid,is_like_structure_to_noise,p08,p12,complete,64,1920,0.40338541666666666,766,1137,0,17,0,0.37109375,0.4388085937499999
d2_20_b,d2_20,b,common_grid,is_like_structure_to_noise,p09,p10,complete,64,1920,0.17057291666666666,324,1589,0,7,0,0.14713541666666666,0.196875
d2_20_b,d2_20,b,common_grid,is_like_structure_to_noise,p09,p11,complete,64,1920,0.8575520833333333,1630,257,0,33,0,0.7752473958333334,0.9333333333333333
d2_20_b,d2_20,b,common_grid,is_like_structure_to_noise,p09,p12,complete,64,1920,0.8510416666666667,1615,267,0,38,0,0.7596354166666667,0.9328125
d2_20_b,d2_20,b,common_grid,is_like_structure_to_noise,p10,p11,complete,64,1920,0.4473958333333333,858,1060,0,2,0,0.41796875,0.47370442708333327
d2_20_b,d2_20,b,common_grid,is_like_structure_to_noise,p10,p12,complete,64,1920,0.35234375,675,1242,0,3,0,0.31666666666666665,0.3848958333333333
d2_20_b,d2_20,b,common_grid,is_like_structure_to_noise,p11,p12,complete,64,1920,0.6307291666666667,1128,626,0,166,0,0.5757747395833334,0.68412109375
d2_20_b,d2_20,b,common_grid,precision,p08,p09,complete,64,1920,0.71796875,1376,539,0,5,0,0.6307161458333334,0.7963736979166666
d2_20_b,d2_20,b,common_grid,precision,p08,p10,complete,64,1920,0.9018229166666667,1724,181,0,15,0,0.8677018229166666,0.9304752604166666
d2_20_b,d2_20,b,common_grid,precision,p08,p11,complete,64,1920,0.07994791666666666,147,1760,0,13,0,0.025,0.15469401041666664
d2_20_b,d2_20,b,common_grid,precision,p08,p12,complete,64,1920,0.11276041666666667,208,1695,0,17,0,0.037233072916666665,0.2015625
d2_20_b,d2_20,b,common_grid,precision,p09,p10,complete,64,1920,0.19973958333333333,380,1533,0,7,0,0.17578125,0.2265625
d2_20_b,d2_20,b,common_grid,precision,p09,p11,complete,64,1920,0.6080729166666666,1151,736,0,33,0,0.56900390625,0.6450520833333333
d2_20_b,d2_20,b,common_grid,precision,p09,p12,complete,64,1920,0.8135416666666667,1543,339,0,38,0,0.7280989583333334,0.8888151041666665
d2_20_b,d2_20,b,common_grid,precision,p10,p11,complete,64,1920,0.1296875,248,1670,0,2,0,0.10077473958333334,0.1625
d2_20_b,d2_20,b,common_grid,precision,p10,p12,complete,64,1920,0.29192708333333334,559,1358,0,3,0,0.24738932291666668,0.3416666666666667
d2_20_b,d2_20,b,common_grid,precision,p11,p12,complete,64,1920,0.3671875,622,1132,0,166,0,0.3122265625,0.4195507812499999
d2_20_b,d2_20,b,common_grid,recall,p08,p09,complete,64,1920,0.71796875,1376,539,0,5,0,0.6307161458333334,0.7963736979166666
d2_20_b,d2_20,b,common_grid,recall,p08,p10,complete,64,1920,0.90078125,1722,183,0,15,0,0.8809895833333333,0.92109375
d2_20_b,d2_20,b,common_grid,recall,p08,p11,complete,64,1920,0.07994791666666666,147,1760,0,13,0,0.025,0.15469401041666664
d2_20_b,d2_20,b,common_grid,recall,p08,p12,complete,64,1920,0.13203125,245,1658,0,17,0,0.0559765625,0.22344401041666664
d2_20_b,d2_20,b,common_grid,recall,p09,p10,complete,64,1920,0.17161458333333332,326,1587,0,7,0,0.14765625,0.1979231770833333
d2_20_b,d2_20,b,common_grid,recall,p09,p11,complete,64,1920,0.68671875,1302,585,0,33,0,0.6364518229166667,0.7320377604166667
d2_20_b,d2_20,b,common_grid,recall,p09,p12,complete,64,1920,0.8291666666666667,1573,309,0,38,0,0.74087890625,0.9059895833333333
d2_20_b,d2_20,b,common_grid,recall,p10,p11,complete,64,1920,0.13072916666666667,250,1668,0,2,0,0.09947916666666666,0.1640625
d2_20_b,d2_20,b,common_grid,recall,p10,p12,complete,64,1920,0.2747395833333333,526,1391,0,3,0,0.23125,0.32057291666666665
d2_20_b,d2_20,b,common_grid,recall,p11,p12,complete,64,1920,0.3619791666666667,612,1142,0,166,0,0.30598307291666665,0.41458984374999996
d2_20_b,d2_20,b,common_grid,f1,p08,p09,complete,64,1920,0.71796875,1376,539,0,5,0,0.6307161458333334,0.7963736979166666
d2_20_b,d2_20,b,common_grid,f1,p08,p10,complete,64,1920,0.9059895833333333,1732,173,0,15,0,0.8817708333333333,0.9286458333333333
d2_20_b,d2_20,b,common_grid,f1,p08,p11,complete,64,1920,0.07994791666666666,147,1760,0,13,0,0.025,0.15469401041666664
d2_20_b,d2_20,b,common_grid,f1,p08,p12,complete,64,1920,0.11276041666666667,208,1695,0,17,0,0.037233072916666665,0.2015625
d2_20_b,d2_20,b,common_grid,f1,p09,p10,complete,64,1920,0.18411458333333333,350,1563,0,7,0,0.16067708333333333,0.21067708333333332
d2_20_b,d2_20,b,common_grid,f1,p09,p11,complete,64,1920,0.6580729166666667,1247,640,0,33,0,0.6143229166666667,0.7002669270833334
d2_20_b,d2_20,b,common_grid,f1,p09,p12,complete,64,1920,0.8166666666666667,1549,333,0,38,0,0.7317643229166667,0.8921875
d2_20_b,d2_20,b,common_grid,f1,p10,p11,complete,64,1920,0.128125,245,1673,0,2,0,0.09973307291666668,0.15989583333333332
d2_20_b,d2_20,b,common_grid,f1,p10,p12,complete,64,1920,0.28411458333333334,544,1373,0,3,0,0.24010416666666667,0.33177734374999995
d2_20_b,d2_20,b,common_grid,f1,p11,p12,complete,64,1920,0.3625,613,1141,0,166,0,0.30755208333333334,0.4158854166666667
d2_20_b,d2_20,b,common_grid,artifact_peak_ratio,p08,p09,complete,64,1920,0.71796875,1376,539,0,5,0,0.6307161458333334,0.7963736979166666
d2_20_b,d2_20,b,common_grid,artifact_peak_ratio,p08,p10,complete,64,1920,0.9018229166666667,1724,181,0,15,0,0.8677018229166666,0.9304752604166666
d2_20_b,d2_20,b,common_grid,artifact_peak_ratio,p08,p11,complete,64,1920,0.07994791666666666,147,1760,0,13,0,0.025,0.15469401041666664
d2_20_b,d2_20,b,common_grid,artifact_peak_ratio,p08,p12,complete,64,1920,0.11276041666666667,208,1695,0,17,0,0.037233072916666665,0.2015625
d2_20_b,d2_20,b,common_grid,artifact_peak_ratio,p09,p10,complete,64,1920,0.19973958333333333,380,1533,0,7,0,0.17578125,0.2265625
d2_20_b,d2_20,b,common_grid,artifact_peak_ratio,p09,p11,complete,64,1920,0.6080729166666666,1151,736,0,33,0,0.56900390625,0.6450520833333333
d2_20_b,d2_20,b,common_grid,artifact_peak_ratio,p09,p12,complete,64,1920,0.8135416666666667,1543,339,0,38,0,0.7280989583333334,0.8888151041666665
d2_20_b,d2_20,b,common_grid,artifact_peak_ratio,p10,p11,complete,64,1920,0.1296875,248,1670,0,2,0,0.10077473958333334,0.1625
d2_20_b,d2_20,b,common_grid,artifact_peak_ratio,p10,p12,complete,64,1920,0.29192708333333334,559,1358,0,3,0,0.24738932291666668,0.3416666666666667
d2_20_b,d2_20,b,common_grid,artifact_peak_ratio,p11,p12,complete,64,1920,0.3671875,622,1132,0,166,0,0.3122265625,0.4195507812499999
d2_20_b,d2_20,b,common_grid,missing_peak_ratio,p08,p09,complete,64,1920,0.71796875,1376,539,0,5,0,0.6307161458333334,0.7963736979166666
d2_20_b,d2_20,b,common_grid,missing_peak_ratio,p08,p10,complete,64,1920,0.90078125,1722,183,0,15,0,0.8809895833333333,0.92109375
d2_20_b,d2_20,b,common_grid,missing_peak_ratio,p08,p11,complete,64,1920,0.07994791666666666,147,1760,0,13,0,0.025,0.15469401041666664
d2_20_b,d2_20,b,common_grid,missing_peak_ratio,p08,p12,complete,64,1920,0.13203125,245,1658,0,17,0,0.0559765625,0.22344401041666664
d2_20_b,d2_20,b,common_grid,missing_peak_ratio,p09,p10,complete,64,1920,0.17161458333333332,326,1587,0,7,0,0.14765625,0.1979231770833333
d2_20_b,d2_20,b,common_grid,missing_peak_ratio,p09,p11,complete,64,1920,0.68671875,1302,585,0,33,0,0.6364518229166667,0.7320377604166667
d2_20_b,d2_20,b,common_grid,missing_peak_ratio,p09,p12,complete,64,1920,0.8291666666666667,1573,309,0,38,0,0.74087890625,0.9059895833333333
d2_20_b,d2_20,b,common_grid,missing_peak_ratio,p10,p11,complete,64,1920,0.13072916666666667,250,1668,0,2,0,0.09947916666666666,0.1640625
d2_20_b,d2_20,b,common_grid,missing_peak_ratio,p10,p12,complete,64,1920,0.2747395833333333,526,1391,0,3,0,0.23125,0.32057291666666665
d2_20_b,d2_20,b,common_grid,missing_peak_ratio,p11,p12,complete,64,1920,0.3619791666666667,612,1142,0,166,0,0.30598307291666665,0.41458984374999996
d4_a,d4,a,native,mse,p08,p09,complete,64,15360,0.7863932291666667,12079,3281,0,0,0,0.7731119791666666,0.7995442708333333
d4_a,d4,a,native,mse,p08,p10,complete,64,15360,0.89228515625,13087,1036,1237,0,0,0.8851888020833333,0.8993172200520833
d4_a,d4,a,native,mse,p08,p11,complete,64,15360,1.0,15360,0,0,0,0,1.0,1.0
d4_a,d4,a,native,mse,p08,p12,complete,64,15360,0.9999348958333333,15359,1,0,0,0,0.9998046875,1.0
d4_a,d4,a,native,mse,p09,p10,complete,64,15360,0.7231119791666667,11107,4253,0,0,0,0.7138004557291666,0.732099609375
d4_a,d4,a,native,mse,p09,p11,complete,64,15360,0.9997395833333333,15356,4,0,0,0,0.9994791666666667,0.9999348958333333
d4_a,d4,a,native,mse,p09,p12,complete,64,15360,0.9998697916666667,15358,2,0,0,0,0.999609375,1.0
d4_a,d4,a,native,mse,p10,p11,complete,64,15360,1.0,15360,0,0,0,0,1.0,1.0
d4_a,d4,a,native,mse,p10,p12,complete,64,15360,1.0,15360,0,0,0,0,1.0,1.0
d4_a,d4,a,native,mse,p11,p12,complete,64,15360,0.5,0,0,15360,0,0,0.5,0.5
d4_a,d4,a,native,rmse,p08,p09,complete,64,15360,0.7874348958333334,12095,3265,0,0,0,0.7743473307291666,0.8005224609375
d4_a,d4,a,native,rmse,p08,p10,complete,64,15360,0.8953450520833334,13056,911,1393,0,0,0.8883455403645834,0.9019205729166667
d4_a,d4,a,native,rmse,p08,p11,complete,64,15360,1.0,15360,0,0,0,0,1.0,1.0
d4_a,d4,a,native,rmse,p08,p12,complete,64,15360,0.9999348958333333,15359,1,0,0,0,0.9998046875,1.0
d4_a,d4,a,native,rmse,p09,p10,complete,64,15360,0.7241536458333333,11123,4237,0,0,0,0.7147102864583333,0.7332063802083333
d4_a,d4,a,native,rmse,p09,p11,complete,64,15360,0.9997395833333333,15356,4,0,0,0,0.9994791666666667,0.9999348958333333
d4_a,d4,a,native,rmse,p09,p12,complete,64,15360,0.9998697916666667,15358,2,0,0,0,0.999609375,1.0
d4_a,d4,a,native,rmse,p10,p11,complete,64,15360,1.0,15360,0,0,0,0,1.0,1.0
d4_a,d4,a,native,rmse,p10,p12,complete,64,15360,1.0,15360,0,0,0,0,1.0,1.0
d4_a,d4,a,native,rmse,p11,p12,complete,64,15360,0.5,0,0,15360,0,0,0.5,0.5
d4_a,d4,a,native,mae,p08,p09,complete,64,15360,0.8456380208333333,12989,2371,0,0,0,0.8354817708333333,0.8559895833333333
d4_a,d4,a,native,mae,p08,p10,complete,64,15360,0.8541015625,13119,2241,0,0,0,0.8436181640625,0.8643896484375
d4_a,d4,a,native,mae,p08,p11,complete,64,15360,1.0,15360,0,0,0,0,1.0,1.0
d4_a,d4,a,native,mae,p08,p12,complete,64,15360,0.9999348958333333,15359,1,0,0,0,0.9998046875,1.0
d4_a,d4,a,native,mae,p09,p10,complete,64,15360,0.6585286458333334,10115,5245,0,0,0,0.6537093098958333,0.6633463541666667
d4_a,d4,a,native,mae,p09,p11,complete,64,15360,0.9997395833333333,15356,4,0,0,0,0.9994791666666667,0.9999348958333333
d4_a,d4,a,native,mae,p09,p12,complete,64,15360,0.9998697916666667,15358,2,0,0,0,0.999609375,1.0
d4_a,d4,a,native,mae,p10,p11,complete,64,15360,1.0,15360,0,0,0,0,1.0,1.0
d4_a,d4,a,native,mae,p10,p12,complete,64,15360,1.0,15360,0,0,0,0,1.0,1.0
d4_a,d4,a,native,mae,p11,p12,complete,64,15360,0.5,0,0,15360,0,0,0.5,0.5
d4_a,d4,a,native,sam,p08,p09,complete,64,15360,0.7884114583333334,12110,3250,0,0,0,0.7760400390625,0.8006510416666667
d4_a,d4,a,native,sam,p08,p10,complete,64,15360,0.89296875,13716,1644,0,0,0,0.8826155598958333,0.9032552083333333
d4_a,d4,a,native,sam,p08,p11,complete,64,15360,1.0,15360,0,0,0,0,1.0,1.0
d4_a,d4,a,native,sam,p08,p12,complete,64,15360,0.9999348958333333,15359,1,0,0,0,0.9998046875,1.0
d4_a,d4,a,native,sam,p09,p10,complete,64,15360,0.7231119791666667,11107,4253,0,0,0,0.71484375,0.7313167317708333
d4_a,d4,a,native,sam,p09,p11,complete,64,15360,0.9997395833333333,15356,4,0,0,0,0.9994791666666667,0.9999348958333333
d4_a,d4,a,native,sam,p09,p12,complete,64,15360,0.9998697916666667,15358,2,0,0,0,0.999609375,1.0
d4_a,d4,a,native,sam,p10,p11,complete,64,15360,1.0,15360,0,0,0,0,1.0,1.0
d4_a,d4,a,native,sam,p10,p12,complete,64,15360,1.0,15360,0,0,0,0,1.0,1.0
d4_a,d4,a,native,sam,p11,p12,complete,64,15360,0.5,0,0,15360,0,0,0.5,0.5
d4_a,d4,a,native,pearson_r,p08,p09,complete,64,15360,0.7870442708333333,12089,3271,0,0,0,0.7741520182291667,0.8005208333333333
d4_a,d4,a,native,pearson_r,p08,p10,complete,64,15360,0.8913411458333333,13691,1669,0,0,0,0.8814436848958334,0.9015641276041667
d4_a,d4,a,native,pearson_r,p08,p11,complete,64,15360,1.0,15360,0,0,0,0,1.0,1.0
d4_a,d4,a,native,pearson_r,p08,p12,complete,64,15360,0.9999348958333333,15359,1,0,0,0,0.9998046875,1.0
d4_a,d4,a,native,pearson_r,p09,p10,complete,64,15360,0.7240885416666667,11122,4238,0,0,0,0.7151692708333334,0.732490234375
d4_a,d4,a,native,pearson_r,p09,p11,complete,64,15360,0.9997395833333333,15356,4,0,0,0,0.9994791666666667,0.9999348958333333
d4_a,d4,a,native,pearson_r,p09,p12,complete,64,15360,0.9998697916666667,15358,2,0,0,0,0.999609375,1.0
d4_a,d4,a,native,pearson_r,p10,p11,complete,64,15360,1.0,15360,0,0,0,0,1.0,1.0
d4_a,d4,a,native,pearson_r,p10,p12,complete,64,15360,1.0,15360,0,0,0,0,1.0,1.0
d4_a,d4,a,native,pearson_r,p11,p12,complete,64,15360,0.5,0,0,15360,0,0,0.5,0.5
d4_a,d4,a,native,nmse,p08,p09,complete,64,15360,0.7863932291666667,12079,3281,0,0,0,0.7731119791666666,0.7995442708333333
d4_a,d4,a,native,nmse,p08,p10,complete,64,15360,0.8919270833333334,12947,907,1506,0,0,0.8848958333333333,0.8987630208333334
d4_a,d4,a,native,nmse,p08,p11,complete,64,15360,1.0,15360,0,0,0,0,1.0,1.0
d4_a,d4,a,native,nmse,p08,p12,complete,64,15360,0.9999348958333333,15359,1,0,0,0,0.9998046875,1.0
d4_a,d4,a,native,nmse,p09,p10,complete,64,15360,0.7231119791666667,11107,4253,0,0,0,0.7138004557291666,0.732099609375
d4_a,d4,a,native,nmse,p09,p11,complete,64,15360,0.9997395833333333,15356,4,0,0,0,0.9994791666666667,0.9999348958333333
d4_a,d4,a,native,nmse,p09,p12,complete,64,15360,0.9998697916666667,15358,2,0,0,0,0.999609375,1.0
d4_a,d4,a,native,nmse,p10,p11,complete,64,15360,1.0,15360,0,0,0,0,1.0,1.0
d4_a,d4,a,native,nmse,p10,p12,complete,64,15360,1.0,15360,0,0,0,0,1.0,1.0
d4_a,d4,a,native,nmse,p11,p12,complete,64,15360,0.5,0,0,15360,0,0,0.5,0.5
d4_a,d4,a,native,wasserstein_1_cm1,p08,p09,complete,64,15360,0.7245442708333333,11129,4231,0,0,0,0.7135384114583333,0.7356136067708333
d4_a,d4,a,native,wasserstein_1_cm1,p08,p10,complete,64,15360,0.6266927083333333,9626,5734,0,0,0,0.6162093098958333,0.6377001953125
d4_a,d4,a,native,wasserstein_1_cm1,p08,p11,complete,64,15360,1.0,15360,0,0,0,0,1.0,1.0
d4_a,d4,a,native,wasserstein_1_cm1,p08,p12,complete,64,15360,0.9999348958333333,15359,1,0,0,0,0.9998046875,1.0
d4_a,d4,a,native,wasserstein_1_cm1,p09,p10,complete,64,15360,0.871875,13392,1968,0,0,0,0.8668619791666666,0.8768896484375
d4_a,d4,a,native,wasserstein_1_cm1,p09,p11,complete,64,15360,0.9088541666666666,13960,1400,0,0,0,0.9072916666666667,0.9104817708333334
d4_a,d4,a,native,wasserstein_1_cm1,p09,p12,complete,64,15360,0.979296875,15042,318,0,0,0,0.9783854166666667,0.9802099609375
d4_a,d4,a,native,wasserstein_1_cm1,p10,p11,complete,64,15360,1.0,15360,0,0,0,0,1.0,1.0
d4_a,d4,a,native,wasserstein_1_cm1,p10,p12,complete,64,15360,1.0,15360,0,0,0,0,1.0,1.0
d4_a,d4,a,native,wasserstein_1_cm1,p11,p12,complete,64,15360,0.6759765625,10383,4977,0,0,0,0.6501285807291667,0.701962890625
d4_a,d4,a,native,is_like_structure_to_noise,p08,p09,complete,64,15360,0.2857421875,4389,10971,0,0,0,0.27467447916666665,0.29648763020833335
d4_a,d4,a,native,is_like_structure_to_noise,p08,p10,complete,64,15360,0.2720703125,4179,11181,0,0,0,0.26191080729166666,0.2822265625
d4_a,d4,a,native,is_like_structure_to_noise,p08,p11,complete,64,15360,0.0,0,15360,0,0,0,0.0,0.0
d4_a,d4,a,native,is_like_structure_to_noise,p08,p12,complete,64,15360,6.510416666666667e-05,1,15359,0,0,0,0.0,0.0001953125
d4_a,d4,a,native,is_like_structure_to_noise,p09,p10,complete,64,15360,0.22102864583333334,3395,11965,0,0,0,0.21620930989583334,0.22584635416666668
d4_a,d4,a,native,is_like_structure_to_noise,p09,p11,complete,64,15360,0.9997395833333333,15356,4,0,0,0,0.9994791666666667,0.9999348958333333
d4_a,d4,a,native,is_like_structure_to_noise,p09,p12,complete,64,15360,0.9998697916666667,15358,2,0,0,0,0.999609375,1.0
d4_a,d4,a,native,is_like_structure_to_noise,p10,p11,complete,64,15360,0.0,0,15360,0,0,0,0.0,0.0
d4_a,d4,a,native,is_like_structure_to_noise,p10,p12,complete,64,15360,0.0,0,15360,0,0,0,0.0,0.0
d4_a,d4,a,native,is_like_structure_to_noise,p11,p12,complete,64,15360,0.5,0,0,15360,0,0,0.5,0.5
d4_a,d4,a,native,precision,p08,p09,complete,64,15360,0.2857421875,4389,10971,0,0,0,0.27467447916666665,0.29648763020833335
d4_a,d4,a,native,precision,p08,p10,complete,64,15360,0.5833984375,8961,6399,0,0,0,0.5731103515625,0.5938818359375
d4_a,d4,a,native,precision,p08,p11,complete,64,15360,0.7482421875,11493,3867,0,0,0,0.7463525390625,0.749609375
d4_a,d4,a,native,precision,p08,p12,complete,64,15360,0.7491536458333333,11507,3853,0,0,0,0.7477864583333333,0.75
d4_a,d4,a,native,precision,p09,p10,complete,64,15360,0.22454427083333334,3449,11911,0,0,0,0.2195947265625,0.22936197916666667
d4_a,d4,a,native,precision,p09,p11,complete,64,15360,0.7634114583333333,11726,3634,0,0,0,0.7600260416666667,0.7669921875
d4_a,d4,a,native,precision,p09,p12,complete,64,15360,0.9998697916666667,15358,2,0,0,0,0.999609375,1.0
d4_a,d4,a,native,precision,p10,p11,complete,64,15360,0.75,11520,3840,0,0,0,0.75,0.75
d4_a,d4,a,native,precision,p10,p12,complete,64,15360,1.0,15360,0,0,0,0,1.0,1.0
d4_a,d4,a,native,precision,p11,p12,complete,64,15360,0.61181640625,7820,4385,3155,0,0,0.5955721028645834,0.6278662109375
d4_a,d4,a,native,recall,p08,p09,complete,64,15360,0.2857421875,4389,10971,0,0,0,0.27467447916666665,0.29648763020833335
d4_a,d4,a,native,recall,p08,p10,complete,64,15360,0.5833984375,8961,6399,0,0,0,0.5731103515625,0.5938818359375
d4_a,d4,a,native,recall,p08,p11,complete,64,15360,0.7283203125,11185,4171,4,0,0,0.7232405598958334,0.733203125
d4_a,d4,a,native,recall,p08,p12,complete,64,15360,0.7332682291666667,11261,4095,4,0,0,0.7283854166666667,0.737890625
d4_a,d4,a,native,recall,p09,p10,complete,64,15360,0.22102864583333334,3395,11965,0,0,0,0.21620930989583334,0.22584635416666668
d4_a,d4,a,native,recall,p09,p11,complete,64,15360,0.7900065104166667,12134,3225,1,0,0,0.7846354166666667,0.7958333333333333
d4_a,d4,a,native,recall,p09,p12,complete,64,15360,0.9998697916666667,15358,2,0,0,0,0.999609375,1.0
d4_a,d4,a,native,recall,p10,p11,complete,64,15360,0.75,11520,3840,0,0,0,0.75,0.75
d4_a,d4,a,native,recall,p10,p12,complete,64,15360,0.9974609375,15321,39,0,0,0,0.9967447916666666,0.9981770833333333
d4_a,d4,a,native,recall,p11,p12,complete,64,15360,0.61181640625,7820,4385,3155,0,0,0.5955721028645834,0.6278662109375
d4_a,d4,a,native,f1,p08,p09,complete,64,15360,0.2857421875,4389,10971,0,0,0,0.27467447916666665,0.29648763020833335
d4_a,d4,a,native,f1,p08,p10,complete,64,15360,0.5833984375,8961,6399,0,0,0,0.5731103515625,0.5938818359375
d4_a,d4,a,native,f1,p08,p11,complete,64,15360,0.7479817708333333,11489,3871,0,0,0,0.7462239583333333,0.7492854817708333
d4_a,d4,a,native,f1,p08,p12,complete,64,15360,0.7489583333333333,11504,3856,0,0,0,0.7473958333333334,0.75
d4_a,d4,a,native,f1,p09,p10,complete,64,15360,0.22135416666666666,3400,11960,0,0,0,0.21647135416666666,0.22604166666666667
d4_a,d4,a,native,f1,p09,p11,complete,64,15360,0.7766276041666667,11929,3431,0,0,0,0.7723307291666667,0.7813802083333333
d4_a,d4,a,native,f1,p09,p12,complete,64,15360,0.9998697916666667,15358,2,0,0,0,0.999609375,1.0
d4_a,d4,a,native,f1,p10,p11,complete,64,15360,0.75,11520,3840,0,0,0,0.75,0.75
d4_a,d4,a,native,f1,p10,p12,complete,64,15360,1.0,15360,0,0,0,0,1.0,1.0
d4_a,d4,a,native,f1,p11,p12,complete,64,15360,0.61181640625,7820,4385,3155,0,0,0.5955721028645834,0.6278662109375
d4_a,d4,a,native,artifact_peak_ratio,p08,p09,complete,64,15360,0.2857421875,4389,10971,0,0,0,0.27467447916666665,0.29648763020833335
d4_a,d4,a,native,artifact_peak_ratio,p08,p10,complete,64,15360,0.5833984375,8961,6399,0,0,0,0.5731103515625,0.5938818359375
d4_a,d4,a,native,artifact_peak_ratio,p08,p11,complete,64,15360,0.7482421875,11493,3867,0,0,0,0.7463525390625,0.749609375
d4_a,d4,a,native,artifact_peak_ratio,p08,p12,complete,64,15360,0.7491536458333333,11507,3853,0,0,0,0.7477864583333333,0.75
d4_a,d4,a,native,artifact_peak_ratio,p09,p10,complete,64,15360,0.22454427083333334,3449,11911,0,0,0,0.2195947265625,0.22936197916666667
d4_a,d4,a,native,artifact_peak_ratio,p09,p11,complete,64,15360,0.7634114583333333,11726,3634,0,0,0,0.7600260416666667,0.7669921875
d4_a,d4,a,native,artifact_peak_ratio,p09,p12,complete,64,15360,0.9998697916666667,15358,2,0,0,0,0.999609375,1.0
d4_a,d4,a,native,artifact_peak_ratio,p10,p11,complete,64,15360,0.75,11520,3840,0,0,0,0.75,0.75
d4_a,d4,a,native,artifact_peak_ratio,p10,p12,complete,64,15360,1.0,15360,0,0,0,0,1.0,1.0
d4_a,d4,a,native,artifact_peak_ratio,p11,p12,complete,64,15360,0.61181640625,7820,4385,3155,0,0,0.5955721028645834,0.6278662109375
d4_a,d4,a,native,missing_peak_ratio,p08,p09,complete,64,15360,0.2857421875,4389,10971,0,0,0,0.27467447916666665,0.29648763020833335
d4_a,d4,a,native,missing_peak_ratio,p08,p10,complete,64,15360,0.5833984375,8961,6399,0,0,0,0.5731103515625,0.5938818359375
d4_a,d4,a,native,missing_peak_ratio,p08,p11,complete,64,15360,0.7283203125,11185,4171,4,0,0,0.7232405598958334,0.733203125
d4_a,d4,a,native,missing_peak_ratio,p08,p12,complete,64,15360,0.7332682291666667,11261,4095,4,0,0,0.7283854166666667,0.737890625
d4_a,d4,a,native,missing_peak_ratio,p09,p10,complete,64,15360,0.22102864583333334,3395,11965,0,0,0,0.21620930989583334,0.22584635416666668
d4_a,d4,a,native,missing_peak_ratio,p09,p11,complete,64,15360,0.7900065104166667,12134,3225,1,0,0,0.7846354166666667,0.7958333333333333
d4_a,d4,a,native,missing_peak_ratio,p09,p12,complete,64,15360,0.9998697916666667,15358,2,0,0,0,0.999609375,1.0
d4_a,d4,a,native,missing_peak_ratio,p10,p11,complete,64,15360,0.75,11520,3840,0,0,0,0.75,0.75
d4_a,d4,a,native,missing_peak_ratio,p10,p12,complete,64,15360,0.9974609375,15321,39,0,0,0,0.9967447916666666,0.9981770833333333
d4_a,d4,a,native,missing_peak_ratio,p11,p12,complete,64,15360,0.61181640625,7820,4385,3155,0,0,0.5955721028645834,0.6278662109375
d4_a,d4,a,common_grid,mse,p08,p09,complete,64,15360,0.7662109375,11769,3591,0,0,0,0.753515625,0.7791031901041666
d4_a,d4,a,common_grid,mse,p08,p10,complete,64,15360,0.9297526041666667,14281,1079,0,0,0,0.9216129557291667,0.9375048828125
d4_a,d4,a,common_grid,mse,p08,p11,complete,64,15360,0.9968098958333333,15311,49,0,0,0,0.9944010416666667,0.9989599609375
d4_a,d4,a,common_grid,mse,p08,p12,complete,64,15360,0.9982421875,15333,27,0,0,0,0.9963525390625,0.9997395833333333
d4_a,d4,a,common_grid,mse,p09,p10,complete,64,15360,0.7085286458333333,10883,4477,0,0,0,0.699345703125,0.7171891276041666
d4_a,d4,a,common_grid,mse,p09,p11,complete,64,15360,0.9968098958333333,15311,49,0,0,0,0.9944010416666667,0.998828125
d4_a,d4,a,common_grid,mse,p09,p12,complete,64,15360,0.9983072916666667,15334,26,0,0,0,0.9964192708333334,0.9997395833333333
d4_a,d4,a,common_grid,mse,p10,p11,complete,64,15360,0.9968098958333333,15311,49,0,0,0,0.9944010416666667,0.9989599609375
d4_a,d4,a,common_grid,mse,p10,p12,complete,64,15360,0.9981770833333333,15332,28,0,0,0,0.9961588541666667,0.9997395833333333
d4_a,d4,a,common_grid,mse,p11,p12,complete,64,15360,0.6883463541666667,10573,4787,0,0,0,0.6609993489583333,0.715302734375
d4_a,d4,a,common_grid,rmse,p08,p09,complete,64,15360,0.7677734375,11793,3567,0,0,0,0.755078125,0.780859375
d4_a,d4,a,common_grid,rmse,p08,p10,complete,64,15360,0.9297526041666667,14281,1079,0,0,0,0.9216129557291667,0.9375048828125
d4_a,d4,a,common_grid,rmse,p08,p11,complete,64,15360,1.0,15360,0,0,0,0,1.0,1.0
d4_a,d4,a,common_grid,rmse,p08,p12,complete,64,15360,0.9999348958333333,15359,1,0,0,0,0.9998046875,1.0
d4_a,d4,a,common_grid,rmse,p09,p10,complete,64,15360,0.7137369791666667,10963,4397,0,0,0,0.704296875,0.723046875
d4_a,d4,a,common_grid,rmse,p09,p11,complete,64,15360,0.9997395833333333,15356,4,0,0,0,0.9994791666666667,0.9999348958333333
d4_a,d4,a,common_grid,rmse,p09,p12,complete,64,15360,0.9998697916666667,15358,2,0,0,0,0.999609375,1.0
d4_a,d4,a,common_grid,rmse,p10,p11,complete,64,15360,1.0,15360,0,0,0,0,1.0,1.0
d4_a,d4,a,common_grid,rmse,p10,p12,complete,64,15360,1.0,15360,0,0,0,0,1.0,1.0
d4_a,d4,a,common_grid,rmse,p11,p12,complete,64,15360,0.6913411458333333,10619,4741,0,0,0,0.6642561848958334,0.7182291666666667
d4_a,d4,a,common_grid,mae,p08,p09,complete,64,15360,0.8456380208333333,12989,2371,0,0,0,0.8354817708333333,0.8559895833333333
d4_a,d4,a,common_grid,mae,p08,p10,complete,64,15360,0.8541015625,13119,2241,0,0,0,0.8436181640625,0.8643896484375
d4_a,d4,a,common_grid,mae,p08,p11,complete,64,15360,1.0,15360,0,0,0,0,1.0,1.0
d4_a,d4,a,common_grid,mae,p08,p12,complete,64,15360,0.9999348958333333,15359,1,0,0,0,0.9998046875,1.0
d4_a,d4,a,common_grid,mae,p09,p10,complete,64,15360,0.6585286458333334,10115,5245,0,0,0,0.6537093098958333,0.6633463541666667
d4_a,d4,a,common_grid,mae,p09,p11,complete,64,15360,0.9997395833333333,15356,4,0,0,0,0.9994791666666667,0.9999348958333333
d4_a,d4,a,common_grid,mae,p09,p12,complete,64,15360,0.9998697916666667,15358,2,0,0,0,0.999609375,1.0
d4_a,d4,a,common_grid,mae,p10,p11,complete,64,15360,1.0,15360,0,0,0,0,1.0,1.0
d4_a,d4,a,common_grid,mae,p10,p12,complete,64,15360,1.0,15360,0,0,0,0,1.0,1.0
d4_a,d4,a,common_grid,mae,p11,p12,complete,64,15360,0.699609375,10746,4614,0,0,0,0.6721956380208334,0.726630859375
d4_a,d4,a,common_grid,sam,p08,p09,complete,64,15360,0.7729166666666667,11872,3488,0,0,0,0.761064453125,0.7850260416666667
d4_a,d4,a,common_grid,sam,p08,p10,complete,64,15360,0.9076171875,13941,1419,0,0,0,0.8985628255208333,0.9170572916666667
d4_a,d4,a,common_grid,sam,p08,p11,complete,64,15360,1.0,15360,0,0,0,0,1.0,1.0
d4_a,d4,a,common_grid,sam,p08,p12,complete,64,15360,0.9999348958333333,15359,1,0,0,0,0.9998046875,1.0
d4_a,d4,a,common_grid,sam,p09,p10,complete,64,15360,0.7125651041666666,10945,4415,0,0,0,0.7046207682291666,0.7207047526041667
d4_a,d4,a,common_grid,sam,p09,p11,complete,64,15360,0.9997395833333333,15356,4,0,0,0,0.9994791666666667,0.9999348958333333
d4_a,d4,a,common_grid,sam,p09,p12,complete,64,15360,0.9998697916666667,15358,2,0,0,0,0.999609375,1.0
d4_a,d4,a,common_grid,sam,p10,p11,complete,64,15360,1.0,15360,0,0,0,0,1.0,1.0
d4_a,d4,a,common_grid,sam,p10,p12,complete,64,15360,1.0,15360,0,0,0,0,1.0,1.0
d4_a,d4,a,common_grid,sam,p11,p12,complete,64,15360,0.6912760416666667,10618,4742,0,0,0,0.6641910807291667,0.7182291666666667
d4_a,d4,a,common_grid,pearson_r,p08,p09,complete,64,15360,0.7853515625,12063,3297,0,0,0,0.7723291015625,0.7987646484375
d4_a,d4,a,common_grid,pearson_r,p08,p10,complete,64,15360,0.8918619791666667,13699,1661,0,0,0,0.8819661458333333,0.902021484375
d4_a,d4,a,common_grid,pearson_r,p08,p11,complete,64,15360,0.9999348958333333,15359,1,0,0,0,0.9998046875,1.0
d4_a,d4,a,common_grid,pearson_r,p08,p12,complete,64,15360,0.9999348958333333,15359,1,0,0,0,0.9998046875,1.0
d4_a,d4,a,common_grid,pearson_r,p09,p10,complete,64,15360,0.7231119791666667,11107,4253,0,0,0,0.7142578125,0.731640625
d4_a,d4,a,common_grid,pearson_r,p09,p11,complete,64,15360,0.9996744791666666,15355,5,0,0,0,0.9993489583333334,0.9999348958333333
d4_a,d4,a,common_grid,pearson_r,p09,p12,complete,64,15360,0.9998697916666667,15358,2,0,0,0,0.999609375,1.0
d4_a,d4,a,common_grid,pearson_r,p10,p11,complete,64,15360,0.9998697916666667,15358,2,0,0,0,0.999609375,1.0
d4_a,d4,a,common_grid,pearson_r,p10,p12,complete,64,15360,1.0,15360,0,0,0,0,1.0,1.0
d4_a,d4,a,common_grid,pearson_r,p11,p12,complete,64,15360,0.6896484375,10593,4767,0,0,0,0.6628190104166667,0.7166031901041666
d4_a,d4,a,common_grid,nmse,p08,p09,complete,64,15360,0.7662109375,11769,3591,0,0,0,0.753515625,0.7791031901041666
d4_a,d4,a,common_grid,nmse,p08,p10,complete,64,15360,0.9297526041666667,14281,1079,0,0,0,0.9216129557291667,0.9375048828125
d4_a,d4,a,common_grid,nmse,p08,p11,complete,64,15360,0.9974609375,15321,39,0,0,0,0.9955061848958333,0.99921875
d4_a,d4,a,common_grid,nmse,p08,p12,complete,64,15360,0.9983723958333334,15335,25,0,0,0,0.9966145833333333,0.9997395833333333
d4_a,d4,a,common_grid,nmse,p09,p10,complete,64,15360,0.7085286458333333,10883,4477,0,0,0,0.699345703125,0.7171891276041666
d4_a,d4,a,common_grid,nmse,p09,p11,complete,64,15360,0.9974609375,15321,39,0,0,0,0.9955729166666667,0.9990885416666667
d4_a,d4,a,common_grid,nmse,p09,p12,complete,64,15360,0.9984375,15336,24,0,0,0,0.9967447916666666,0.9997395833333333
d4_a,d4,a,common_grid,nmse,p10,p11,complete,64,15360,0.9974609375,15321,39,0,0,0,0.9955061848958333,0.99921875
d4_a,d4,a,common_grid,nmse,p10,p12,complete,64,15360,0.9983072916666667,15334,26,0,0,0,0.9964192708333334,0.9997395833333333
d4_a,d4,a,common_grid,nmse,p11,p12,complete,64,15360,0.6883463541666667,10573,4787,0,0,0,0.661064453125,0.715302734375
d4_a,d4,a,common_grid,wasserstein_1_cm1,p08,p09,complete,64,15360,0.7248046875,11133,4227,0,0,0,0.7137369791666667,0.7360677083333333
d4_a,d4,a,common_grid,wasserstein_1_cm1,p08,p10,complete,64,15360,0.626953125,9630,5730,0,0,0,0.6165348307291667,0.6378938802083334
d4_a,d4,a,common_grid,wasserstein_1_cm1,p08,p11,complete,64,15360,1.0,15360,0,0,0,0,1.0,1.0
d4_a,d4,a,common_grid,wasserstein_1_cm1,p08,p12,complete,64,15360,0.9999348958333333,15359,1,0,0,0,0.9998046875,1.0
d4_a,d4,a,common_grid,wasserstein_1_cm1,p09,p10,complete,64,15360,0.8723307291666667,13399,1961,0,0,0,0.8673177083333333,0.87734375
d4_a,d4,a,common_grid,wasserstein_1_cm1,p09,p11,complete,64,15360,0.9997395833333333,15356,4,0,0,0,0.9994791666666667,0.9999348958333333
d4_a,d4,a,common_grid,wasserstein_1_cm1,p09,p12,complete,64,15360,0.9998697916666667,15358,2,0,0,0,0.999609375,1.0
d4_a,d4,a,common_grid,wasserstein_1_cm1,p10,p11,complete,64,15360,1.0,15360,0,0,0,0,1.0,1.0
d4_a,d4,a,common_grid,wasserstein_1_cm1,p10,p12,complete,64,15360,1.0,15360,0,0,0,0,1.0,1.0
d4_a,d4,a,common_grid,wasserstein_1_cm1,p11,p12,complete,64,15360,0.7024088541666667,10789,4571,0,0,0,0.673759765625,0.7315771484375
d4_a,d4,a,common_grid,is_like_structure_to_noise,p08,p09,complete,64,15360,0.2857421875,4389,10971,0,0,0,0.27467447916666665,0.29648763020833335
d4_a,d4,a,common_grid,is_like_structure_to_noise,p08,p10,complete,64,15360,0.27194010416666664,4177,11183,0,0,0,0.2618489583333333,0.28216145833333334
d4_a,d4,a,common_grid,is_like_structure_to_noise,p08,p11,complete,64,15360,0.2455078125,3771,11589,0,0,0,0.24361979166666667,0.24752604166666667
d4_a,d4,a,common_grid,is_like_structure_to_noise,p08,p12,complete,64,15360,0.2279296875,3501,11859,0,0,0,0.225390625,0.23040364583333334
d4_a,d4,a,common_grid,is_like_structure_to_noise,p09,p10,complete,64,15360,0.22102864583333334,3395,11965,0,0,0,0.21620930989583334,0.22584635416666668
d4_a,d4,a,common_grid,is_like_structure_to_noise,p09,p11,complete,64,15360,0.9997395833333333,15356,4,0,0,0,0.9994791666666667,0.9999348958333333
d4_a,d4,a,common_grid,is_like_structure_to_noise,p09,p12,complete,64,15360,0.9998697916666667,15358,2,0,0,0,0.999609375,1.0
d4_a,d4,a,common_grid,is_like_structure_to_noise,p10,p11,complete,64,15360,0.29765625,4572,10788,0,0,0,0.2914046223958333,0.30442708333333335
d4_a,d4,a,common_grid,is_like_structure_to_noise,p10,p12,complete,64,15360,0.262109375,4026,11334,0,0,0,0.2565738932291667,0.2680354817708333
d4_a,d4,a,common_grid,is_like_structure_to_noise,p11,p12,complete,64,15360,0.3318359375,5097,10263,0,0,0,0.30546712239583335,0.35859537760416665
d4_a,d4,a,common_grid,precision,p08,p09,complete,64,15360,0.2857421875,4389,10971,0,0,0,0.27467447916666665,0.29648763020833335
d4_a,d4,a,common_grid,precision,p08,p10,complete,64,15360,0.5833984375,8961,6399,0,0,0,0.5731103515625,0.5938818359375
d4_a,d4,a,common_grid,precision,p08,p11,complete,64,15360,0.0,0,15360,0,0,0,0.0,0.0
d4_a,d4,a,common_grid,precision,p08,p12,complete,64,15360,6.510416666666667e-05,1,15359,0,0,0,0.0,0.0001953125
d4_a,d4,a,common_grid,precision,p09,p10,complete,64,15360,0.22415364583333333,3443,11917,0,0,0,0.21927083333333333,0.22897135416666667
d4_a,d4,a,common_grid,precision,p09,p11,complete,64,15360,0.8384765625,12879,2481,0,0,0,0.8334635416666667,0.8435546875
d4_a,d4,a,common_grid,precision,p09,p12,complete,64,15360,0.9998697916666667,15358,2,0,0,0,0.999609375,1.0
d4_a,d4,a,common_grid,precision,p10,p11,complete,64,15360,0.5619791666666667,8632,6728,0,0,0,0.5585286458333333,0.5653645833333333
d4_a,d4,a,common_grid,precision,p10,p12,complete,64,15360,0.9742838541666666,14965,395,0,0,0,0.973046875,0.9755208333333333
d4_a,d4,a,common_grid,precision,p11,p12,complete,64,15360,0.6895182291666667,10591,4769,0,0,0,0.6610009765625,0.7171907552083333
d4_a,d4,a,common_grid,recall,p08,p09,complete,64,15360,0.2857421875,4389,10971,0,0,0,0.27467447916666665,0.29648763020833335
d4_a,d4,a,common_grid,recall,p08,p10,complete,64,15360,0.5833984375,8961,6399,0,0,0,0.5731103515625,0.5938818359375
d4_a,d4,a,common_grid,recall,p08,p11,complete,64,15360,0.0,0,15360,0,0,0,0.0,0.0
d4_a,d4,a,common_grid,recall,p08,p12,complete,64,15360,0.01015625,156,15204,0,0,0,0.008463541666666666,0.01171875
d4_a,d4,a,common_grid,recall,p09,p10,complete,64,15360,0.22109375,3396,11964,0,0,0,0.21627604166666667,0.22584635416666668
d4_a,d4,a,common_grid,recall,p09,p11,complete,64,15360,0.8994791666666667,13816,1544,0,0,0,0.8951822916666666,0.903515625
d4_a,d4,a,common_grid,recall,p09,p12,complete,64,15360,0.9998697916666667,15358,2,0,0,0,0.999609375,1.0
d4_a,d4,a,common_grid,recall,p10,p11,complete,64,15360,0.4694010416666667,7210,8150,0,0,0,0.46608072916666665,0.47291666666666665
d4_a,d4,a,common_grid,recall,p10,p12,complete,64,15360,0.9245442708333333,14201,1159,0,0,0,0.9203125,0.9290380859375
d4_a,d4,a,common_grid,recall,p11,p12,complete,64,15360,0.6923828125,10635,4725,0,0,0,0.6634098307291667,0.7205110677083333
d4_a,d4,a,common_grid,f1,p08,p09,complete,64,15360,0.2857421875,4389,10971,0,0,0,0.27467447916666665,0.29648763020833335
d4_a,d4,a,common_grid,f1,p08,p10,complete,64,15360,0.5833984375,8961,6399,0,0,0,0.5731103515625,0.5938818359375
d4_a,d4,a,common_grid,f1,p08,p11,complete,64,15360,0.0,0,15360,0,0,0,0.0,0.0
d4_a,d4,a,common_grid,f1,p08,p12,complete,64,15360,6.510416666666667e-05,1,15359,0,0,0,0.0,0.0001953125
d4_a,d4,a,common_grid,f1,p09,p10,complete,64,15360,0.2212890625,3399,11961,0,0,0,0.21640625,0.22604166666666667
d4_a,d4,a,common_grid,f1,p09,p11,complete,64,15360,0.8764322916666667,13462,1898,0,0,0,0.8718733723958333,0.8809912109375
d4_a,d4,a,common_grid,f1,p09,p12,complete,64,15360,0.9998697916666667,15358,2,0,0,0,0.999609375,1.0
d4_a,d4,a,common_grid,f1,p10,p11,complete,64,15360,0.524609375,8058,7302,0,0,0,0.5220686848958334,0.52734375
d4_a,d4,a,common_grid,f1,p10,p12,complete,64,15360,0.9651692708333334,14825,535,0,0,0,0.9639973958333333,0.96640625
d4_a,d4,a,common_grid,f1,p11,p12,complete,64,15360,0.6905598958333333,10607,4753,0,0,0,0.6619742838541667,0.7179768880208334
d4_a,d4,a,common_grid,artifact_peak_ratio,p08,p09,complete,64,15360,0.2857421875,4389,10971,0,0,0,0.27467447916666665,0.29648763020833335
d4_a,d4,a,common_grid,artifact_peak_ratio,p08,p10,complete,64,15360,0.5833984375,8961,6399,0,0,0,0.5731103515625,0.5938818359375
d4_a,d4,a,common_grid,artifact_peak_ratio,p08,p11,complete,64,15360,0.0,0,15360,0,0,0,0.0,0.0
d4_a,d4,a,common_grid,artifact_peak_ratio,p08,p12,complete,64,15360,6.510416666666667e-05,1,15359,0,0,0,0.0,0.0001953125
d4_a,d4,a,common_grid,artifact_peak_ratio,p09,p10,complete,64,15360,0.22415364583333333,3443,11917,0,0,0,0.21927083333333333,0.22897135416666667
d4_a,d4,a,common_grid,artifact_peak_ratio,p09,p11,complete,64,15360,0.8384765625,12879,2481,0,0,0,0.8334635416666667,0.8435546875
d4_a,d4,a,common_grid,artifact_peak_ratio,p09,p12,complete,64,15360,0.9998697916666667,15358,2,0,0,0,0.999609375,1.0
d4_a,d4,a,common_grid,artifact_peak_ratio,p10,p11,complete,64,15360,0.5619791666666667,8632,6728,0,0,0,0.5585286458333333,0.5653645833333333
d4_a,d4,a,common_grid,artifact_peak_ratio,p10,p12,complete,64,15360,0.9742838541666666,14965,395,0,0,0,0.973046875,0.9755208333333333
d4_a,d4,a,common_grid,artifact_peak_ratio,p11,p12,complete,64,15360,0.6895182291666667,10591,4769,0,0,0,0.6610009765625,0.7171907552083333
d4_a,d4,a,common_grid,missing_peak_ratio,p08,p09,complete,64,15360,0.2857421875,4389,10971,0,0,0,0.27467447916666665,0.29648763020833335
d4_a,d4,a,common_grid,missing_peak_ratio,p08,p10,complete,64,15360,0.5833984375,8961,6399,0,0,0,0.5731103515625,0.5938818359375
d4_a,d4,a,common_grid,missing_peak_ratio,p08,p11,complete,64,15360,0.0,0,15360,0,0,0,0.0,0.0
d4_a,d4,a,common_grid,missing_peak_ratio,p08,p12,complete,64,15360,0.01015625,156,15204,0,0,0,0.008463541666666666,0.01171875
d4_a,d4,a,common_grid,missing_peak_ratio,p09,p10,complete,64,15360,0.22109375,3396,11964,0,0,0,0.21627604166666667,0.22584635416666668
d4_a,d4,a,common_grid,missing_peak_ratio,p09,p11,complete,64,15360,0.8994791666666667,13816,1544,0,0,0,0.8951822916666666,0.903515625
d4_a,d4,a,common_grid,missing_peak_ratio,p09,p12,complete,64,15360,0.9998697916666667,15358,2,0,0,0,0.999609375,1.0
d4_a,d4,a,common_grid,missing_peak_ratio,p10,p11,complete,64,15360,0.4694010416666667,7210,8150,0,0,0,0.46608072916666665,0.47291666666666665
d4_a,d4,a,common_grid,missing_peak_ratio,p10,p12,complete,64,15360,0.9245442708333333,14201,1159,0,0,0,0.9203125,0.9290380859375
d4_a,d4,a,common_grid,missing_peak_ratio,p11,p12,complete,64,15360,0.6923828125,10635,4725,0,0,0,0.6634098307291667,0.7205110677083333
d4_b,d4,b,native,mse,p08,p09,complete,64,15360,0.49973958333333335,7676,7684,0,0,0,0.49179524739583336,0.5078141276041667
d4_b,d4,b,native,mse,p08,p10,complete,64,15360,0.4949544270833333,7169,7324,867,0,0,0.49104736328125,0.49860107421875
d4_b,d4,b,native,mse,p08,p11,complete,64,15360,0.05944010416666667,913,14447,0,0,0,0.0369775390625,0.08326985677083332
d4_b,d4,b,native,mse,p08,p12,complete,64,15360,0.05774739583333333,887,14473,0,0,0,0.035087890625,0.08255371093749998
d4_b,d4,b,native,mse,p09,p10,complete,64,15360,0.7974609375,12249,3111,0,0,0,0.7838509114583333,0.8102213541666666
d4_b,d4,b,native,mse,p09,p11,complete,64,15360,0.9759114583333334,14990,370,0,0,0,0.9579410807291666,0.9899755859375
d4_b,d4,b,native,mse,p09,p12,complete,64,15360,0.9747395833333333,14972,388,0,0,0,0.95625,0.9892578125
d4_b,d4,b,native,mse,p10,p11,complete,64,15360,0.98046875,15060,300,0,0,0,0.964580078125,0.9928385416666666
d4_b,d4,b,native,mse,p10,p12,complete,64,15360,0.9792317708333333,15041,319,0,0,0,0.9626936848958333,0.9919270833333333
d4_b,d4,b,native,mse,p11,p12,complete,64,15360,0.5,0,0,15360,0,0,0.5,0.5
d4_b,d4,b,native,rmse,p08,p09,complete,64,15360,0.4986979166666667,7660,7700,0,0,0,0.49075520833333336,0.5068375651041667
d4_b,d4,b,native,rmse,p08,p10,complete,64,15360,0.49921875,7118,7142,1100,0,0,0.49554036458333334,0.5027018229166667
d4_b,d4,b,native,rmse,p08,p11,complete,64,15360,0.05944010416666667,913,14447,0,0,0,0.0369775390625,0.08326985677083332
d4_b,d4,b,native,rmse,p08,p12,complete,64,15360,0.05774739583333333,887,14473,0,0,0,0.035087890625,0.08255371093749998
d4_b,d4,b,native,rmse,p09,p10,complete,64,15360,0.7969401041666667,12241,3119,0,0,0,0.783330078125,0.8100276692708334
d4_b,d4,b,native,rmse,p09,p11,complete,64,15360,0.9759114583333334,14990,370,0,0,0,0.9579410807291666,0.9899755859375
d4_b,d4,b,native,rmse,p09,p12,complete,64,15360,0.9747395833333333,14972,388,0,0,0,0.95625,0.9892578125
d4_b,d4,b,native,rmse,p10,p11,complete,64,15360,0.98046875,15060,300,0,0,0,0.964580078125,0.9928385416666666
d4_b,d4,b,native,rmse,p10,p12,complete,64,15360,0.9792317708333333,15041,319,0,0,0,0.9626936848958333,0.9919270833333333
d4_b,d4,b,native,rmse,p11,p12,complete,64,15360,0.5,0,0,15360,0,0,0.5,0.5
d4_b,d4,b,native,mae,p08,p09,complete,64,15360,0.440625,6768,8592,0,0,0,0.4386067708333333,0.4430338541666667
d4_b,d4,b,native,mae,p08,p10,complete,64,15360,0.4383463541666667,6733,8627,0,0,0,0.4361979166666667,0.44049641927083333
d4_b,d4,b,native,mae,p08,p11,complete,64,15360,0.05944010416666667,913,14447,0,0,0,0.0369775390625,0.08326985677083332
d4_b,d4,b,native,mae,p08,p12,complete,64,15360,0.05774739583333333,887,14473,0,0,0,0.035087890625,0.08255371093749998
d4_b,d4,b,native,mae,p09,p10,complete,64,15360,0.8047526041666667,12361,2999,0,0,0,0.7919921875,0.8169270833333333
d4_b,d4,b,native,mae,p09,p11,complete,64,15360,0.9759114583333334,14990,370,0,0,0,0.9579410807291666,0.9899755859375
d4_b,d4,b,native,mae,p09,p12,complete,64,15360,0.9747395833333333,14972,388,0,0,0,0.95625,0.9892578125
d4_b,d4,b,native,mae,p10,p11,complete,64,15360,0.98046875,15060,300,0,0,0,0.964580078125,0.9928385416666666
d4_b,d4,b,native,mae,p10,p12,complete,64,15360,0.9792317708333333,15041,319,0,0,0,0.9626936848958333,0.9919270833333333
d4_b,d4,b,native,mae,p11,p12,complete,64,15360,0.5,0,0,15360,0,0,0.5,0.5
d4_b,d4,b,native,sam,p08,p09,complete,64,15360,0.49798177083333334,7649,7711,0,0,0,0.49095052083333335,0.5052734375
d4_b,d4,b,native,sam,p08,p10,complete,64,15360,0.49518229166666666,7606,7754,0,0,0,0.48736979166666666,0.5029947916666667
d4_b,d4,b,native,sam,p08,p11,complete,64,15360,0.05944010416666667,913,14447,0,0,0,0.0369775390625,0.08326985677083332
d4_b,d4,b,native,sam,p08,p12,complete,64,15360,0.05774739583333333,887,14473,0,0,0,0.035087890625,0.08255371093749998
d4_b,d4,b,native,sam,p09,p10,complete,64,15360,0.7969401041666667,12241,3119,0,0,0,0.78306640625,0.8099625651041666
d4_b,d4,b,native,sam,p09,p11,complete,64,15360,0.9759114583333334,14990,370,0,0,0,0.9579410807291666,0.9899755859375
d4_b,d4,b,native,sam,p09,p12,complete,64,15360,0.9747395833333333,14972,388,0,0,0,0.95625,0.9892578125
d4_b,d4,b,native,sam,p10,p11,complete,64,15360,0.98046875,15060,300,0,0,0,0.964580078125,0.9928385416666666
d4_b,d4,b,native,sam,p10,p12,complete,64,15360,0.9792317708333333,15041,319,0,0,0,0.9626936848958333,0.9919270833333333
d4_b,d4,b,native,sam,p11,p12,complete,64,15360,0.5,0,0,15360,0,0,0.5,0.5
d4_b,d4,b,native,pearson_r,p08,p09,complete,64,15360,0.5002604166666667,7684,7676,0,0,0,0.4924462890625,0.5075520833333333
d4_b,d4,b,native,pearson_r,p08,p10,complete,64,15360,0.4974609375,7641,7719,0,0,0,0.48834635416666666,0.5061865234375
d4_b,d4,b,native,pearson_r,p08,p11,complete,64,15360,0.05944010416666667,913,14447,0,0,0,0.0369775390625,0.08326985677083332
d4_b,d4,b,native,pearson_r,p08,p12,complete,64,15360,0.05774739583333333,887,14473,0,0,0,0.035087890625,0.08255371093749998
d4_b,d4,b,native,pearson_r,p09,p10,complete,64,15360,0.791796875,12162,3198,0,0,0,0.7783854166666667,0.8041015625
d4_b,d4,b,native,pearson_r,p09,p11,complete,64,15360,0.9759114583333334,14990,370,0,0,0,0.9579410807291666,0.9899755859375
d4_b,d4,b,native,pearson_r,p09,p12,complete,64,15360,0.9747395833333333,14972,388,0,0,0,0.95625,0.9892578125
d4_b,d4,b,native,pearson_r,p10,p11,complete,64,15360,0.98046875,15060,300,0,0,0,0.964580078125,0.9928385416666666
d4_b,d4,b,native,pearson_r,p10,p12,complete,64,15360,0.9792317708333333,15041,319,0,0,0,0.9626936848958333,0.9919270833333333
d4_b,d4,b,native,pearson_r,p11,p12,complete,64,15360,0.5,0,0,15360,0,0,0.5,0.5
d4_b,d4,b,native,nmse,p08,p09,complete,64,15360,0.49973958333333335,7676,7684,0,0,0,0.49179524739583336,0.5078141276041667
d4_b,d4,b,native,nmse,p08,p10,complete,64,15360,0.49654947916666664,6965,7071,1324,0,0,0.49316324869791667,0.4994140625
d4_b,d4,b,native,nmse,p08,p11,complete,64,15360,0.05944010416666667,913,14447,0,0,0,0.0369775390625,0.08326985677083332
d4_b,d4,b,native,nmse,p08,p12,complete,64,15360,0.05774739583333333,887,14473,0,0,0,0.035087890625,0.08255371093749998
d4_b,d4,b,native,nmse,p09,p10,complete,64,15360,0.7974609375,12249,3111,0,0,0,0.7838509114583333,0.8102213541666666
d4_b,d4,b,native,nmse,p09,p11,complete,64,15360,0.9759114583333334,14990,370,0,0,0,0.9579410807291666,0.9899755859375
d4_b,d4,b,native,nmse,p09,p12,complete,64,15360,0.9747395833333333,14972,388,0,0,0,0.95625,0.9892578125
d4_b,d4,b,native,nmse,p10,p11,complete,64,15360,0.98046875,15060,300,0,0,0,0.964580078125,0.9928385416666666
d4_b,d4,b,native,nmse,p10,p12,complete,64,15360,0.9792317708333333,15041,319,0,0,0,0.9626936848958333,0.9919270833333333
d4_b,d4,b,native,nmse,p11,p12,complete,64,15360,0.5,0,0,15360,0,0,0.5,0.5
d4_b,d4,b,native,wasserstein_1_cm1,p08,p09,complete,64,15360,0.023958333333333335,368,14992,0,0,0,0.011848958333333333,0.03971679687499998
d4_b,d4,b,native,wasserstein_1_cm1,p08,p10,complete,64,15360,0.216796875,3330,12030,0,0,0,0.21048014322916667,0.225390625
d4_b,d4,b,native,wasserstein_1_cm1,p08,p11,complete,64,15360,0.05944010416666667,913,14447,0,0,0,0.0369775390625,0.08326985677083332
d4_b,d4,b,native,wasserstein_1_cm1,p08,p12,complete,64,15360,0.05774739583333333,887,14473,0,0,0,0.035087890625,0.08255371093749998
d4_b,d4,b,native,wasserstein_1_cm1,p09,p10,complete,64,15360,0.5221354166666666,8020,7340,0,0,0,0.5024723307291666,0.5411474609375
d4_b,d4,b,native,wasserstein_1_cm1,p09,p11,complete,64,15360,0.8934895833333333,13724,1636,0,0,0,0.8786458333333333,0.905078125
d4_b,d4,b,native,wasserstein_1_cm1,p09,p12,complete,64,15360,0.956640625,14694,666,0,0,0,0.9391259765625,0.9702522786458333
d4_b,d4,b,native,wasserstein_1_cm1,p10,p11,complete,64,15360,0.98046875,15060,300,0,0,0,0.964580078125,0.9928385416666666
d4_b,d4,b,native,wasserstein_1_cm1,p10,p12,complete,64,15360,0.9792317708333333,15041,319,0,0,0,0.9626936848958333,0.9919270833333333
d4_b,d4,b,native,wasserstein_1_cm1,p11,p12,complete,64,15360,0.4475911458333333,6875,8485,0,0,0,0.42916666666666664,0.46543294270833335
d4_b,d4,b,native,is_like_structure_to_noise,p08,p09,complete,64,15360,0.9859375,15144,216,0,0,0,0.96953125,0.9984375
d4_b,d4,b,native,is_like_structure_to_noise,p08,p10,complete,64,15360,0.6830078125,10491,4869,0,0,0,0.677734375,0.6870442708333333
d4_b,d4,b,native,is_like_structure_to_noise,p08,p11,complete,64,15360,0.9405598958333333,14447,913,0,0,0,0.9167301432291667,0.9630224609375
d4_b,d4,b,native,is_like_structure_to_noise,p08,p12,complete,64,15360,0.9422526041666667,14473,887,0,0,0,0.9174462890625,0.964912109375
d4_b,d4,b,native,is_like_structure_to_noise,p09,p10,complete,64,15360,0.5660807291666666,8695,6665,0,0,0,0.5465494791666666,0.5855501302083334
d4_b,d4,b,native,is_like_structure_to_noise,p09,p11,complete,64,15360,0.9759114583333334,14990,370,0,0,0,0.9579410807291666,0.9899755859375
d4_b,d4,b,native,is_like_structure_to_noise,p09,p12,complete,64,15360,0.9747395833333333,14972,388,0,0,0,0.95625,0.9892578125
d4_b,d4,b,native,is_like_structure_to_noise,p10,p11,complete,64,15360,0.01953125,300,15060,0,0,0,0.007161458333333333,0.03541992187499998
d4_b,d4,b,native,is_like_structure_to_noise,p10,p12,complete,64,15360,0.020768229166666666,319,15041,0,0,0,0.008072916666666667,0.03730631510416666
d4_b,d4,b,native,is_like_structure_to_noise,p11,p12,complete,64,15360,0.5,0,0,15360,0,0,0.5,0.5
d4_b,d4,b,native,precision,p08,p09,complete,64,15360,0.9859375,15144,216,0,0,0,0.96953125,0.9984375
d4_b,d4,b,native,precision,p08,p10,complete,64,15360,0.9886067708333334,15185,175,0,0,0,0.9740869140625,0.9994791666666667
d4_b,d4,b,native,precision,p08,p11,complete,64,15360,0.2833333333333333,4352,11008,0,0,0,0.2716145833333333,0.2960302734375
d4_b,d4,b,native,precision,p08,p12,complete,64,15360,0.27740885416666666,4261,11099,0,0,0,0.26620930989583336,0.28952148437499997
d4_b,d4,b,native,precision,p09,p10,complete,64,15360,0.5694661458333333,8747,6613,0,0,0,0.5496744791666667,0.5887386067708333
d4_b,d4,b,native,precision,p09,p11,complete,64,15360,0.7505208333333333,11528,3832,0,0,0,0.7407535807291666,0.7595052083333333
d4_b,d4,b,native,precision,p09,p12,complete,64,15360,0.9747395833333333,14972,388,0,0,0,0.95625,0.9892578125
d4_b,d4,b,native,precision,p10,p11,complete,64,15360,0.7399739583333333,11366,3994,0,0,0,0.7317041015625,0.7464192708333334
d4_b,d4,b,native,precision,p10,p12,complete,64,15360,0.9792317708333333,15041,319,0,0,0,0.9626936848958333,0.9919270833333333
d4_b,d4,b,native,precision,p11,p12,complete,64,15360,0.47171223958333336,5668,6537,3155,0,0,0.4592415364583333,0.4837239583333333
d4_b,d4,b,native,recall,p08,p09,complete,64,15360,0.9859375,15144,216,0,0,0,0.96953125,0.9984375
d4_b,d4,b,native,recall,p08,p10,complete,64,15360,0.9886067708333334,15185,175,0,0,0,0.9740869140625,0.9994791666666667
d4_b,d4,b,native,recall,p08,p11,complete,64,15360,0.30130208333333336,4626,10730,4,0,0,0.28977864583333335,0.3137451171874999
d4_b,d4,b,native,recall,p08,p12,complete,64,15360,0.29225260416666665,4487,10869,4,0,0,0.2807926432291667,0.3044921875
d4_b,d4,b,native,recall,p09,p10,complete,64,15360,0.5660807291666666,8695,6665,0,0,0,0.5465494791666666,0.5855501302083334
d4_b,d4,b,native,recall,p09,p11,complete,64,15360,0.7760091145833333,11919,3440,1,0,0,0.7647452799479167,0.7864908854166667
d4_b,d4,b,native,recall,p09,p12,complete,64,15360,0.9747395833333333,14972,388,0,0,0,0.95625,0.9892578125
d4_b,d4,b,native,recall,p10,p11,complete,64,15360,0.7399739583333333,11366,3994,0,0,0,0.7317041015625,0.7464192708333334
d4_b,d4,b,native,recall,p10,p12,complete,64,15360,0.9770833333333333,15008,352,0,0,0,0.9605452473958334,0.989716796875
d4_b,d4,b,native,recall,p11,p12,complete,64,15360,0.47171223958333336,5668,6537,3155,0,0,0.4592415364583333,0.4837239583333333
d4_b,d4,b,native,f1,p08,p09,complete,64,15360,0.9859375,15144,216,0,0,0,0.96953125,0.9984375
d4_b,d4,b,native,f1,p08,p10,complete,64,15360,0.9886067708333334,15185,175,0,0,0,0.9740869140625,0.9994791666666667
d4_b,d4,b,native,f1,p08,p11,complete,64,15360,0.2833333333333333,4352,11008,0,0,0,0.271806640625,0.2960286458333333
d4_b,d4,b,native,f1,p08,p12,complete,64,15360,0.27760416666666665,4264,11096,0,0,0,0.2662744140625,0.28984700520833334
d4_b,d4,b,native,f1,p09,p10,complete,64,15360,0.56640625,8700,6660,0,0,0,0.5469384765625,0.5858740234375
d4_b,d4,b,native,f1,p09,p11,complete,64,15360,0.7632161458333333,11723,3637,0,0,0,0.7526676432291667,0.7729166666666667
d4_b,d4,b,native,f1,p09,p12,complete,64,15360,0.9747395833333333,14972,388,0,0,0,0.95625,0.9892578125
d4_b,d4,b,native,f1,p10,p11,complete,64,15360,0.7399739583333333,11366,3994,0,0,0,0.7317041015625,0.7464192708333334
d4_b,d4,b,native,f1,p10,p12,complete,64,15360,0.9792317708333333,15041,319,0,0,0,0.9626936848958333,0.9919270833333333
d4_b,d4,b,native,f1,p11,p12,complete,64,15360,0.47171223958333336,5668,6537,3155,0,0,0.4592415364583333,0.4837239583333333
d4_b,d4,b,native,artifact_peak_ratio,p08,p09,complete,64,15360,0.9859375,15144,216,0,0,0,0.96953125,0.9984375
d4_b,d4,b,native,artifact_peak_ratio,p08,p10,complete,64,15360,0.9886067708333334,15185,175,0,0,0,0.9740869140625,0.9994791666666667
d4_b,d4,b,native,artifact_peak_ratio,p08,p11,complete,64,15360,0.2833333333333333,4352,11008,0,0,0,0.2716145833333333,0.2960302734375
d4_b,d4,b,native,artifact_peak_ratio,p08,p12,complete,64,15360,0.27740885416666666,4261,11099,0,0,0,0.26620930989583336,0.28952148437499997
d4_b,d4,b,native,artifact_peak_ratio,p09,p10,complete,64,15360,0.5694661458333333,8747,6613,0,0,0,0.5496744791666667,0.5887386067708333
d4_b,d4,b,native,artifact_peak_ratio,p09,p11,complete,64,15360,0.7505208333333333,11528,3832,0,0,0,0.7407535807291666,0.7595052083333333
d4_b,d4,b,native,artifact_peak_ratio,p09,p12,complete,64,15360,0.9747395833333333,14972,388,0,0,0,0.95625,0.9892578125
d4_b,d4,b,native,artifact_peak_ratio,p10,p11,complete,64,15360,0.7399739583333333,11366,3994,0,0,0,0.7317041015625,0.7464192708333334
d4_b,d4,b,native,artifact_peak_ratio,p10,p12,complete,64,15360,0.9792317708333333,15041,319,0,0,0,0.9626936848958333,0.9919270833333333
d4_b,d4,b,native,artifact_peak_ratio,p11,p12,complete,64,15360,0.47171223958333336,5668,6537,3155,0,0,0.4592415364583333,0.4837239583333333
d4_b,d4,b,native,missing_peak_ratio,p08,p09,complete,64,15360,0.9859375,15144,216,0,0,0,0.96953125,0.9984375
d4_b,d4,b,native,missing_peak_ratio,p08,p10,complete,64,15360,0.9886067708333334,15185,175,0,0,0,0.9740869140625,0.9994791666666667
d4_b,d4,b,native,missing_peak_ratio,p08,p11,complete,64,15360,0.30130208333333336,4626,10730,4,0,0,0.28977864583333335,0.3137451171874999
d4_b,d4,b,native,missing_peak_ratio,p08,p12,complete,64,15360,0.29225260416666665,4487,10869,4,0,0,0.2807926432291667,0.3044921875
d4_b,d4,b,native,missing_peak_ratio,p09,p10,complete,64,15360,0.5660807291666666,8695,6665,0,0,0,0.5465494791666666,0.5855501302083334
d4_b,d4,b,native,missing_peak_ratio,p09,p11,complete,64,15360,0.7760091145833333,11919,3440,1,0,0,0.7647452799479167,0.7864908854166667
d4_b,d4,b,native,missing_peak_ratio,p09,p12,complete,64,15360,0.9747395833333333,14972,388,0,0,0,0.95625,0.9892578125
d4_b,d4,b,native,missing_peak_ratio,p10,p11,complete,64,15360,0.7399739583333333,11366,3994,0,0,0,0.7317041015625,0.7464192708333334
d4_b,d4,b,native,missing_peak_ratio,p10,p12,complete,64,15360,0.9770833333333333,15008,352,0,0,0,0.9605452473958334,0.989716796875
d4_b,d4,b,native,missing_peak_ratio,p11,p12,complete,64,15360,0.47171223958333336,5668,6537,3155,0,0,0.4592415364583333,0.4837239583333333
d4_b,d4,b,common_grid,mse,p08,p09,complete,64,15360,0.519140625,7974,7386,0,0,0,0.51171875,0.5268896484375
d4_b,d4,b,common_grid,mse,p08,p10,complete,64,15360,0.5527994791666667,8491,6869,0,0,0,0.547978515625,0.557421875
d4_b,d4,b,common_grid,mse,p08,p11,complete,64,15360,0.06236979166666667,958,14402,0,0,0,0.03984212239583333,0.08665527343749999
d4_b,d4,b,common_grid,mse,p08,p12,complete,64,15360,0.0595703125,915,14445,0,0,0,0.03697591145833334,0.08463541666666667
d4_b,d4,b,common_grid,mse,p09,p10,complete,64,15360,0.7983723958333333,12263,3097,0,0,0,0.7853499348958334,0.8109375
d4_b,d4,b,common_grid,mse,p09,p11,complete,64,15360,0.9775390625,15015,345,0,0,0,0.9604134114583334,0.9907568359375
d4_b,d4,b,common_grid,mse,p09,p12,complete,64,15360,0.97578125,14988,372,0,0,0,0.9576822916666666,0.9899739583333333
d4_b,d4,b,common_grid,mse,p10,p11,complete,64,15360,0.9801432291666666,15055,305,0,0,0,0.9638639322916667,0.9927734375
d4_b,d4,b,common_grid,mse,p10,p12,complete,64,15360,0.9793619791666667,15043,317,0,0,0,0.9630843098958334,0.9919270833333333
d4_b,d4,b,common_grid,mse,p11,p12,complete,64,15360,0.43938802083333334,6749,8611,0,0,0,0.42109375,0.45696614583333334
d4_b,d4,b,common_grid,rmse,p08,p09,complete,64,15360,0.517578125,7950,7410,0,0,0,0.5100911458333334,0.5255208333333333
d4_b,d4,b,common_grid,rmse,p08,p10,complete,64,15360,0.5527994791666667,8491,6869,0,0,0,0.547978515625,0.557421875
d4_b,d4,b,common_grid,rmse,p08,p11,complete,64,15360,0.05944010416666667,913,14447,0,0,0,0.0369775390625,0.08326985677083332
d4_b,d4,b,common_grid,rmse,p08,p12,complete,64,15360,0.05774739583333333,887,14473,0,0,0,0.035087890625,0.08255371093749998
d4_b,d4,b,common_grid,rmse,p09,p10,complete,64,15360,0.7981119791666667,12259,3101,0,0,0,0.7849593098958333,0.8107421875
d4_b,d4,b,common_grid,rmse,p09,p11,complete,64,15360,0.9759114583333334,14990,370,0,0,0,0.9579410807291666,0.9899755859375
d4_b,d4,b,common_grid,rmse,p09,p12,complete,64,15360,0.9747395833333333,14972,388,0,0,0,0.95625,0.9892578125
d4_b,d4,b,common_grid,rmse,p10,p11,complete,64,15360,0.98046875,15060,300,0,0,0,0.964580078125,0.9928385416666666
d4_b,d4,b,common_grid,rmse,p10,p12,complete,64,15360,0.9792317708333333,15041,319,0,0,0,0.9626936848958333,0.9919270833333333
d4_b,d4,b,common_grid,rmse,p11,p12,complete,64,15360,0.4405598958333333,6767,8593,0,0,0,0.42265625,0.4586588541666667
d4_b,d4,b,common_grid,mae,p08,p09,complete,64,15360,0.440625,6768,8592,0,0,0,0.4386067708333333,0.4430338541666667
d4_b,d4,b,common_grid,mae,p08,p10,complete,64,15360,0.4383463541666667,6733,8627,0,0,0,0.4361979166666667,0.44049641927083333
d4_b,d4,b,common_grid,mae,p08,p11,complete,64,15360,0.05944010416666667,913,14447,0,0,0,0.0369775390625,0.08326985677083332
d4_b,d4,b,common_grid,mae,p08,p12,complete,64,15360,0.05774739583333333,887,14473,0,0,0,0.035087890625,0.08255371093749998
d4_b,d4,b,common_grid,mae,p09,p10,complete,64,15360,0.8047526041666667,12361,2999,0,0,0,0.7919921875,0.8169270833333333
d4_b,d4,b,common_grid,mae,p09,p11,complete,64,15360,0.9759114583333334,14990,370,0,0,0,0.9579410807291666,0.9899755859375
d4_b,d4,b,common_grid,mae,p09,p12,complete,64,15360,0.9747395833333333,14972,388,0,0,0,0.95625,0.9892578125
d4_b,d4,b,common_grid,mae,p10,p11,complete,64,15360,0.98046875,15060,300,0,0,0,0.964580078125,0.9928385416666666
d4_b,d4,b,common_grid,mae,p10,p12,complete,64,15360,0.9792317708333333,15041,319,0,0,0,0.9626936848958333,0.9919270833333333
d4_b,d4,b,common_grid,mae,p11,p12,complete,64,15360,0.43450520833333334,6674,8686,0,0,0,0.41516764322916666,0.45377766927083335
d4_b,d4,b,common_grid,sam,p08,p09,complete,64,15360,0.5136067708333333,7889,7471,0,0,0,0.506640625,0.5206380208333333
d4_b,d4,b,common_grid,sam,p08,p10,complete,64,15360,0.5180338541666667,7957,7403,0,0,0,0.511328125,0.5243505859375
d4_b,d4,b,common_grid,sam,p08,p11,complete,64,15360,0.05944010416666667,913,14447,0,0,0,0.0369775390625,0.08326985677083332
d4_b,d4,b,common_grid,sam,p08,p12,complete,64,15360,0.05774739583333333,887,14473,0,0,0,0.035087890625,0.08255371093749998
d4_b,d4,b,common_grid,sam,p09,p10,complete,64,15360,0.7978515625,12255,3105,0,0,0,0.7843082682291667,0.8104182942708333
d4_b,d4,b,common_grid,sam,p09,p11,complete,64,15360,0.9759114583333334,14990,370,0,0,0,0.9579410807291666,0.9899755859375
d4_b,d4,b,common_grid,sam,p09,p12,complete,64,15360,0.9747395833333333,14972,388,0,0,0,0.95625,0.9892578125
d4_b,d4,b,common_grid,sam,p10,p11,complete,64,15360,0.98046875,15060,300,0,0,0,0.964580078125,0.9928385416666666
d4_b,d4,b,common_grid,sam,p10,p12,complete,64,15360,0.9792317708333333,15041,319,0,0,0,0.9626936848958333,0.9919270833333333
d4_b,d4,b,common_grid,sam,p11,p12,complete,64,15360,0.440625,6768,8592,0,0,0,0.42265625,0.45866048177083335
d4_b,d4,b,common_grid,pearson_r,p08,p09,complete,64,15360,0.501953125,7710,7650,0,0,0,0.49394368489583335,0.5091813151041666
d4_b,d4,b,common_grid,pearson_r,p08,p10,complete,64,15360,0.49798177083333334,7649,7711,0,0,0,0.4889306640625,0.5067057291666667
d4_b,d4,b,common_grid,pearson_r,p08,p11,complete,64,15360,0.05950520833333333,914,14446,0,0,0,0.03697916666666667,0.08340006510416666
d4_b,d4,b,common_grid,pearson_r,p08,p12,complete,64,15360,0.05774739583333333,887,14473,0,0,0,0.035087890625,0.08255371093749998
d4_b,d4,b,common_grid,pearson_r,p09,p10,complete,64,15360,0.7916015625,12159,3201,0,0,0,0.7783821614583334,0.8039713541666667
d4_b,d4,b,common_grid,pearson_r,p09,p11,complete,64,15360,0.9759765625,14991,369,0,0,0,0.9579427083333333,0.9901041666666667
d4_b,d4,b,common_grid,pearson_r,p09,p12,complete,64,15360,0.9747395833333333,14972,388,0,0,0,0.95625,0.9892578125
d4_b,d4,b,common_grid,pearson_r,p10,p11,complete,64,15360,0.9803385416666667,15058,302,0,0,0,0.9644482421875,0.9926448567708334
d4_b,d4,b,common_grid,pearson_r,p10,p12,complete,64,15360,0.9792317708333333,15041,319,0,0,0,0.9626936848958333,0.9919270833333333
d4_b,d4,b,common_grid,pearson_r,p11,p12,complete,64,15360,0.43990885416666664,6757,8603,0,0,0,0.42193684895833333,0.4573583984375
d4_b,d4,b,common_grid,nmse,p08,p09,complete,64,15360,0.519140625,7974,7386,0,0,0,0.51171875,0.5268896484375
d4_b,d4,b,common_grid,nmse,p08,p10,complete,64,15360,0.5527994791666667,8491,6869,0,0,0,0.547978515625,0.557421875
d4_b,d4,b,common_grid,nmse,p08,p11,complete,64,15360,0.06171875,948,14412,0,0,0,0.039388020833333336,0.08587402343749999
d4_b,d4,b,common_grid,nmse,p08,p12,complete,64,15360,0.05944010416666667,913,14447,0,0,0,0.03697591145833334,0.08444335937499999
d4_b,d4,b,common_grid,nmse,p09,p10,complete,64,15360,0.7983723958333333,12263,3097,0,0,0,0.7853499348958334,0.8109375
d4_b,d4,b,common_grid,nmse,p09,p11,complete,64,15360,0.9770182291666667,15007,353,0,0,0,0.9595703125,0.9904947916666667
d4_b,d4,b,common_grid,nmse,p09,p12,complete,64,15360,0.9756510416666667,14986,374,0,0,0,0.9575520833333333,0.9897802734375
d4_b,d4,b,common_grid,nmse,p10,p11,complete,64,15360,0.9800130208333333,15053,307,0,0,0,0.9637369791666667,0.9925179036458334
d4_b,d4,b,common_grid,nmse,p10,p12,complete,64,15360,0.9792317708333333,15041,319,0,0,0,0.962890625,0.991796875
d4_b,d4,b,common_grid,nmse,p11,p12,complete,64,15360,0.43951822916666666,6751,8609,0,0,0,0.4212874348958333,0.45703287760416667
d4_b,d4,b,common_grid,wasserstein_1_cm1,p08,p09,complete,64,15360,0.02421875,372,14988,0,0,0,0.012109375,0.04010579427083333
d4_b,d4,b,common_grid,wasserstein_1_cm1,p08,p10,complete,64,15360,0.21705729166666668,3334,12026,0,0,0,0.2107421875,0.2255859375
d4_b,d4,b,common_grid,wasserstein_1_cm1,p08,p11,complete,64,15360,0.05944010416666667,913,14447,0,0,0,0.0369775390625,0.08326985677083332
d4_b,d4,b,common_grid,wasserstein_1_cm1,p08,p12,complete,64,15360,0.05774739583333333,887,14473,0,0,0,0.035087890625,0.08255371093749998
d4_b,d4,b,common_grid,wasserstein_1_cm1,p09,p10,complete,64,15360,0.5225911458333333,8027,7333,0,0,0,0.5029231770833333,0.5414729817708334
d4_b,d4,b,common_grid,wasserstein_1_cm1,p09,p11,complete,64,15360,0.9759114583333334,14990,370,0,0,0,0.9579410807291666,0.9899755859375
d4_b,d4,b,common_grid,wasserstein_1_cm1,p09,p12,complete,64,15360,0.9747395833333333,14972,388,0,0,0,0.95625,0.9892578125
d4_b,d4,b,common_grid,wasserstein_1_cm1,p10,p11,complete,64,15360,0.98046875,15060,300,0,0,0,0.964580078125,0.9928385416666666
d4_b,d4,b,common_grid,wasserstein_1_cm1,p10,p12,complete,64,15360,0.9792317708333333,15041,319,0,0,0,0.9626936848958333,0.9919270833333333
d4_b,d4,b,common_grid,wasserstein_1_cm1,p11,p12,complete,64,15360,0.4404296875,6765,8595,0,0,0,0.41712076822916666,0.4619189453125
d4_b,d4,b,common_grid,is_like_structure_to_noise,p08,p09,complete,64,15360,0.9859375,15144,216,0,0,0,0.96953125,0.9984375
d4_b,d4,b,common_grid,is_like_structure_to_noise,p08,p10,complete,64,15360,0.6828776041666667,10489,4871,0,0,0,0.6776041666666667,0.6868489583333334
d4_b,d4,b,common_grid,is_like_structure_to_noise,p08,p11,complete,64,15360,0.7231770833333333,11108,4252,0,0,0,0.7063134765625,0.7380224609375
d4_b,d4,b,common_grid,is_like_structure_to_noise,p08,p12,complete,64,15360,0.7402994791666667,11371,3989,0,0,0,0.7227799479166667,0.7559912109375
d4_b,d4,b,common_grid,is_like_structure_to_noise,p09,p10,complete,64,15360,0.5660807291666666,8695,6665,0,0,0,0.5465494791666666,0.5855501302083334
d4_b,d4,b,common_grid,is_like_structure_to_noise,p09,p11,complete,64,15360,0.9759114583333334,14990,370,0,0,0,0.9579410807291666,0.9899755859375
d4_b,d4,b,common_grid,is_like_structure_to_noise,p09,p12,complete,64,15360,0.9747395833333333,14972,388,0,0,0,0.95625,0.9892578125
d4_b,d4,b,common_grid,is_like_structure_to_noise,p10,p11,complete,64,15360,0.30221354166666664,4642,10718,0,0,0,0.2923811848958333,0.313349609375
d4_b,d4,b,common_grid,is_like_structure_to_noise,p10,p12,complete,64,15360,0.2677734375,4113,11247,0,0,0,0.25774576822916667,0.2796240234375
d4_b,d4,b,common_grid,is_like_structure_to_noise,p11,p12,complete,64,15360,0.5774088541666667,8869,6491,0,0,0,0.5555338541666667,0.6001334635416666
d4_b,d4,b,common_grid,precision,p08,p09,complete,64,15360,0.9859375,15144,216,0,0,0,0.96953125,0.9984375
d4_b,d4,b,common_grid,precision,p08,p10,complete,64,15360,0.9886067708333334,15185,175,0,0,0,0.9740869140625,0.9994791666666667
d4_b,d4,b,common_grid,precision,p08,p11,complete,64,15360,0.9405598958333333,14447,913,0,0,0,0.9167301432291667,0.9630224609375
d4_b,d4,b,common_grid,precision,p08,p12,complete,64,15360,0.9422526041666667,14473,887,0,0,0,0.9174462890625,0.964912109375
d4_b,d4,b,common_grid,precision,p09,p10,complete,64,15360,0.5692057291666667,8743,6617,0,0,0,0.5495442708333333,0.5883528645833334
d4_b,d4,b,common_grid,precision,p09,p11,complete,64,15360,0.8235026041666667,12649,2711,0,0,0,0.8106770833333333,0.8344417317708334
d4_b,d4,b,common_grid,precision,p09,p12,complete,64,15360,0.9747395833333333,14972,388,0,0,0,0.95625,0.9892578125
d4_b,d4,b,common_grid,precision,p10,p11,complete,64,15360,0.56171875,8628,6732,0,0,0,0.55703125,0.5664078776041667
d4_b,d4,b,common_grid,precision,p10,p12,complete,64,15360,0.9557291666666666,14680,680,0,0,0,0.9401025390625,0.9679052734375
d4_b,d4,b,common_grid,precision,p11,p12,complete,64,15360,0.4236328125,6507,8853,0,0,0,0.40051920572916666,0.44622395833333334
d4_b,d4,b,common_grid,recall,p08,p09,complete,64,15360,0.9859375,15144,216,0,0,0,0.96953125,0.9984375
d4_b,d4,b,common_grid,recall,p08,p10,complete,64,15360,0.9886067708333334,15185,175,0,0,0,0.9740869140625,0.9994791666666667
d4_b,d4,b,common_grid,recall,p08,p11,complete,64,15360,0.9405598958333333,14447,913,0,0,0,0.9167301432291667,0.9630224609375
d4_b,d4,b,common_grid,recall,p08,p12,complete,64,15360,0.9346354166666667,14356,1004,0,0,0,0.9107405598958334,0.9569010416666667
d4_b,d4,b,common_grid,recall,p09,p10,complete,64,15360,0.5661458333333333,8696,6664,0,0,0,0.5466780598958333,0.5858072916666667
d4_b,d4,b,common_grid,recall,p09,p11,complete,64,15360,0.88203125,13548,1812,0,0,0,0.8669254557291667,0.8940755208333333
d4_b,d4,b,common_grid,recall,p09,p12,complete,64,15360,0.9747395833333333,14972,388,0,0,0,0.95625,0.9892578125
d4_b,d4,b,common_grid,recall,p10,p11,complete,64,15360,0.47291666666666665,7264,8096,0,0,0,0.46875,0.4771484375
d4_b,d4,b,common_grid,recall,p10,p12,complete,64,15360,0.9096354166666667,13972,1388,0,0,0,0.89478515625,0.9216145833333333
d4_b,d4,b,common_grid,recall,p11,p12,complete,64,15360,0.4246744791666667,6523,8837,0,0,0,0.40174967447916665,0.4469401041666667
d4_b,d4,b,common_grid,f1,p08,p09,complete,64,15360,0.9859375,15144,216,0,0,0,0.96953125,0.9984375
d4_b,d4,b,common_grid,f1,p08,p10,complete,64,15360,0.9886067708333334,15185,175,0,0,0,0.9740869140625,0.9994791666666667
d4_b,d4,b,common_grid,f1,p08,p11,complete,64,15360,0.9405598958333333,14447,913,0,0,0,0.9167301432291667,0.9630224609375
d4_b,d4,b,common_grid,f1,p08,p12,complete,64,15360,0.9422526041666667,14473,887,0,0,0,0.9174462890625,0.964912109375
d4_b,d4,b,common_grid,f1,p09,p10,complete,64,15360,0.5663411458333333,8699,6661,0,0,0,0.5468733723958333,0.5858723958333333
d4_b,d4,b,common_grid,f1,p09,p11,complete,64,15360,0.8600260416666666,13210,2150,0,0,0,0.8458317057291667,0.8715511067708334
d4_b,d4,b,common_grid,f1,p09,p12,complete,64,15360,0.9747395833333333,14972,388,0,0,0,0.95625,0.9892578125
d4_b,d4,b,common_grid,f1,p10,p11,complete,64,15360,0.5260416666666666,8080,7280,0,0,0,0.5225260416666667,0.5295572916666667
d4_b,d4,b,common_grid,f1,p10,p12,complete,64,15360,0.947265625,14550,810,0,0,0,0.9316389973958333,0.9591813151041667
d4_b,d4,b,common_grid,f1,p11,p12,complete,64,15360,0.4229817708333333,6497,8863,0,0,0,0.3998030598958333,0.4458984375
d4_b,d4,b,common_grid,artifact_peak_ratio,p08,p09,complete,64,15360,0.9859375,15144,216,0,0,0,0.96953125,0.9984375
d4_b,d4,b,common_grid,artifact_peak_ratio,p08,p10,complete,64,15360,0.9886067708333334,15185,175,0,0,0,0.9740869140625,0.9994791666666667
d4_b,d4,b,common_grid,artifact_peak_ratio,p08,p11,complete,64,15360,0.9405598958333333,14447,913,0,0,0,0.9167301432291667,0.9630224609375
d4_b,d4,b,common_grid,artifact_peak_ratio,p08,p12,complete,64,15360,0.9422526041666667,14473,887,0,0,0,0.9174462890625,0.964912109375
d4_b,d4,b,common_grid,artifact_peak_ratio,p09,p10,complete,64,15360,0.5692057291666667,8743,6617,0,0,0,0.5495442708333333,0.5883528645833334
d4_b,d4,b,common_grid,artifact_peak_ratio,p09,p11,complete,64,15360,0.8235026041666667,12649,2711,0,0,0,0.8106770833333333,0.8344417317708334
d4_b,d4,b,common_grid,artifact_peak_ratio,p09,p12,complete,64,15360,0.9747395833333333,14972,388,0,0,0,0.95625,0.9892578125
d4_b,d4,b,common_grid,artifact_peak_ratio,p10,p11,complete,64,15360,0.56171875,8628,6732,0,0,0,0.55703125,0.5664078776041667
d4_b,d4,b,common_grid,artifact_peak_ratio,p10,p12,complete,64,15360,0.9557291666666666,14680,680,0,0,0,0.9401025390625,0.9679052734375
d4_b,d4,b,common_grid,artifact_peak_ratio,p11,p12,complete,64,15360,0.4236328125,6507,8853,0,0,0,0.40051920572916666,0.44622395833333334
d4_b,d4,b,common_grid,missing_peak_ratio,p08,p09,complete,64,15360,0.9859375,15144,216,0,0,0,0.96953125,0.9984375
d4_b,d4,b,common_grid,missing_peak_ratio,p08,p10,complete,64,15360,0.9886067708333334,15185,175,0,0,0,0.9740869140625,0.9994791666666667
d4_b,d4,b,common_grid,missing_peak_ratio,p08,p11,complete,64,15360,0.9405598958333333,14447,913,0,0,0,0.9167301432291667,0.9630224609375
d4_b,d4,b,common_grid,missing_peak_ratio,p08,p12,complete,64,15360,0.9346354166666667,14356,1004,0,0,0,0.9107405598958334,0.9569010416666667
d4_b,d4,b,common_grid,missing_peak_ratio,p09,p10,complete,64,15360,0.5661458333333333,8696,6664,0,0,0,0.5466780598958333,0.5858072916666667
d4_b,d4,b,common_grid,missing_peak_ratio,p09,p11,complete,64,15360,0.88203125,13548,1812,0,0,0,0.8669254557291667,0.8940755208333333
d4_b,d4,b,common_grid,missing_peak_ratio,p09,p12,complete,64,15360,0.9747395833333333,14972,388,0,0,0,0.95625,0.9892578125
d4_b,d4,b,common_grid,missing_peak_ratio,p10,p11,complete,64,15360,0.47291666666666665,7264,8096,0,0,0,0.46875,0.4771484375
d4_b,d4,b,common_grid,missing_peak_ratio,p10,p12,complete,64,15360,0.9096354166666667,13972,1388,0,0,0,0.89478515625,0.9216145833333333
d4_b,d4,b,common_grid,missing_peak_ratio,p11,p12,complete,64,15360,0.4246744791666667,6523,8837,0,0,0,0.40174967447916665,0.4469401041666667
d5_a,d5,a,native,mse,p08,p09,complete,64,43584,0.5426762114537445,10528,6808,0,26248,0,0.5359647462371513,0.5490891152716594
d5_a,d5,a,native,mse,p08,p10,complete,64,43584,0.5798917033773862,11574,4610,668,25432,1300,0.5708399297907489,0.5887392735866374
d5_a,d5,a,native,mse,p08,p11,complete,64,43584,0.6081015969162996,13730,4307,0,25547,0,0.5914653313142437,0.6251502845080764
d5_a,d5,a,native,mse,p08,p12,complete,64,43584,0.613103432452276,13894,4035,0,25655,0,0.5950225426762114,0.6307383443465492
d5_a,d5,a,native,mse,p09,p10,complete,64,43584,0.5429285976505139,8917,5175,0,29492,0,0.5358726826358297,0.5499495227606461
d5_a,d5,a,native,mse,p09,p11,complete,64,43584,0.5265923274596183,5533,3215,0,34836,0,0.5137085857195302,0.5390854441997063
d5_a,d5,a,native,mse,p09,p12,complete,64,43584,0.5320874632892805,5018,2221,0,36345,0,0.5198802886380323,0.5448788546255506
d5_a,d5,a,native,mse,p10,p11,complete,64,43584,0.5937958883994127,11419,3243,0,28922,0,0.5786289119860499,0.6098364652165933
d5_a,d5,a,native,mse,p10,p12,complete,64,43584,0.5980061490455213,11423,2880,0,29281,0,0.5824608801395008,0.6141399366740088
d5_a,d5,a,native,mse,p11,p12,complete,64,43584,0.5,0,0,3382,0,40202,0.5,0.5
d5_a,d5,a,native,rmse,p08,p09,complete,64,43584,0.5433415932452276,10557,6779,0,26248,0,0.5365951381240822,0.5496397760646109
d5_a,d5,a,native,rmse,p08,p10,complete,64,43584,0.5802014500734214,11344,4353,1155,24494,2238,0.5710802702826725,0.5890693832599119
d5_a,d5,a,native,rmse,p08,p11,complete,64,43584,0.6081015969162996,13730,4307,0,25547,0,0.5914653313142437,0.6251502845080764
d5_a,d5,a,native,rmse,p08,p12,complete,64,43584,0.613103432452276,13894,4035,0,25655,0,0.5950225426762114,0.6307383443465492
d5_a,d5,a,native,rmse,p09,p10,complete,64,43584,0.543364537444934,8936,5156,0,29492,0,0.5362171324339208,0.5505483663729809
d5_a,d5,a,native,rmse,p09,p11,complete,64,43584,0.5265923274596183,5533,3215,0,34836,0,0.5137085857195302,0.5390854441997063
d5_a,d5,a,native,rmse,p09,p12,complete,64,43584,0.5320874632892805,5018,2221,0,36345,0,0.5198802886380323,0.5448788546255506
d5_a,d5,a,native,rmse,p10,p11,complete,64,43584,0.5937958883994127,11419,3243,0,28922,0,0.5786289119860499,0.6098364652165933
d5_a,d5,a,native,rmse,p10,p12,complete,64,43584,0.5980061490455213,11423,2880,0,29281,0,0.5824608801395008,0.6141399366740088
d5_a,d5,a,native,rmse,p11,p12,complete,64,43584,0.5,0,0,3382,0,40202,0.5,0.5
d5_a,d5,a,native,mae,p08,p09,complete,64,43584,0.5517850587371512,10925,6411,0,26248,0,0.5446029506240823,0.5584968107562408
d5_a,d5,a,native,mae,p08,p10,complete,64,43584,0.5823008443465492,12013,4839,0,26732,0,0.5726060595631424,0.5914443947320117
d5_a,d5,a,native,mae,p08,p11,complete,64,43584,0.6081015969162996,13730,4307,0,25547,0,0.5914653313142437,0.6251502845080764
d5_a,d5,a,native,mae,p08,p12,complete,64,43584,0.613103432452276,13894,4035,0,25655,0,0.5950225426762114,0.6307383443465492
d5_a,d5,a,native,mae,p09,p10,complete,64,43584,0.5431580396475771,8927,5165,0,29492,0,0.5360562362334802,0.5500530584618208
d5_a,d5,a,native,mae,p09,p11,complete,64,43584,0.5265923274596183,5533,3215,0,34836,0,0.5137085857195302,0.5390854441997063
d5_a,d5,a,native,mae,p09,p12,complete,64,43584,0.5320874632892805,5018,2221,0,36345,0,0.5198802886380323,0.5448788546255506
d5_a,d5,a,native,mae,p10,p11,complete,64,43584,0.5937958883994127,11419,3243,0,28922,0,0.5786289119860499,0.6098364652165933
d5_a,d5,a,native,mae,p10,p12,complete,64,43584,0.5980061490455213,11423,2880,0,29281,0,0.5824608801395008,0.6141399366740088
d5_a,d5,a,native,mae,p11,p12,complete,64,43584,0.5,0,0,3382,0,40202,0.5,0.5
d5_a,d5,a,native,sam,p08,p09,complete,64,43584,0.5390051395007343,10368,6968,0,26248,0,0.5327290404735683,0.5450394640234949
d5_a,d5,a,native,sam,p08,p10,complete,64,43584,0.5780561674008811,11828,5024,0,26732,0,0.5691644296071953,0.5868326105910425
d5_a,d5,a,native,sam,p08,p11,complete,64,43584,0.6081015969162996,13730,4307,0,25547,0,0.5914653313142437,0.6251502845080764
d5_a,d5,a,native,sam,p08,p12,complete,64,43584,0.613103432452276,13894,4035,0,25655,0,0.5950225426762114,0.6307383443465492
d5_a,d5,a,native,sam,p09,p10,complete,64,43584,0.5434104258443465,8938,5154,0,29492,0,0.5362515487334802,0.5502151018722466
d5_a,d5,a,native,sam,p09,p11,complete,64,43584,0.5265923274596183,5533,3215,0,34836,0,0.5137085857195302,0.5390854441997063
d5_a,d5,a,native,sam,p09,p12,complete,64,43584,0.5320874632892805,5018,2221,0,36345,0,0.5198802886380323,0.5448788546255506
d5_a,d5,a,native,sam,p10,p11,complete,64,43584,0.5937958883994127,11419,3243,0,28922,0,0.5786289119860499,0.6098364652165933
d5_a,d5,a,native,sam,p10,p12,complete,64,43584,0.5980061490455213,11423,2880,0,29281,0,0.5824608801395008,0.6141399366740088
d5_a,d5,a,native,sam,p11,p12,complete,64,43584,0.5,0,0,3382,0,40202,0.5,0.5
d5_a,d5,a,native,pearson_r,p08,p09,complete,64,43584,0.5414831130690162,10476,6860,0,26248,0,0.5344730864537446,0.5481719208883994
d5_a,d5,a,native,pearson_r,p08,p10,complete,64,43584,0.5770466226138032,11784,5068,0,26732,0,0.5680754405286343,0.5858001216042584
d5_a,d5,a,native,pearson_r,p08,p11,complete,64,43584,0.6081015969162996,13730,4307,0,25547,0,0.5914653313142437,0.6251502845080764
d5_a,d5,a,native,pearson_r,p08,p12,complete,64,43584,0.613103432452276,13894,4035,0,25655,0,0.5950225426762114,0.6307383443465492
d5_a,d5,a,native,pearson_r,p09,p10,complete,64,43584,0.5443052496328928,8977,5115,0,29492,0,0.5373181672173275,0.5510052427496329
d5_a,d5,a,native,pearson_r,p09,p11,complete,64,43584,0.5265923274596183,5533,3215,0,34836,0,0.5137085857195302,0.5390854441997063
d5_a,d5,a,native,pearson_r,p09,p12,complete,64,43584,0.5320874632892805,5018,2221,0,36345,0,0.5198802886380323,0.5448788546255506
d5_a,d5,a,native,pearson_r,p10,p11,complete,64,43584,0.5937958883994127,11419,3243,0,28922,0,0.5786289119860499,0.6098364652165933
d5_a,d5,a,native,pearson_r,p10,p12,complete,64,43584,0.5980061490455213,11423,2880,0,29281,0,0.5824608801395008,0.6141399366740088
d5_a,d5,a,native,pearson_r,p11,p12,complete,64,43584,0.5,0,0,3382,0,40202,0.5,0.5
d5_a,d5,a,native,nmse,p08,p09,complete,64,43584,0.5446035242290749,10612,6724,0,26248,0,0.5377650055066079,0.5512008420521293
d5_a,d5,a,native,nmse,p08,p10,complete,64,43584,0.5801211453744494,11508,4524,820,25162,1570,0.5711032144823788,0.5890693832599119
d5_a,d5,a,native,nmse,p08,p11,complete,64,43584,0.6081015969162996,13730,4307,0,25547,0,0.5914653313142437,0.6251502845080764
d5_a,d5,a,native,nmse,p08,p12,complete,64,43584,0.613103432452276,13894,4035,0,25655,0,0.5950225426762114,0.6307383443465492
d5_a,d5,a,native,nmse,p09,p10,complete,64,43584,0.5442823054331865,8976,5116,0,29492,0,0.5369169305249634,0.5515441446402349
d5_a,d5,a,native,nmse,p09,p11,complete,64,43584,0.5265923274596183,5533,3215,0,34836,0,0.5137085857195302,0.5390854441997063
d5_a,d5,a,native,nmse,p09,p12,complete,64,43584,0.5320874632892805,5018,2221,0,36345,0,0.5198802886380323,0.5448788546255506
d5_a,d5,a,native,nmse,p10,p11,complete,64,43584,0.5937958883994127,11419,3243,0,28922,0,0.5786289119860499,0.6098364652165933
d5_a,d5,a,native,nmse,p10,p12,complete,64,43584,0.5980061490455213,11423,2880,0,29281,0,0.5824608801395008,0.6141399366740088
d5_a,d5,a,native,nmse,p11,p12,complete,64,43584,0.5,0,0,3382,0,40202,0.5,0.5
d5_a,d5,a,native,wasserstein_1_cm1,p08,p09,complete,64,43584,0.5862701908957415,12428,4908,0,26248,0,0.5741315620411159,0.5981438142437592
d5_a,d5,a,native,wasserstein_1_cm1,p08,p10,complete,64,43584,0.5784462187958884,11845,5007,0,26732,0,0.5672609214390602,0.5890831497797356
d5_a,d5,a,native,wasserstein_1_cm1,p08,p11,complete,64,43584,0.6081015969162996,13730,4307,0,25547,0,0.5914653313142437,0.6251502845080764
d5_a,d5,a,native,wasserstein_1_cm1,p08,p12,complete,64,43584,0.613103432452276,13894,4035,0,25655,0,0.5950225426762114,0.6307383443465492
d5_a,d5,a,native,wasserstein_1_cm1,p09,p10,complete,64,43584,0.5556396842878121,9471,4621,0,29492,0,0.547678046989721,0.5632468337004406
d5_a,d5,a,native,wasserstein_1_cm1,p09,p11,complete,64,43584,0.5266382158590308,5535,3213,0,34836,0,0.5137085857195302,0.5390880254221733
d5_a,d5,a,native,wasserstein_1_cm1,p09,p12,complete,64,43584,0.5320874632892805,5018,2221,0,36345,0,0.5198802886380323,0.5448788546255506
d5_a,d5,a,native,wasserstein_1_cm1,p10,p11,complete,64,43584,0.5937958883994127,11419,3243,0,28922,0,0.5786289119860499,0.6098364652165933
d5_a,d5,a,native,wasserstein_1_cm1,p10,p12,complete,64,43584,0.5980061490455213,11423,2880,0,29281,0,0.5824608801395008,0.6141399366740088
d5_a,d5,a,native,wasserstein_1_cm1,p11,p12,complete,64,43584,0.5057131057268722,1940,1442,0,40202,0,0.4984397944199706,0.5132623210352423
d5_a,d5,a,native,is_like_structure_to_noise,p08,p09,complete,64,43584,0.40618116740088106,4579,12757,0,26248,0,0.389862105359765,0.42225644732011747
d5_a,d5,a,native,is_like_structure_to_noise,p08,p10,complete,64,43584,0.47788179148311305,7462,9390,0,26732,0,0.4651242428414097,0.49071993162628486
d5_a,d5,a,native,is_like_structure_to_noise,p08,p11,complete,64,43584,0.5178850036710719,9798,8239,0,25547,0,0.5009272324706314,0.5340434563142438
d5_a,d5,a,native,is_like_structure_to_noise,p08,p12,complete,64,43584,0.520156479441997,9843,8086,0,25655,0,0.5022227193465492,0.5369091868575624
d5_a,d5,a,native,is_like_structure_to_noise,p09,p10,complete,64,43584,0.4221273861967695,3652,10440,0,29492,0,0.4087494837555066,0.4352520420337739
d5_a,d5,a,native,is_like_structure_to_noise,p09,p11,complete,64,43584,0.5265923274596183,5533,3215,0,34836,0,0.5137085857195302,0.5390854441997063
d5_a,d5,a,native,is_like_structure_to_noise,p09,p12,complete,64,43584,0.5320874632892805,5018,2221,0,36345,0,0.5198802886380323,0.5448788546255506
d5_a,d5,a,native,is_like_structure_to_noise,p10,p11,complete,64,43584,0.5937958883994127,11419,3243,0,28922,0,0.5786289119860499,0.6098364652165933
d5_a,d5,a,native,is_like_structure_to_noise,p10,p12,complete,64,43584,0.5980061490455213,11423,2880,0,29281,0,0.5824608801395008,0.6141399366740088
d5_a,d5,a,native,is_like_structure_to_noise,p11,p12,complete,64,43584,0.5,0,0,3382,0,40202,0.5,0.5
d5_a,d5,a,native,precision,p08,p09,complete,64,43584,0.40618116740088106,4579,12757,0,26248,0,0.389862105359765,0.42225644732011747
d5_a,d5,a,native,precision,p08,p10,complete,64,43584,0.477950624082232,7465,9387,0,26732,0,0.46523896383994123,0.4907425890234949
d5_a,d5,a,native,precision,p08,p11,complete,64,43584,0.5563509544787077,11451,6539,47,25288,259,0.5473089321769458,0.5649326587738619
d5_a,d5,a,native,precision,p08,p12,complete,64,43584,0.5904230910425844,12884,5002,43,25381,274,0.5757485545154185,0.6043519410792951
d5_a,d5,a,native,precision,p09,p10,complete,64,43584,0.42847145741556536,3913,10148,31,29367,125,0.41541161894273126,0.440712187958884
d5_a,d5,a,native,precision,p09,p11,complete,64,43584,0.5191584067547724,5148,3478,122,34230,606,0.5119751514317181,0.5262278014867842
d5_a,d5,a,native,precision,p09,p12,complete,64,43584,0.5320874632892805,5018,2221,0,36345,0,0.5198802886380323,0.5448788546255506
d5_a,d5,a,native,precision,p10,p11,complete,64,43584,0.5507066813509545,9536,5116,10,28844,78,0.5425445691079295,0.5592422104441996
d5_a,d5,a,native,precision,p10,p12,complete,64,43584,0.5980061490455213,11423,2880,0,29281,0,0.5824603065345081,0.6141175660792951
d5_a,d5,a,native,precision,p11,p12,complete,64,43584,0.5024665014684288,1146,931,1305,18563,21639,0.49977055800293685,0.5051968612334802
d5_a,d5,a,native,recall,p08,p09,complete,64,43584,0.40618116740088106,4579,12757,0,26248,0,0.389862105359765,0.42225644732011747
d5_a,d5,a,native,recall,p08,p10,complete,64,43584,0.4782144823788546,7476,9375,1,26732,0,0.46549077643171805,0.4910205006424376
d5_a,d5,a,native,recall,p08,p11,complete,64,43584,0.556293593979442,11455,6548,34,25354,193,0.5472076908957415,0.5648294098751835
d5_a,d5,a,native,recall,p08,p12,complete,64,43584,0.6019410792951542,13388,4502,39,25450,205,0.5858181901615271,0.6174404598017621
d5_a,d5,a,native,recall,p09,p10,complete,64,43584,0.4383948237885463,4307,9677,108,29144,348,0.4262682406387665,0.44984426624449336
d5_a,d5,a,native,recall,p09,p11,complete,64,43584,0.5198926211453745,5161,3427,160,34106,730,0.5124231369309838,0.5273388743575624
d5_a,d5,a,native,recall,p09,p12,complete,64,43584,0.5320874632892805,5018,2221,0,36345,0,0.5198802886380323,0.5448788546255506
d5_a,d5,a,native,recall,p10,p11,complete,64,43584,0.5510737885462555,9550,5098,14,28840,82,0.5427745847099853,0.5596466019640235
d5_a,d5,a,native,recall,p10,p12,complete,64,43584,0.5980061490455213,11423,2880,0,29281,0,0.5824603065345081,0.6141175660792951
d5_a,d5,a,native,recall,p11,p12,complete,64,43584,0.5023976688693098,1140,931,1311,18563,21639,0.49971291070117474,0.5050941859397944
d5_a,d5,a,native,f1,p08,p09,complete,64,43584,0.40618116740088106,4579,12757,0,26248,0,0.389862105359765,0.42225644732011747
d5_a,d5,a,native,f1,p08,p10,complete,64,43584,0.4779735682819383,7466,9386,0,26732,0,0.4652395374449339,0.4907425890234949
d5_a,d5,a,native,f1,p08,p11,complete,64,43584,0.5563509544787077,11473,6561,3,25514,33,0.5471844598935389,0.5649449912812041
d5_a,d5,a,native,f1,p08,p12,complete,64,43584,0.5997040198237885,13310,4619,0,25619,36,0.5836889684287812,0.614974531938326
d5_a,d5,a,native,f1,p09,p10,complete,64,43584,0.43271613436123346,4096,9961,35,29386,106,0.42006040060572686,0.4444300087187959
d5_a,d5,a,native,f1,p09,p11,complete,64,43584,0.5195943465491923,5167,3459,122,34230,606,0.512285471732746,0.5268817111784141
d5_a,d5,a,native,f1,p09,p12,complete,64,43584,0.5320874632892805,5018,2221,0,36345,0,0.5198802886380323,0.5448788546255506
d5_a,d5,a,native,f1,p10,p11,complete,64,43584,0.550890234948605,9544,5108,10,28842,80,0.5426154093245228,0.5594834113436123
d5_a,d5,a,native,f1,p10,p12,complete,64,43584,0.5980061490455213,11423,2880,0,29281,0,0.5824603065345081,0.6141175660792951
d5_a,d5,a,native,f1,p11,p12,complete,64,43584,0.5024665014684288,1146,931,1305,18563,21639,0.49977055800293685,0.5051968612334802
d5_a,d5,a,native,artifact_peak_ratio,p08,p09,complete,64,43584,0.40618116740088106,4579,12757,0,26248,0,0.389862105359765,0.42225644732011747
d5_a,d5,a,native,artifact_peak_ratio,p08,p10,complete,64,43584,0.477950624082232,7465,9387,0,26732,0,0.46523896383994123,0.4907425890234949
d5_a,d5,a,native,artifact_peak_ratio,p08,p11,complete,64,43584,0.5563509544787077,11451,6539,47,25288,259,0.5473089321769458,0.5649326587738619
d5_a,d5,a,native,artifact_peak_ratio,p08,p12,complete,64,43584,0.5904230910425844,12884,5002,43,25381,274,0.5757485545154185,0.6043519410792951
d5_a,d5,a,native,artifact_peak_ratio,p09,p10,complete,64,43584,0.42847145741556536,3913,10148,31,29367,125,0.41541161894273126,0.440712187958884
d5_a,d5,a,native,artifact_peak_ratio,p09,p11,complete,64,43584,0.5191584067547724,5148,3478,122,34230,606,0.5119751514317181,0.5262278014867842
d5_a,d5,a,native,artifact_peak_ratio,p09,p12,complete,64,43584,0.5320874632892805,5018,2221,0,36345,0,0.5198802886380323,0.5448788546255506
d5_a,d5,a,native,artifact_peak_ratio,p10,p11,complete,64,43584,0.5507066813509545,9536,5116,10,28844,78,0.5425445691079295,0.5592422104441996
d5_a,d5,a,native,artifact_peak_ratio,p10,p12,complete,64,43584,0.5980061490455213,11423,2880,0,29281,0,0.5824603065345081,0.6141175660792951
d5_a,d5,a,native,artifact_peak_ratio,p11,p12,complete,64,43584,0.5024665014684288,1146,931,1305,18563,21639,0.49977055800293685,0.5051968612334802
d5_a,d5,a,native,missing_peak_ratio,p08,p09,complete,64,43584,0.40618116740088106,4579,12757,0,26248,0,0.389862105359765,0.42225644732011747
d5_a,d5,a,native,missing_peak_ratio,p08,p10,complete,64,43584,0.4782144823788546,7476,9375,1,26732,0,0.46549077643171805,0.4910205006424376
d5_a,d5,a,native,missing_peak_ratio,p08,p11,complete,64,43584,0.556293593979442,11455,6548,34,25354,193,0.5472076908957415,0.5648294098751835
d5_a,d5,a,native,missing_peak_ratio,p08,p12,complete,64,43584,0.6019410792951542,13388,4502,39,25451,204,0.5858181901615271,0.6174404598017621
d5_a,d5,a,native,missing_peak_ratio,p09,p10,complete,64,43584,0.4383948237885463,4307,9677,108,29144,348,0.4262682406387665,0.44984426624449336
d5_a,d5,a,native,missing_peak_ratio,p09,p11,complete,64,43584,0.5198926211453745,5161,3427,160,34106,730,0.5124231369309838,0.5273388743575624
d5_a,d5,a,native,missing_peak_ratio,p09,p12,complete,64,43584,0.5320874632892805,5018,2221,0,36345,0,0.5198802886380323,0.5448788546255506
d5_a,d5,a,native,missing_peak_ratio,p10,p11,complete,64,43584,0.5510737885462555,9550,5098,14,28840,82,0.5427745847099853,0.5596466019640235
d5_a,d5,a,native,missing_peak_ratio,p10,p12,complete,64,43584,0.5980061490455213,11423,2880,0,29281,0,0.5824603065345081,0.6141175660792951
d5_a,d5,a,native,missing_peak_ratio,p11,p12,complete,64,43584,0.5023976688693098,1140,931,1311,18563,21639,0.49971291070117474,0.5050941859397944
d5_a,d5,a,common_grid,mse,p08,p09,complete,64,43584,0.5553643538913363,11081,6255,0,26248,0,0.5474245135829662,0.5629020970998531
d5_a,d5,a,common_grid,mse,p08,p10,complete,64,43584,0.5769319016152716,11779,5073,0,26732,0,0.5678104350220264,0.5857312890051395
d5_a,d5,a,common_grid,mse,p08,p11,complete,64,43584,0.6078262665198237,13718,4319,0,25547,0,0.5907770053230543,0.6242454226321587
d5_a,d5,a,common_grid,mse,p08,p12,complete,64,43584,0.613103432452276,13894,4035,0,25655,0,0.5950225426762114,0.6307383443465492
d5_a,d5,a,common_grid,mse,p09,p10,complete,64,43584,0.557314610866373,9544,4548,0,29492,0,0.549348671530837,0.5650700371696035
d5_a,d5,a,common_grid,mse,p09,p11,complete,64,43584,0.5281295888399412,5600,3148,0,34836,0,0.5158423962922174,0.5400502477973569
d5_a,d5,a,common_grid,mse,p09,p12,complete,64,43584,0.5320874632892805,5018,2221,0,36345,0,0.5198802886380323,0.5448788546255506
d5_a,d5,a,common_grid,mse,p10,p11,complete,64,43584,0.5950119309838473,11472,3190,0,28922,0,0.5801320438693098,0.6107645580947136
d5_a,d5,a,common_grid,mse,p10,p12,complete,64,43584,0.5980061490455213,11423,2880,0,29281,0,0.5824608801395008,0.6141399366740088
d5_a,d5,a,common_grid,mse,p11,p12,complete,64,43584,0.5063325991189427,1967,1415,0,40202,0,0.49843922081497793,0.5147123944566813
d5_a,d5,a,common_grid,rmse,p08,p09,complete,64,43584,0.5551808002936858,11073,6263,0,26248,0,0.5473559677863435,0.5623738069016153
d5_a,d5,a,common_grid,rmse,p08,p10,complete,64,43584,0.5779185022026432,11822,5030,0,26732,0,0.5689814496145374,0.5867411205947136
d5_a,d5,a,common_grid,rmse,p08,p11,complete,64,43584,0.6085604809104258,13750,4287,0,25547,0,0.5915060572687224,0.6250923504038178
d5_a,d5,a,common_grid,rmse,p08,p12,complete,64,43584,0.613103432452276,13894,4035,0,25655,0,0.5950225426762114,0.6307383443465492
d5_a,d5,a,common_grid,rmse,p09,p10,complete,64,43584,0.5570392804698973,9532,4560,0,29492,0,0.549180318465492,0.5647029299743025
d5_a,d5,a,common_grid,rmse,p09,p11,complete,64,43584,0.5281984214390602,5603,3145,0,34836,0,0.5158071195851689,0.5400838036894273
d5_a,d5,a,common_grid,rmse,p09,p12,complete,64,43584,0.5320874632892805,5018,2221,0,36345,0,0.5198802886380323,0.5448788546255506
d5_a,d5,a,common_grid,rmse,p10,p11,complete,64,43584,0.5952872613803231,11484,3178,0,28922,0,0.580474772852423,0.6109925660792952
d5_a,d5,a,common_grid,rmse,p10,p12,complete,64,43584,0.5980061490455213,11423,2880,0,29281,0,0.5824608801395008,0.6141399366740088
d5_a,d5,a,common_grid,rmse,p11,p12,complete,64,43584,0.5063325991189427,1967,1415,0,40202,0,0.49843922081497793,0.5147123944566813
d5_a,d5,a,common_grid,mae,p08,p09,complete,64,43584,0.5588059838472834,11231,6105,0,26248,0,0.5504887114537445,0.5664352170521292
d5_a,d5,a,common_grid,mae,p08,p10,complete,64,43584,0.5788592143906021,11863,4989,0,26732,0,0.5700701518906021,0.5875780102790015
d5_a,d5,a,common_grid,mae,p08,p11,complete,64,43584,0.6082622063142438,13737,4300,0,25547,0,0.5915350243208516,0.6252073582048459
d5_a,d5,a,common_grid,mae,p08,p12,complete,64,43584,0.613103432452276,13894,4035,0,25655,0,0.5950225426762114,0.6307383443465492
d5_a,d5,a,common_grid,mae,p09,p10,complete,64,43584,0.5576587738619677,9559,4533,0,29492,0,0.5497304056534508,0.5653685985682819
d5_a,d5,a,common_grid,mae,p09,p11,complete,64,43584,0.5269823788546255,5550,3198,0,34836,0,0.5142583861049926,0.5393048481093979
d5_a,d5,a,common_grid,mae,p09,p12,complete,64,43584,0.5320874632892805,5018,2221,0,36345,0,0.5198802886380323,0.5448788546255506
d5_a,d5,a,common_grid,mae,p10,p11,complete,64,43584,0.5942318281938326,11438,3224,0,28922,0,0.57904219438326,0.6101665748898678
d5_a,d5,a,common_grid,mae,p10,p12,complete,64,43584,0.5980061490455213,11423,2880,0,29281,0,0.5824608801395008,0.6141399366740088
d5_a,d5,a,common_grid,mae,p11,p12,complete,64,43584,0.5063555433186491,1968,1414,0,40202,0,0.49848568281938327,0.5147571356461086
d5_a,d5,a,common_grid,sam,p08,p09,complete,64,43584,0.5440069750367107,10586,6750,0,26248,0,0.5361253556350954,0.5515561903450807
d5_a,d5,a,common_grid,sam,p08,p10,complete,64,43584,0.5752799192364171,11707,5145,0,26732,0,0.5662625619493392,0.584437809746696
d5_a,d5,a,common_grid,sam,p08,p11,complete,64,43584,0.6094094162995595,13787,4250,0,25547,0,0.592657569291483,0.625736795613069
d5_a,d5,a,common_grid,sam,p08,p12,complete,64,43584,0.6131263766519823,13895,4034,0,25655,0,0.5950225426762114,0.6307389179515419
d5_a,d5,a,common_grid,sam,p09,p10,complete,64,43584,0.556511563876652,9509,4583,0,29492,0,0.5485582438509545,0.5642454799926578
d5_a,d5,a,common_grid,sam,p09,p11,complete,64,43584,0.5289555800293686,5636,3112,0,34836,0,0.5165198237885462,0.5409212669787078
d5_a,d5,a,common_grid,sam,p09,p12,complete,64,43584,0.5320874632892805,5018,2221,0,36345,0,0.5198802886380323,0.5448788546255506
d5_a,d5,a,common_grid,sam,p10,p11,complete,64,43584,0.5954249265785609,11490,3172,0,28922,0,0.5805791689610866,0.6108095860866373
d5_a,d5,a,common_grid,sam,p10,p12,complete,64,43584,0.5979373164464024,11420,2883,0,29281,0,0.5824362151248164,0.6139810480910426
d5_a,d5,a,common_grid,sam,p11,p12,complete,64,43584,0.5063784875183553,1969,1413,0,40202,0,0.4985086270190896,0.514780079845815
d5_a,d5,a,common_grid,pearson_r,p08,p09,complete,64,43584,0.5400605726872246,10414,6922,0,26248,0,0.5311688348935388,0.5490443740822321
d5_a,d5,a,common_grid,pearson_r,p08,p10,complete,64,43584,0.5663775697503671,11319,5533,0,26732,0,0.5568557268722467,0.5760835398311307
d5_a,d5,a,common_grid,pearson_r,p08,p11,complete,64,43584,0.6088128671071953,13761,4276,0,25547,0,0.591971250917768,0.6251732287077827
d5_a,d5,a,common_grid,pearson_r,p08,p12,complete,64,43584,0.6131493208516887,13896,4033,0,25655,0,0.5950225426762114,0.6307842327459617
d5_a,d5,a,common_grid,pearson_r,p09,p10,complete,64,43584,0.557383443465492,9547,4545,0,29492,0,0.5491920773678415,0.5652085627753304
d5_a,d5,a,common_grid,pearson_r,p09,p11,complete,64,43584,0.5280837004405287,5598,3150,0,34836,0,0.5156812132892804,0.5400499609948606
d5_a,d5,a,common_grid,pearson_r,p09,p12,complete,64,43584,0.5320874632892805,5018,2221,0,36345,0,0.5198802886380323,0.5448788546255506
d5_a,d5,a,common_grid,pearson_r,p10,p11,complete,64,43584,0.5945989353891337,11454,3208,0,28922,0,0.5797144594346549,0.6101008971182085
d5_a,d5,a,common_grid,pearson_r,p10,p12,complete,64,43584,0.5979373164464024,11420,2883,0,29281,0,0.5824362151248164,0.6139810480910426
d5_a,d5,a,common_grid,pearson_r,p11,p12,complete,64,43584,0.5064014317180616,1970,1412,0,40202,0,0.4985545154185022,0.5148248210352423
d5_a,d5,a,common_grid,nmse,p08,p09,complete,64,43584,0.5567639500734214,11142,6194,0,26248,0,0.5490524045521292,0.5639687155837004
d5_a,d5,a,common_grid,nmse,p08,p10,complete,64,43584,0.5801211453744494,11918,4934,0,26732,0,0.5712523517804698,0.5890584847650514
d5_a,d5,a,common_grid,nmse,p08,p11,complete,64,43584,0.6089734765051396,13768,4269,0,25547,0,0.5922210558920705,0.6254396682268722
d5_a,d5,a,common_grid,nmse,p08,p12,complete,64,43584,0.6131493208516887,13896,4033,0,25655,0,0.5950225426762114,0.6307842327459617
d5_a,d5,a,common_grid,nmse,p09,p10,complete,64,43584,0.557612885462555,9557,4535,0,29492,0,0.5498434058370044,0.5652077023678413
d5_a,d5,a,common_grid,nmse,p09,p11,complete,64,43584,0.5289096916299559,5634,3114,0,34836,0,0.5165192501835536,0.5407038706864905
d5_a,d5,a,common_grid,nmse,p09,p12,complete,64,43584,0.5320874632892805,5018,2221,0,36345,0,0.5198802886380323,0.5448788546255506
d5_a,d5,a,common_grid,nmse,p10,p11,complete,64,43584,0.5951954845814978,11480,3182,0,28922,0,0.580323914739354,0.6106848270007342
d5_a,d5,a,common_grid,nmse,p10,p12,complete,64,43584,0.5978914280469897,11418,2885,0,29281,0,0.5824026592327459,0.6139787536710719
d5_a,d5,a,common_grid,nmse,p11,p12,complete,64,43584,0.5063555433186491,1968,1414,0,40202,0,0.49846216501468427,0.5147353386563877
d5_a,d5,a,common_grid,wasserstein_1_cm1,p08,p09,unavailable,64,,,,,,,,,
d5_a,d5,a,common_grid,wasserstein_1_cm1,p08,p10,unavailable,64,,,,,,,,,
d5_a,d5,a,common_grid,wasserstein_1_cm1,p08,p11,unavailable,64,,,,,,,,,
d5_a,d5,a,common_grid,wasserstein_1_cm1,p08,p12,unavailable,64,,,,,,,,,
d5_a,d5,a,common_grid,wasserstein_1_cm1,p09,p10,unavailable,64,,,,,,,,,
d5_a,d5,a,common_grid,wasserstein_1_cm1,p09,p11,unavailable,64,,,,,,,,,
d5_a,d5,a,common_grid,wasserstein_1_cm1,p09,p12,unavailable,64,,,,,,,,,
d5_a,d5,a,common_grid,wasserstein_1_cm1,p10,p11,unavailable,64,,,,,,,,,
d5_a,d5,a,common_grid,wasserstein_1_cm1,p10,p12,unavailable,64,,,,,,,,,
d5_a,d5,a,common_grid,wasserstein_1_cm1,p11,p12,unavailable,64,,,,,,,,,
d5_a,d5,a,common_grid,is_like_structure_to_noise,p08,p09,complete,64,43584,0.40618116740088106,4579,12757,0,26248,0,0.389862105359765,0.42225644732011747
d5_a,d5,a,common_grid,is_like_structure_to_noise,p08,p10,complete,64,43584,0.47804240088105726,7469,9383,0,26732,0,0.46536573054331865,0.4907922058553597
d5_a,d5,a,common_grid,is_like_structure_to_noise,p08,p11,complete,64,43584,0.43507938693098386,6189,11848,0,25547,0,0.41846635233113066,0.45146211912628487
d5_a,d5,a,common_grid,is_like_structure_to_noise,p08,p12,complete,64,43584,0.4307888215859031,5948,11981,0,25655,0,0.41371776339941263,0.4485135026615271
d5_a,d5,a,common_grid,is_like_structure_to_noise,p09,p10,complete,64,43584,0.4223797723935389,3663,10429,0,29492,0,0.4090368598568282,0.435437890051395
d5_a,d5,a,common_grid,is_like_structure_to_noise,p09,p11,complete,64,43584,0.5265923274596183,5533,3215,0,34836,0,0.5137085857195302,0.5390854441997063
d5_a,d5,a,common_grid,is_like_structure_to_noise,p09,p12,complete,64,43584,0.5320874632892805,5018,2221,0,36345,0,0.5198802886380323,0.5448788546255506
d5_a,d5,a,common_grid,is_like_structure_to_noise,p10,p11,complete,64,43584,0.5932681718061674,11396,3266,0,28922,0,0.5780641978707783,0.6091481392254039
d5_a,d5,a,common_grid,is_like_structure_to_noise,p10,p12,complete,64,43584,0.5972719346549192,11391,2912,0,29281,0,0.581747028726138,0.6132075417584435
d5_a,d5,a,common_grid,is_like_structure_to_noise,p11,p12,complete,64,43584,0.5026385829662261,1806,1576,0,40202,0,0.4981868346182085,0.507525697503671
d5_a,d5,a,common_grid,precision,p08,p09,complete,64,43584,0.40618116740088106,4579,12757,0,26248,0,0.389862105359765,0.42225644732011747
d5_a,d5,a,common_grid,precision,p08,p10,complete,64,43584,0.4782259544787078,7474,9372,6,26722,10,0.4656860889317181,0.4910870388215859
d5_a,d5,a,common_grid,precision,p08,p11,complete,64,43584,0.44146934654919234,6457,11559,21,25454,93,0.430639684287812,0.4531608503120411
d5_a,d5,a,common_grid,precision,p08,p12,complete,64,43584,0.5756929148311307,12196,5598,135,25192,463,0.5621314587922174,0.5892073352606461
d5_a,d5,a,common_grid,precision,p09,p10,complete,64,43584,0.4424444750367107,4467,9484,141,28739,753,0.42927450440528636,0.4541485981093979
d5_a,d5,a,common_grid,precision,p09,p11,complete,64,43584,0.5269823788546255,5545,3193,10,34812,24,0.5147531204111601,0.5388560022026432
d5_a,d5,a,common_grid,precision,p09,p12,complete,64,43584,0.5320874632892805,5018,2221,0,36345,0,0.5198802886380323,0.5448788546255506
d5_a,d5,a,common_grid,precision,p10,p11,complete,64,43584,0.5679492474302497,10286,4363,13,28904,18,0.5568666253671073,0.5794101619860499
d5_a,d5,a,common_grid,precision,p10,p12,complete,64,43584,0.5978455396475771,11416,2887,0,29281,0,0.5823917607378855,0.6139434769640235
d5_a,d5,a,common_grid,precision,p11,p12,complete,64,43584,0.5049330029368576,1897,1467,18,39818,384,0.4987954295154185,0.5112314725587371
d5_a,d5,a,common_grid,recall,p08,p09,complete,64,43584,0.4064450256975037,4582,12737,17,26167,81,0.3902722329295154,0.42254353661894273
d5_a,d5,a,common_grid,recall,p08,p10,complete,64,43584,0.481162812041116,7589,9231,32,26598,134,0.4685087991005874,0.49361061398678413
d5_a,d5,a,common_grid,recall,p08,p11,complete,64,43584,0.48561398678414097,8366,9620,51,25411,136,0.4761371718979442,0.4950452000734214
d5_a,d5,a,common_grid,recall,p08,p12,complete,64,43584,0.5962394456681351,13100,4711,118,25309,346,0.5810022026431717,0.6110628326908958
d5_a,d5,a,common_grid,recall,p09,p10,complete,64,43584,0.4697595447870778,5523,8159,410,28308,1184,0.4584354350220264,0.48064656754772395
d5_a,d5,a,common_grid,recall,p09,p11,complete,64,43584,0.5272806534508077,5550,3172,26,34786,50,0.5149137298091042,0.5391445255139501
d5_a,d5,a,common_grid,recall,p09,p12,complete,64,43584,0.5320874632892805,5018,2221,0,36345,0,0.5198802886380323,0.5448788546255506
d5_a,d5,a,common_grid,recall,p10,p11,complete,64,43584,0.5843772944199707,10993,3638,31,28851,71,0.5717103753671072,0.5979384636563877
d5_a,d5,a,common_grid,recall,p10,p12,complete,64,43584,0.5978914280469897,11418,2885,0,29281,0,0.5824256034324523,0.6139793272760645
d5_a,d5,a,common_grid,recall,p11,p12,complete,64,43584,0.5038660976505139,1839,1502,41,39793,409,0.497957966226138,0.5101872246696035
d5_a,d5,a,common_grid,f1,p08,p09,complete,64,43584,0.40622705580029367,4581,12755,0,26184,64,0.389885623164464,0.4223046301395007
d5_a,d5,a,common_grid,f1,p08,p10,complete,64,43584,0.4798091042584435,7543,9303,6,26669,63,0.46714161160058737,0.4923372109030837
d5_a,d5,a,common_grid,f1,p08,p11,complete,64,43584,0.4731897026431718,7849,10186,2,25535,12,0.463517575256975,0.483115076633627
d5_a,d5,a,common_grid,f1,p08,p12,complete,64,43584,0.5949775146842878,13093,4814,22,25618,37,0.5799831933737152,0.6092955557085169
d5_a,d5,a,common_grid,f1,p09,p10,complete,64,43584,0.4564174926578561,5059,8858,175,28709,783,0.44429148311306904,0.4680163592143906
d5_a,d5,a,common_grid,f1,p09,p11,complete,64,43584,0.5274183186490455,5563,3173,12,34818,18,0.5151423113986784,0.5393613482011747
d5_a,d5,a,common_grid,f1,p09,p12,complete,64,43584,0.5320874632892805,5018,2221,0,36345,0,0.5198802886380323,0.5448788546255506
d5_a,d5,a,common_grid,f1,p10,p11,complete,64,43584,0.5820828744493393,10906,3751,5,28914,8,0.5696694888032305,0.59505781938326
d5_a,d5,a,common_grid,f1,p10,p12,complete,64,43584,0.5979373164464024,11420,2883,0,29281,0,0.5824591593245227,0.6139816216960352
d5_a,d5,a,common_grid,f1,p11,p12,complete,64,43584,0.5045773678414097,1886,1487,9,40150,52,0.4986222008076358,0.5108526064610867
d5_a,d5,a,common_grid,artifact_peak_ratio,p08,p09,complete,64,43584,0.40618116740088106,4579,12757,0,26248,0,0.389862105359765,0.42225644732011747
d5_a,d5,a,common_grid,artifact_peak_ratio,p08,p10,complete,64,43584,0.4782259544787078,7474,9372,6,26723,9,0.4656860889317181,0.4910870388215859
d5_a,d5,a,common_grid,artifact_peak_ratio,p08,p11,complete,64,43584,0.4414578744493392,6456,11559,22,25452,95,0.4306279253854626,0.4531496650146843
d5_a,d5,a,common_grid,artifact_peak_ratio,p08,p12,complete,64,43584,0.575715859030837,12196,5596,137,25185,470,0.5621770603891336,0.5892190941629956
d5_a,d5,a,common_grid,artifact_peak_ratio,p09,p10,complete,64,43584,0.4424215308370044,4467,9486,139,28740,752,0.42925156020558003,0.45412508030469895
d5_a,d5,a,common_grid,artifact_peak_ratio,p09,p11,complete,64,43584,0.5269823788546255,5545,3193,10,34812,24,0.5147531204111601,0.5388560022026432
d5_a,d5,a,common_grid,artifact_peak_ratio,p09,p12,complete,64,43584,0.5320874632892805,5018,2221,0,36345,0,0.5198802886380323,0.5448788546255506
d5_a,d5,a,common_grid,artifact_peak_ratio,p10,p11,complete,64,43584,0.5679263032305433,10286,4365,11,28906,16,0.5568442547723935,0.579398976688693
d5_a,d5,a,common_grid,artifact_peak_ratio,p10,p12,complete,64,43584,0.5978455396475771,11416,2887,0,29281,0,0.5823917607378855,0.6139434769640235
d5_a,d5,a,common_grid,artifact_peak_ratio,p11,p12,complete,64,43584,0.5049330029368576,1897,1467,18,39817,385,0.4987954295154185,0.5112314725587371
d5_a,d5,a,common_grid,missing_peak_ratio,p08,p09,complete,64,43584,0.4064450256975037,4582,12737,17,26167,81,0.3902722329295154,0.42254353661894273
d5_a,d5,a,common_grid,missing_peak_ratio,p08,p10,complete,64,43584,0.48115133994126286,7588,9231,33,26598,134,0.4684973270007342,0.4935985682819383
d5_a,d5,a,common_grid,missing_peak_ratio,p08,p11,complete,64,43584,0.4856369309838473,8366,9618,53,25399,148,0.47620629129955944,0.4951017001651982
d5_a,d5,a,common_grid,missing_peak_ratio,p08,p12,complete,64,43584,0.5962050293685757,13099,4713,117,25287,368,0.5809333700440528,0.6110510737885463
d5_a,d5,a,common_grid,missing_peak_ratio,p09,p10,complete,64,43584,0.46962187958883994,5523,8171,398,28295,1197,0.4583218612334802,0.4806239101505139
d5_a,d5,a,common_grid,missing_peak_ratio,p09,p11,complete,64,43584,0.5272806534508077,5550,3172,26,34786,50,0.5149137298091042,0.5391445255139501
d5_a,d5,a,common_grid,missing_peak_ratio,p09,p12,complete,64,43584,0.5320874632892805,5018,2221,0,36345,0,0.5198802886380323,0.5448788546255506
d5_a,d5,a,common_grid,missing_peak_ratio,p10,p11,complete,64,43584,0.5843772944199707,10993,3638,31,28851,71,0.5717103753671072,0.5979384636563877
d5_a,d5,a,common_grid,missing_peak_ratio,p10,p12,complete,64,43584,0.5978914280469897,11418,2885,0,29281,0,0.5824256034324523,0.6139793272760645
d5_a,d5,a,common_grid,missing_peak_ratio,p11,p12,complete,64,43584,0.5038660976505139,1839,1502,41,39792,410,0.497957966226138,0.5101872246696035
d5_b,d5,b,native,mse,p08,p09,complete,64,43584,0.5661710719530103,11340,5572,0,26672,0,0.5579338174559472,0.5746954157488986
d5_b,d5,b,native,mse,p08,p10,complete,64,43584,0.5886219713656388,12077,4352,656,25187,1312,0.5790875091776798,0.5975710696585903
d5_b,d5,b,native,mse,p08,p11,complete,64,43584,0.6229464941262849,14468,3751,0,25365,0,0.605530699339207,0.6409697366005873
d5_b,d5,b,native,mse,p08,p12,complete,64,43584,0.6218795888399412,14420,3796,0,25368,0,0.604487885462555,0.6397772118208517
d5_b,d5,b,native,mse,p09,p10,complete,64,43584,0.5744309838472834,10695,4207,0,28682,0,0.5656318832599119,0.5830717694566813
d5_b,d5,b,native,mse,p09,p11,complete,64,43584,0.5972375183553598,10718,2242,0,30624,0,0.5815872797356828,0.6124506699706315
d5_b,d5,b,native,mse,p09,p12,complete,64,43584,0.5963426945668135,10666,2268,0,30650,0,0.5808978065345081,0.6115334755873715
d5_b,d5,b,native,mse,p10,p11,complete,64,43584,0.6502271475770925,15374,2279,0,25931,0,0.6332363940895742,0.667102893263583
d5_b,d5,b,native,mse,p10,p12,complete,64,43584,0.6495961820851689,15336,2296,0,25952,0,0.6326627890969163,0.6665760370778268
d5_b,d5,b,native,mse,p11,p12,complete,64,43584,0.5,0,0,218,0,43366,0.5,0.5
d5_b,d5,b,native,rmse,p08,p09,complete,64,43584,0.567318281938326,11390,5522,0,26672,0,0.5590575096365639,0.5759223568281938
d5_b,d5,b,native,rmse,p08,p10,complete,64,43584,0.5881516152716594,11828,4144,1113,24219,2280,0.5787892345814978,0.5971001399596182
d5_b,d5,b,native,rmse,p08,p11,complete,64,43584,0.6229464941262849,14468,3751,0,25365,0,0.605530699339207,0.6409697366005873
d5_b,d5,b,native,rmse,p08,p12,complete,64,43584,0.6218795888399412,14420,3796,0,25368,0,0.604487885462555,0.6397772118208517
d5_b,d5,b,native,rmse,p09,p10,complete,64,43584,0.574545704845815,10700,4202,0,28682,0,0.5658142896475771,0.5832194727422908
d5_b,d5,b,native,rmse,p09,p11,complete,64,43584,0.5972375183553598,10718,2242,0,30624,0,0.5815872797356828,0.6124506699706315
d5_b,d5,b,native,rmse,p09,p12,complete,64,43584,0.5963426945668135,10666,2268,0,30650,0,0.5808978065345081,0.6115334755873715
d5_b,d5,b,native,rmse,p10,p11,complete,64,43584,0.6502271475770925,15374,2279,0,25931,0,0.6332363940895742,0.667102893263583
d5_b,d5,b,native,rmse,p10,p12,complete,64,43584,0.6495961820851689,15336,2296,0,25952,0,0.6326627890969163,0.6665760370778268
d5_b,d5,b,native,rmse,p11,p12,complete,64,43584,0.5,0,0,218,0,43366,0.5,0.5
d5_b,d5,b,native,mae,p08,p09,complete,64,43584,0.5702092511013216,11516,5396,0,26672,0,0.5616166483113069,0.5788595011930984
d5_b,d5,b,native,mae,p08,p10,complete,64,43584,0.5846067364170338,12230,4855,0,26499,0,0.5750957920337739,0.593796175201909
d5_b,d5,b,native,mae,p08,p11,complete,64,43584,0.6229464941262849,14468,3751,0,25365,0,0.605530699339207,0.6409697366005873
d5_b,d5,b,native,mae,p08,p12,complete,64,43584,0.6218795888399412,14420,3796,0,25368,0,0.604487885462555,0.6397772118208517
d5_b,d5,b,native,mae,p09,p10,complete,64,43584,0.5752569750367107,10731,4171,0,28682,0,0.5664005139500734,0.5837927909324523
d5_b,d5,b,native,mae,p09,p11,complete,64,43584,0.5972375183553598,10718,2242,0,30624,0,0.5815872797356828,0.6124506699706315
d5_b,d5,b,native,mae,p09,p12,complete,64,43584,0.5963426945668135,10666,2268,0,30650,0,0.5808978065345081,0.6115334755873715
d5_b,d5,b,native,mae,p10,p11,complete,64,43584,0.6502271475770925,15374,2279,0,25931,0,0.6332363940895742,0.667102893263583
d5_b,d5,b,native,mae,p10,p12,complete,64,43584,0.6495961820851689,15336,2296,0,25952,0,0.6326627890969163,0.6665760370778268
d5_b,d5,b,native,mae,p11,p12,complete,64,43584,0.5,0,0,218,0,43366,0.5,0.5
d5_b,d5,b,native,sam,p08,p09,complete,64,43584,0.5656662995594713,11318,5594,0,26672,0,0.5574402303597651,0.5742130139500734
d5_b,d5,b,native,sam,p08,p10,complete,64,43584,0.5885760829662261,12403,4682,0,26499,0,0.5793180983847284,0.5976163844530102
d5_b,d5,b,native,sam,p08,p11,complete,64,43584,0.6229464941262849,14468,3751,0,25365,0,0.605530699339207,0.6409697366005873
d5_b,d5,b,native,sam,p08,p12,complete,64,43584,0.6218795888399412,14420,3796,0,25368,0,0.604487885462555,0.6397772118208517
d5_b,d5,b,native,sam,p09,p10,complete,64,43584,0.5748669236417033,10714,4188,0,28682,0,0.5664231713472835,0.5833568511380323
d5_b,d5,b,native,sam,p09,p11,complete,64,43584,0.5972375183553598,10718,2242,0,30624,0,0.5815872797356828,0.6124506699706315
d5_b,d5,b,native,sam,p09,p12,complete,64,43584,0.5963426945668135,10666,2268,0,30650,0,0.5808978065345081,0.6115334755873715
d5_b,d5,b,native,sam,p10,p11,complete,64,43584,0.6502271475770925,15374,2279,0,25931,0,0.6332363940895742,0.667102893263583
d5_b,d5,b,native,sam,p10,p12,complete,64,43584,0.6495961820851689,15336,2296,0,25952,0,0.6326627890969163,0.6665760370778268
d5_b,d5,b,native,sam,p11,p12,complete,64,43584,0.5,0,0,218,0,43366,0.5,0.5
d5_b,d5,b,native,pearson_r,p08,p09,complete,64,43584,0.5655515785609398,11313,5599,0,26672,0,0.5573143240638767,0.5738803230543319
d5_b,d5,b,native,pearson_r,p08,p10,complete,64,43584,0.5857310022026432,12279,4806,0,26499,0,0.5763124082232012,0.5946459709985316
d5_b,d5,b,native,pearson_r,p08,p11,complete,64,43584,0.6229464941262849,14468,3751,0,25365,0,0.605530699339207,0.6409697366005873
d5_b,d5,b,native,pearson_r,p08,p12,complete,64,43584,0.6218795888399412,14420,3796,0,25368,0,0.604487885462555,0.6397772118208517
d5_b,d5,b,native,pearson_r,p09,p10,complete,64,43584,0.5752340308370044,10730,4172,0,28682,0,0.5666067249449339,0.5838269204295155
d5_b,d5,b,native,pearson_r,p09,p11,complete,64,43584,0.5972375183553598,10718,2242,0,30624,0,0.5815872797356828,0.6124506699706315
d5_b,d5,b,native,pearson_r,p09,p12,complete,64,43584,0.5963426945668135,10666,2268,0,30650,0,0.5808978065345081,0.6115334755873715
d5_b,d5,b,native,pearson_r,p10,p11,complete,64,43584,0.6502271475770925,15374,2279,0,25931,0,0.6332363940895742,0.667102893263583
d5_b,d5,b,native,pearson_r,p10,p12,complete,64,43584,0.6495961820851689,15336,2296,0,25952,0,0.6326627890969163,0.6665760370778268
d5_b,d5,b,native,pearson_r,p11,p12,complete,64,43584,0.5,0,0,218,0,43366,0.5,0.5
d5_b,d5,b,native,nmse,p08,p09,complete,64,43584,0.5679148311306902,11416,5496,0,26672,0,0.5596176349118943,0.5763359260279001
d5_b,d5,b,native,nmse,p08,p10,complete,64,43584,0.587761563876652,11960,4310,815,24924,1575,0.578410081681351,0.5968018653634362
d5_b,d5,b,native,nmse,p08,p11,complete,64,43584,0.6229464941262849,14468,3751,0,25365,0,0.605530699339207,0.6409697366005873
d5_b,d5,b,native,nmse,p08,p12,complete,64,43584,0.6218795888399412,14420,3796,0,25368,0,0.604487885462555,0.6397772118208517
d5_b,d5,b,native,nmse,p09,p10,complete,64,43584,0.5758535242290749,10757,4145,0,28682,0,0.5672597742290748,0.5845272921255507
d5_b,d5,b,native,nmse,p09,p11,complete,64,43584,0.5972375183553598,10718,2242,0,30624,0,0.5815872797356828,0.6124506699706315
d5_b,d5,b,native,nmse,p09,p12,complete,64,43584,0.5963426945668135,10666,2268,0,30650,0,0.5808978065345081,0.6115334755873715
d5_b,d5,b,native,nmse,p10,p11,complete,64,43584,0.6502271475770925,15374,2279,0,25931,0,0.6332363940895742,0.667102893263583
d5_b,d5,b,native,nmse,p10,p12,complete,64,43584,0.6495961820851689,15336,2296,0,25952,0,0.6326627890969163,0.6665760370778268
d5_b,d5,b,native,nmse,p11,p12,complete,64,43584,0.5,0,0,218,0,43366,0.5,0.5
d5_b,d5,b,native,wasserstein_1_cm1,p08,p09,complete,64,43584,0.5755781938325991,11750,5162,0,26672,0,0.5644270259728341,0.587282890510279
d5_b,d5,b,native,wasserstein_1_cm1,p08,p10,complete,64,43584,0.5573719713656388,11043,6042,0,26499,0,0.5470926830947137,0.5678130162444934
d5_b,d5,b,native,wasserstein_1_cm1,p08,p11,complete,64,43584,0.6229464941262849,14468,3751,0,25365,0,0.605530699339207,0.6409697366005873
d5_b,d5,b,native,wasserstein_1_cm1,p08,p12,complete,64,43584,0.6218795888399412,14420,3796,0,25368,0,0.604487885462555,0.6397772118208517
d5_b,d5,b,native,wasserstein_1_cm1,p09,p10,complete,64,43584,0.584549375917768,11136,3766,0,28682,0,0.5752532466042585,0.5938999977055801
d5_b,d5,b,native,wasserstein_1_cm1,p09,p11,complete,64,43584,0.5972145741556535,10717,2243,0,30624,0,0.5816343153450807,0.6124495227606461
d5_b,d5,b,native,wasserstein_1_cm1,p09,p12,complete,64,43584,0.5963197503671072,10665,2269,0,30650,0,0.5808972329295153,0.6115088105726872
d5_b,d5,b,native,wasserstein_1_cm1,p10,p11,complete,64,43584,0.6502271475770925,15374,2279,0,25931,0,0.6332363940895742,0.667102893263583
d5_b,d5,b,native,wasserstein_1_cm1,p10,p12,complete,64,43584,0.6495961820851689,15336,2296,0,25952,0,0.6326627890969163,0.6665760370778268
d5_b,d5,b,native,wasserstein_1_cm1,p11,p12,complete,64,43584,0.499196953010279,74,144,0,43366,0,0.49752202643171806,0.500688899596182
d5_b,d5,b,native,is_like_structure_to_noise,p08,p09,complete,64,43584,0.4566813509544787,6568,10344,0,26672,0,0.4429701840124816,0.4703102055800294
d5_b,d5,b,native,is_like_structure_to_noise,p08,p10,complete,64,43584,0.5302748715124816,9862,7223,0,26499,0,0.5174596755690161,0.5430897806534508
d5_b,d5,b,native,is_like_structure_to_noise,p08,p11,complete,64,43584,0.5295636013215859,10398,7821,0,25365,0,0.5110920865455213,0.5464404942180616
d5_b,d5,b,native,is_like_structure_to_noise,p08,p12,complete,64,43584,0.5294144640234949,10390,7826,0,25368,0,0.510781479441997,0.5462130598384728
d5_b,d5,b,native,is_like_structure_to_noise,p09,p10,complete,64,43584,0.42387114537444937,4133,10769,0,28682,0,0.41251319291483113,0.43545825302863433
d5_b,d5,b,native,is_like_structure_to_noise,p09,p11,complete,64,43584,0.5972375183553598,10718,2242,0,30624,0,0.5815872797356828,0.6124506699706315
d5_b,d5,b,native,is_like_structure_to_noise,p09,p12,complete,64,43584,0.5963426945668135,10666,2268,0,30650,0,0.5808978065345081,0.6115334755873715
d5_b,d5,b,native,is_like_structure_to_noise,p10,p11,complete,64,43584,0.6502271475770925,15374,2279,0,25931,0,0.6332363940895742,0.667102893263583
d5_b,d5,b,native,is_like_structure_to_noise,p10,p12,complete,64,43584,0.6495961820851689,15336,2296,0,25952,0,0.6326627890969163,0.6665760370778268
d5_b,d5,b,native,is_like_structure_to_noise,p11,p12,complete,64,43584,0.5,0,0,218,0,43366,0.5,0.5
d5_b,d5,b,native,precision,p08,p09,complete,64,43584,0.4566813509544787,6568,10344,0,26672,0,0.4429701840124816,0.4703102055800294
d5_b,d5,b,native,precision,p08,p10,complete,64,43584,0.5300683737151248,9853,7232,0,26499,0,0.5173222971732746,0.5428609122613803
d5_b,d5,b,native,precision,p08,p11,complete,64,43584,0.5609971549192364,11741,6424,54,25113,252,0.5522089528267254,0.5698997912077827
d5_b,d5,b,native,precision,p08,p12,complete,64,43584,0.5982011747430249,13361,4801,54,25105,263,0.5846170613069016,0.6123124311674009
d5_b,d5,b,native,precision,p09,p10,complete,64,43584,0.4330602973568282,4523,10358,21,28547,135,0.4223559677863436,0.44418880781938325
d5_b,d5,b,native,precision,p09,p11,complete,64,43584,0.5513720631424376,8620,4142,198,30094,530,0.5429727652349486,0.559976711637298
d5_b,d5,b,native,precision,p09,p12,complete,64,43584,0.5963426945668135,10666,2268,0,30650,0,0.5808978065345081,0.6115334755873715
d5_b,d5,b,native,precision,p10,p11,complete,64,43584,0.5754520007342144,12111,5534,8,25851,80,0.5669038523311307,0.5840904919236417
d5_b,d5,b,native,precision,p10,p12,complete,64,43584,0.6495502936857562,15334,2298,0,25952,0,0.6326169006975038,0.6665748898678414
d5_b,d5,b,native,precision,p11,p12,complete,64,43584,0.5003212187958884,94,66,58,20480,22886,0.4998164464023495,0.5009409989904552
d5_b,d5,b,native,recall,p08,p09,complete,64,43584,0.4566813509544787,6568,10344,0,26672,0,0.4429701840124816,0.4703102055800294
d5_b,d5,b,native,recall,p08,p10,complete,64,43584,0.5304354809104258,9869,7216,0,26498,1,0.517709767345815,0.5432386311490455
d5_b,d5,b,native,recall,p08,p11,complete,64,43584,0.561180708516887,11753,6420,46,25184,181,0.5525763468245228,0.5700489285058737
d5_b,d5,b,native,recall,p08,p12,complete,64,43584,0.6112334801762115,13931,4235,50,25174,194,0.5961803643538913,0.6269769296071952
d5_b,d5,b,native,recall,p09,p10,complete,64,43584,0.44302955212922174,4917,9883,102,28328,354,0.43288477422907484,0.4531955534140969
d5_b,d5,b,native,recall,p09,p11,complete,64,43584,0.5532534875183553,8668,4026,266,30000,624,0.544418823421439,0.5621099486049926
d5_b,d5,b,native,recall,p09,p12,complete,64,43584,0.5963426945668135,10666,2268,0,30650,0,0.5808978065345081,0.6115334755873715
d5_b,d5,b,native,recall,p10,p11,complete,64,43584,0.5758420521292217,12126,5515,12,25847,84,0.5671691446402349,0.5845152464207048
d5_b,d5,b,native,recall,p10,p12,complete,64,43584,0.6495502936857562,15334,2298,0,25952,0,0.6326169006975038,0.6665748898678414
d5_b,d5,b,native,recall,p11,p12,complete,64,43584,0.5002523861967695,88,66,64,20480,22886,0.4997590859030837,0.5008377500917768
d5_b,d5,b,native,f1,p08,p09,complete,64,43584,0.4566813509544787,6568,10344,0,26672,0,0.4429701840124816,0.4703102055800294
d5_b,d5,b,native,f1,p08,p10,complete,64,43584,0.530228983113069,9860,7225,0,26499,0,0.5174143607745962,0.5429985774596182
d5_b,d5,b,native,f1,p08,p11,complete,64,43584,0.5612724853157122,11777,6436,6,25335,30,0.5525760600220265,0.5702324821035242
d5_b,d5,b,native,f1,p08,p12,complete,64,43584,0.6085031204111601,13834,4376,6,25338,30,0.5936800201908957,0.6239009728340675
d5_b,d5,b,native,f1,p09,p10,complete,64,43584,0.4371787812041116,4703,10179,20,28561,121,0.4268300867290749,0.4479419052863436
d5_b,d5,b,native,f1,p09,p11,complete,64,43584,0.5524733847283406,8668,4094,198,30094,530,0.5437775330396476,0.5611015510279002
d5_b,d5,b,native,f1,p09,p12,complete,64,43584,0.5963426945668135,10666,2268,0,30650,0,0.5808978065345081,0.6115334755873715
d5_b,d5,b,native,f1,p10,p11,complete,64,43584,0.5756355543318649,12119,5526,8,25849,82,0.5670744998164464,0.5842754795337739
d5_b,d5,b,native,f1,p10,p12,complete,64,43584,0.6495502936857562,15334,2298,0,25952,0,0.6326169006975038,0.6665748898678414
d5_b,d5,b,native,f1,p11,p12,complete,64,43584,0.5003212187958884,94,66,58,20480,22886,0.4998164464023495,0.5009409989904552
d5_b,d5,b,native,artifact_peak_ratio,p08,p09,complete,64,43584,0.4566813509544787,6568,10344,0,26672,0,0.4429701840124816,0.4703102055800294
d5_b,d5,b,native,artifact_peak_ratio,p08,p10,complete,64,43584,0.5300683737151248,9853,7232,0,26499,0,0.5173222971732746,0.5428609122613803
d5_b,d5,b,native,artifact_peak_ratio,p08,p11,complete,64,43584,0.5609971549192364,11741,6424,54,25113,252,0.5522089528267254,0.5698997912077827
d5_b,d5,b,native,artifact_peak_ratio,p08,p12,complete,64,43584,0.5982011747430249,13361,4801,54,25105,263,0.5846170613069016,0.6123124311674009
d5_b,d5,b,native,artifact_peak_ratio,p09,p10,complete,64,43584,0.4330602973568282,4523,10358,21,28547,135,0.4223559677863436,0.44418880781938325
d5_b,d5,b,native,artifact_peak_ratio,p09,p11,complete,64,43584,0.5513720631424376,8620,4142,198,30094,530,0.5429727652349486,0.559976711637298
d5_b,d5,b,native,artifact_peak_ratio,p09,p12,complete,64,43584,0.5963426945668135,10666,2268,0,30650,0,0.5808978065345081,0.6115334755873715
d5_b,d5,b,native,artifact_peak_ratio,p10,p11,complete,64,43584,0.5754520007342144,12111,5534,8,25851,80,0.5669038523311307,0.5840904919236417
d5_b,d5,b,native,artifact_peak_ratio,p10,p12,complete,64,43584,0.6495502936857562,15334,2298,0,25952,0,0.6326169006975038,0.6665748898678414
d5_b,d5,b,native,artifact_peak_ratio,p11,p12,complete,64,43584,0.5003212187958884,94,66,58,20480,22886,0.4998164464023495,0.5009409989904552
d5_b,d5,b,native,missing_peak_ratio,p08,p09,complete,64,43584,0.4566813509544787,6568,10344,0,26672,0,0.4429701840124816,0.4703102055800294
d5_b,d5,b,native,missing_peak_ratio,p08,p10,complete,64,43584,0.5304354809104258,9869,7216,0,26498,1,0.517709767345815,0.5432386311490455
d5_b,d5,b,native,missing_peak_ratio,p08,p11,complete,64,43584,0.561180708516887,11753,6420,46,25184,181,0.5525763468245228,0.5700489285058737
d5_b,d5,b,native,missing_peak_ratio,p08,p12,complete,64,43584,0.6112334801762115,13931,4235,50,25175,193,0.5961803643538913,0.6269769296071952
d5_b,d5,b,native,missing_peak_ratio,p09,p10,complete,64,43584,0.44302955212922174,4917,9883,102,28328,354,0.43288477422907484,0.4531955534140969
d5_b,d5,b,native,missing_peak_ratio,p09,p11,complete,64,43584,0.5532534875183553,8668,4026,266,30000,624,0.544418823421439,0.5621099486049926
d5_b,d5,b,native,missing_peak_ratio,p09,p12,complete,64,43584,0.5963426945668135,10666,2268,0,30650,0,0.5808978065345081,0.6115334755873715
d5_b,d5,b,native,missing_peak_ratio,p10,p11,complete,64,43584,0.5758420521292217,12126,5515,12,25847,84,0.5671691446402349,0.5845152464207048
d5_b,d5,b,native,missing_peak_ratio,p10,p12,complete,64,43584,0.6495502936857562,15334,2298,0,25952,0,0.6326169006975038,0.6665748898678414
d5_b,d5,b,native,missing_peak_ratio,p11,p12,complete,64,43584,0.5002523861967695,88,66,64,20480,22886,0.4997590859030837,0.5008377500917768
d5_b,d5,b,common_grid,mse,p08,p09,complete,64,43584,0.5716547356828194,11579,5333,0,26672,0,0.5629244676945668,0.5802763055249632
d5_b,d5,b,common_grid,mse,p08,p10,complete,64,43584,0.5888973017621145,12417,4668,0,26499,0,0.5794893194750367,0.5978346411527166
d5_b,d5,b,common_grid,mse,p08,p11,complete,64,43584,0.6211568465491923,14390,3829,0,25365,0,0.6039593084618208,0.6385261793318648
d5_b,d5,b,common_grid,mse,p08,p12,complete,64,43584,0.6218795888399412,14420,3796,0,25368,0,0.604487885462555,0.6397772118208517
d5_b,d5,b,common_grid,mse,p09,p10,complete,64,43584,0.5892529368575624,11341,3561,0,28682,0,0.5797528909691629,0.5985920865455213
d5_b,d5,b,common_grid,mse,p09,p11,complete,64,43584,0.5972375183553598,10718,2242,0,30624,0,0.5818861279368576,0.6125412995594713
d5_b,d5,b,common_grid,mse,p09,p12,complete,64,43584,0.5963426945668135,10666,2268,0,30650,0,0.5808978065345081,0.6115334755873715
d5_b,d5,b,common_grid,mse,p10,p11,complete,64,43584,0.6479097834067548,15273,2380,0,25931,0,0.6314665358847283,0.6647631584985316
d5_b,d5,b,common_grid,mse,p10,p12,complete,64,43584,0.6495961820851689,15336,2296,0,25952,0,0.6326627890969163,0.6665760370778268
d5_b,d5,b,common_grid,mse,p11,p12,complete,64,43584,0.49866923641703376,51,167,0,43366,0,0.49651248164464024,0.500504772393539
d5_b,d5,b,common_grid,rmse,p08,p09,complete,64,43584,0.5717924008810573,11585,5327,0,26672,0,0.5628765716776799,0.5804770672723936
d5_b,d5,b,common_grid,rmse,p08,p10,complete,64,43584,0.5892414647577092,12432,4653,0,26499,0,0.5798785104625551,0.5979958241556534
d5_b,d5,b,common_grid,rmse,p08,p11,complete,64,43584,0.6216386747430249,14411,3808,0,25365,0,0.6044067203560939,0.6390880254221732
d5_b,d5,b,common_grid,rmse,p08,p12,complete,64,43584,0.6218795888399412,14420,3796,0,25368,0,0.604487885462555,0.6397772118208517
d5_b,d5,b,common_grid,rmse,p09,p10,complete,64,43584,0.5891382158590308,11336,3566,0,28682,0,0.5796831979625551,0.598501170154185
d5_b,d5,b,common_grid,rmse,p09,p11,complete,64,43584,0.5972834067547724,10720,2240,0,30624,0,0.5818637573421439,0.6126118529735682
d5_b,d5,b,common_grid,rmse,p09,p12,complete,64,43584,0.5963426945668135,10666,2268,0,30650,0,0.5808978065345081,0.6115334755873715
d5_b,d5,b,common_grid,rmse,p10,p11,complete,64,43584,0.648139225403818,15283,2370,0,25931,0,0.6318109856828195,0.6650496741923642
d5_b,d5,b,common_grid,rmse,p10,p12,complete,64,43584,0.6495961820851689,15336,2296,0,25952,0,0.6326627890969163,0.6665760370778268
d5_b,d5,b,common_grid,rmse,p11,p12,complete,64,43584,0.49866923641703376,51,167,0,43366,0,0.49651248164464024,0.500504772393539
d5_b,d5,b,common_grid,mae,p08,p09,complete,64,43584,0.5725266152716594,11617,5295,0,26672,0,0.5634969254772393,0.5814309723751835
d5_b,d5,b,common_grid,mae,p08,p10,complete,64,43584,0.5898150697503671,12457,4628,0,26499,0,0.5805665496512482,0.5988209549375918
d5_b,d5,b,common_grid,mae,p08,p11,complete,64,43584,0.6226482195301027,14455,3764,0,25365,0,0.6053012573421439,0.6404497636747429
d5_b,d5,b,common_grid,mae,p08,p12,complete,64,43584,0.6218795888399412,14420,3796,0,25368,0,0.604487885462555,0.6397772118208517
d5_b,d5,b,common_grid,mae,p09,p10,complete,64,43584,0.5899642070484582,11372,3530,0,28682,0,0.5804168387481644,0.5993719025330396
d5_b,d5,b,common_grid,mae,p09,p11,complete,64,43584,0.5970769089574156,10711,2249,0,30624,0,0.581515005506608,0.6123370961820851
d5_b,d5,b,common_grid,mae,p09,p12,complete,64,43584,0.5963426945668135,10666,2268,0,30650,0,0.5808978065345081,0.6115334755873715
d5_b,d5,b,common_grid,mae,p10,p11,complete,64,43584,0.6497912077826725,15355,2298,0,25931,0,0.632984294695301,0.666517816171072
d5_b,d5,b,common_grid,mae,p10,p12,complete,64,43584,0.6495961820851689,15336,2296,0,25952,0,0.6326627890969163,0.6665760370778268
d5_b,d5,b,common_grid,mae,p11,p12,complete,64,43584,0.4986462922173275,50,168,0,43366,0,0.4964665932452276,0.5004818281938326
d5_b,d5,b,common_grid,sam,p08,p09,complete,64,43584,0.5644961453744494,11267,5645,0,26672,0,0.5557541184838473,0.5735940941629956
d5_b,d5,b,common_grid,sam,p08,p10,complete,64,43584,0.5894709067547724,12442,4643,0,26499,0,0.5800976275697504,0.599417504129956
d5_b,d5,b,common_grid,sam,p08,p11,complete,64,43584,0.6209503487518355,14381,3838,0,25365,0,0.6041637986417033,0.6383434861417033
d5_b,d5,b,common_grid,sam,p08,p12,complete,64,43584,0.6219713656387665,14424,3792,0,25368,0,0.6045337738619677,0.6397829478707782
d5_b,d5,b,common_grid,sam,p09,p10,complete,64,43584,0.589436490455213,11349,3553,0,28682,0,0.5798113986784141,0.5988209549375918
d5_b,d5,b,common_grid,sam,p09,p11,complete,64,43584,0.5976505139500734,10736,2224,0,30624,0,0.5820691079295154,0.6129084067547724
d5_b,d5,b,common_grid,sam,p09,p12,complete,64,43584,0.5964115271659325,10669,2265,0,30650,0,0.580901248164464,0.6116023081864904
d5_b,d5,b,common_grid,sam,p10,p11,complete,64,43584,0.6480933370044053,15281,2372,0,25931,0,0.6318815390969164,0.6650040725954479
d5_b,d5,b,common_grid,sam,p10,p12,complete,64,43584,0.6496650146842878,15339,2293,0,25952,0,0.632708677496329,0.6666219254772394
d5_b,d5,b,common_grid,sam,p11,p12,complete,64,43584,0.4987151248164464,53,165,0,43366,0,0.4966042584434655,0.5005506607929515
d5_b,d5,b,common_grid,pearson_r,p08,p09,complete,64,43584,0.5601826358296622,11079,5833,0,26672,0,0.5508787628487518,0.5696703492107195
d5_b,d5,b,common_grid,pearson_r,p08,p10,complete,64,43584,0.5808438876651982,12066,5019,0,26499,0,0.5706787467878119,0.5905492841409692
d5_b,d5,b,common_grid,pearson_r,p08,p11,complete,64,43584,0.6206520741556535,14368,3851,0,25365,0,0.6040628441629956,0.6377128074522761
d5_b,d5,b,common_grid,pearson_r,p08,p12,complete,64,43584,0.6219943098384728,14425,3791,0,25368,0,0.6046244034508076,0.6398282626651982
d5_b,d5,b,common_grid,pearson_r,p09,p10,complete,64,43584,0.5896200440528634,11357,3545,0,28682,0,0.5803591914464024,0.5991418869309838
d5_b,d5,b,common_grid,pearson_r,p09,p11,complete,64,43584,0.5978570117474302,10745,2215,0,30624,0,0.5823237885462555,0.6130701633627019
d5_b,d5,b,common_grid,pearson_r,p09,p12,complete,64,43584,0.596457415565345,10671,2263,0,30650,0,0.5809907305433186,0.6116705671806167
d5_b,d5,b,common_grid,pearson_r,p10,p11,complete,64,43584,0.6487128303964758,15308,2345,0,25931,0,0.632157729900881,0.6653479487885461
d5_b,d5,b,common_grid,pearson_r,p10,p12,complete,64,43584,0.6496650146842878,15339,2293,0,25952,0,0.632708677496329,0.6666219254772394
d5_b,d5,b,common_grid,pearson_r,p11,p12,complete,64,43584,0.4987151248164464,53,165,0,43366,0,0.4966042584434655,0.5005506607929515
d5_b,d5,b,common_grid,nmse,p08,p09,complete,64,43584,0.5727331130690162,11626,5286,0,26672,0,0.5637929056534509,0.5816133787628488
d5_b,d5,b,common_grid,nmse,p08,p10,complete,64,43584,0.5906181167400881,12492,4593,0,26499,0,0.5810022026431717,0.5995115753487519
d5_b,d5,b,common_grid,nmse,p08,p11,complete,64,43584,0.6209503487518355,14381,3838,0,25365,0,0.6039587348568282,0.6383082094346548
d5_b,d5,b,common_grid,nmse,p08,p12,complete,64,43584,0.6219943098384728,14425,3791,0,25368,0,0.6046244034508076,0.6398282626651982
d5_b,d5,b,common_grid,nmse,p09,p10,complete,64,43584,0.589367657856094,11346,3556,0,28682,0,0.5798105382709251,0.5988321402349486
d5_b,d5,b,common_grid,nmse,p09,p11,complete,64,43584,0.5976964023494861,10738,2222,0,30624,0,0.582209067547724,0.6127724623715125
d5_b,d5,b,common_grid,nmse,p09,p12,complete,64,43584,0.5964803597650514,10672,2262,0,30650,0,0.581035471732746,0.611671714390602
d5_b,d5,b,common_grid,nmse,p10,p11,complete,64,43584,0.6477721182085169,15267,2386,0,25931,0,0.6315150055066079,0.6645684196035243
d5_b,d5,b,common_grid,nmse,p10,p12,complete,64,43584,0.6497109030837004,15341,2291,0,25952,0,0.6327534186857563,0.66662421989721
d5_b,d5,b,common_grid,nmse,p11,p12,complete,64,43584,0.4987151248164464,53,165,0,43366,0,0.4966042584434655,0.5005506607929515
d5_b,d5,b,common_grid,wasserstein_1_cm1,p08,p09,unavailable,64,,,,,,,,,
d5_b,d5,b,common_grid,wasserstein_1_cm1,p08,p10,unavailable,64,,,,,,,,,
d5_b,d5,b,common_grid,wasserstein_1_cm1,p08,p11,unavailable,64,,,,,,,,,
d5_b,d5,b,common_grid,wasserstein_1_cm1,p08,p12,unavailable,64,,,,,,,,,
d5_b,d5,b,common_grid,wasserstein_1_cm1,p09,p10,unavailable,64,,,,,,,,,
d5_b,d5,b,common_grid,wasserstein_1_cm1,p09,p11,unavailable,64,,,,,,,,,
d5_b,d5,b,common_grid,wasserstein_1_cm1,p09,p12,unavailable,64,,,,,,,,,
d5_b,d5,b,common_grid,wasserstein_1_cm1,p10,p11,unavailable,64,,,,,,,,,
d5_b,d5,b,common_grid,wasserstein_1_cm1,p10,p12,unavailable,64,,,,,,,,,
d5_b,d5,b,common_grid,wasserstein_1_cm1,p11,p12,unavailable,64,,,,,,,,,
d5_b,d5,b,common_grid,is_like_structure_to_noise,p08,p09,complete,64,43584,0.4566813509544787,6568,10344,0,26672,0,0.4429701840124816,0.4703102055800294
d5_b,d5,b,common_grid,is_like_structure_to_noise,p08,p10,complete,64,43584,0.5302519273127754,9861,7224,0,26499,0,0.5175514523678414,0.5430209480543319
d5_b,d5,b,common_grid,is_like_structure_to_noise,p08,p11,complete,64,43584,0.4215193649045521,5689,12530,0,25365,0,0.40482659921071956,0.43874185480910427
d5_b,d5,b,common_grid,is_like_structure_to_noise,p08,p12,complete,64,43584,0.4231598751835536,5759,12457,0,25368,0,0.4065861325256975,0.4401626743759177
d5_b,d5,b,common_grid,is_like_structure_to_noise,p09,p10,complete,64,43584,0.42426119676945667,4150,10752,0,28682,0,0.41286882801027897,0.43576771292217326
d5_b,d5,b,common_grid,is_like_structure_to_noise,p09,p11,complete,64,43584,0.5972375183553598,10718,2242,0,30624,0,0.5815872797356828,0.6124506699706315
d5_b,d5,b,common_grid,is_like_structure_to_noise,p09,p12,complete,64,43584,0.5963426945668135,10666,2268,0,30650,0,0.5808978065345081,0.6115334755873715
d5_b,d5,b,common_grid,is_like_structure_to_noise,p10,p11,complete,64,43584,0.6496535425844346,15349,2304,0,25931,0,0.6326392712922173,0.6667251743759178
d5_b,d5,b,common_grid,is_like_structure_to_noise,p10,p12,complete,64,43584,0.6488619676945668,15304,2328,0,25952,0,0.6321809609030837,0.6658183048825257
d5_b,d5,b,common_grid,is_like_structure_to_noise,p11,p12,complete,64,43584,0.49997705580029367,108,110,0,43366,0,0.49892104900881057,0.5012160425844346
d5_b,d5,b,common_grid,precision,p08,p09,complete,64,43584,0.4566813509544787,6568,10344,0,26672,0,0.4429701840124816,0.4703102055800294
d5_b,d5,b,common_grid,precision,p08,p10,complete,64,43584,0.5304813693098385,9868,7211,6,26489,10,0.5178388284691631,0.5432730474486049
d5_b,d5,b,common_grid,precision,p08,p11,complete,64,43584,0.43311765785609396,6181,12011,27,25278,87,0.4221815918685756,0.4441208356277533
d5_b,d5,b,common_grid,precision,p08,p12,complete,64,43584,0.5774596182085169,12393,5641,182,24952,416,0.5642658429698971,0.5912617015418502
d5_b,d5,b,common_grid,precision,p09,p10,complete,64,43584,0.44433737151248165,4965,9817,120,27908,774,0.4334962371512482,0.45532879038179147
d5_b,d5,b,common_grid,precision,p09,p11,complete,64,43584,0.5927060389133627,10517,2436,7,30597,27,0.577906169695301,0.6073673825256976
d5_b,d5,b,common_grid,precision,p09,p12,complete,64,43584,0.5963426945668135,10666,2268,0,30650,0,0.5808978065345081,0.6115334755873715
d5_b,d5,b,common_grid,precision,p10,p11,complete,64,43584,0.5992451358296622,13147,4496,10,25910,21,0.5875315482745962,0.6119682681718062
d5_b,d5,b,common_grid,precision,p10,p12,complete,64,43584,0.6496650146842878,15339,2293,0,25952,0,0.6328170888399413,0.666622499082232
d5_b,d5,b,common_grid,precision,p11,p12,complete,64,43584,0.49876101321585903,55,163,0,42964,402,0.4966960352422907,0.5004588839941263
d5_b,d5,b,common_grid,recall,p08,p09,complete,64,43584,0.4567272393538913,6562,10334,16,26590,82,0.4429819429148312,0.4704596296806167
d5_b,d5,b,common_grid,recall,p08,p10,complete,64,43584,0.5343704111600588,10026,7030,29,26362,137,0.5218658223201175,0.5471055892070484
d5_b,d5,b,common_grid,recall,p08,p11,complete,64,43584,0.47972879955947134,8194,9961,64,25242,123,0.4707002569750367,0.48930828973935386
d5_b,d5,b,common_grid,recall,p08,p12,complete,64,43584,0.606679056534508,13687,4388,141,25045,323,0.5917039509911894,0.622074614537445
d5_b,d5,b,common_grid,recall,p09,p10,complete,64,43584,0.4724440161527166,6082,8484,336,27424,1258,0.4625312614720999,0.4824941492290749
d5_b,d5,b,common_grid,recall,p09,p11,complete,64,43584,0.5940597466960352,10566,2367,27,30575,49,0.5791084457599119,0.609009613619677
d5_b,d5,b,common_grid,recall,p09,p12,complete,64,43584,0.5963426945668135,10666,2268,0,30650,0,0.5808978065345081,0.6115334755873715
d5_b,d5,b,common_grid,recall,p10,p11,complete,64,43584,0.6261357378854625,14312,3317,24,25853,78,0.6123184540198238,0.6402699385095447
d5_b,d5,b,common_grid,recall,p10,p12,complete,64,43584,0.6497109030837004,15341,2291,0,25952,0,0.6327534186857563,0.6666236462922174
d5_b,d5,b,common_grid,recall,p11,p12,complete,64,43584,0.4987380690161527,54,164,0,42916,450,0.4966725174375918,0.50043593979442
d5_b,d5,b,common_grid,f1,p08,p09,complete,64,43584,0.45675018355359764,6571,10341,0,26608,64,0.4430401638215859,0.47037903817914833
d5_b,d5,b,common_grid,f1,p08,p10,complete,64,43584,0.5322595447870778,9947,7135,3,26433,66,0.519685549743025,0.5451203423274595
d5_b,d5,b,common_grid,f1,p08,p11,complete,64,43584,0.46682268722466963,7662,10554,3,25354,11,0.45761030424008814,0.4765627868024963
d5_b,d5,b,common_grid,f1,p08,p12,complete,64,43584,0.6040978340675477,13631,4557,28,25337,31,0.589045865455213,0.6190345080763583
d5_b,d5,b,common_grid,f1,p09,p10,complete,64,43584,0.457576174743025,5531,9229,142,27866,816,0.44726132296255505,0.4681198949155653
d5_b,d5,b,common_grid,f1,p09,p11,complete,64,43584,0.5941056350954479,10577,2374,9,30603,21,0.5790198237885462,0.6089737633076359
d5_b,d5,b,common_grid,f1,p09,p12,complete,64,43584,0.5963426945668135,10666,2268,0,30650,0,0.5808978065345081,0.6115334755873715
d5_b,d5,b,common_grid,f1,p10,p11,complete,64,43584,0.620697962555066,14085,3564,4,25922,9,0.60703125,0.634545073880323
d5_b,d5,b,common_grid,f1,p10,p12,complete,64,43584,0.6496650146842878,15339,2293,0,25952,0,0.632708677496329,0.6665995548825256
d5_b,d5,b,common_grid,f1,p11,p12,complete,64,43584,0.4987380690161527,54,164,0,43305,61,0.4966725174375918,0.50043593979442
d5_b,d5,b,common_grid,artifact_peak_ratio,p08,p09,complete,64,43584,0.4566813509544787,6568,10344,0,26672,0,0.4429701840124816,0.4703102055800294
d5_b,d5,b,common_grid,artifact_peak_ratio,p08,p10,complete,64,43584,0.5304813693098385,9868,7211,6,26490,9,0.5178388284691631,0.5432730474486049
d5_b,d5,b,common_grid,artifact_peak_ratio,p08,p11,complete,64,43584,0.4331061857562408,6180,12011,28,25276,89,0.42219277716593245,0.4440990386380323
d5_b,d5,b,common_grid,artifact_peak_ratio,p08,p12,complete,64,43584,0.5775055066079295,12394,5638,184,24945,423,0.5643120181718062,0.5913299605359764
d5_b,d5,b,common_grid,artifact_peak_ratio,p09,p10,complete,64,43584,0.44433737151248165,4965,9817,120,27911,771,0.4334962371512482,0.45532879038179147
d5_b,d5,b,common_grid,artifact_peak_ratio,p09,p11,complete,64,43584,0.5927060389133627,10517,2436,7,30597,27,0.577906169695301,0.6073673825256976
d5_b,d5,b,common_grid,artifact_peak_ratio,p09,p12,complete,64,43584,0.5963426945668135,10666,2268,0,30650,0,0.5808978065345081,0.6115334755873715
d5_b,d5,b,common_grid,artifact_peak_ratio,p10,p11,complete,64,43584,0.5992221916299559,13147,4498,8,25912,19,0.587497418777533,0.611956796071953
d5_b,d5,b,common_grid,artifact_peak_ratio,p10,p12,complete,64,43584,0.6496650146842878,15339,2293,0,25952,0,0.6328170888399413,0.666622499082232
d5_b,d5,b,common_grid,artifact_peak_ratio,p11,p12,complete,64,43584,0.49876101321585903,55,163,0,42963,403,0.4966960352422907,0.5004588839941263
d5_b,d5,b,common_grid,missing_peak_ratio,p08,p09,complete,64,43584,0.4567272393538913,6562,10334,16,26590,82,0.4429819429148312,0.4704596296806167
d5_b,d5,b,common_grid,missing_peak_ratio,p08,p10,complete,64,43584,0.5343589390602056,10025,7030,30,26362,137,0.5218655355176212,0.547071172907489
d5_b,d5,b,common_grid,missing_peak_ratio,p08,p11,complete,64,43584,0.4797632158590308,8194,9958,67,25231,134,0.4707002569750367,0.4893429928414097
d5_b,d5,b,common_grid,missing_peak_ratio,p08,p12,complete,64,43584,0.6066446402349486,13686,4390,140,25023,345,0.5916927656938327,0.6220292997430249
d5_b,d5,b,common_grid,missing_peak_ratio,p09,p10,complete,64,43584,0.4724440161527166,6083,8485,334,27421,1261,0.46251950256975033,0.48247292584434653
d5_b,d5,b,common_grid,missing_peak_ratio,p09,p11,complete,64,43584,0.5940597466960352,10566,2367,27,30575,49,0.5791084457599119,0.609009613619677
d5_b,d5,b,common_grid,missing_peak_ratio,p09,p12,complete,64,43584,0.5963426945668135,10666,2268,0,30650,0,0.5808978065345081,0.6115334755873715
d5_b,d5,b,common_grid,missing_peak_ratio,p10,p11,complete,64,43584,0.6261357378854625,14312,3317,24,25853,78,0.6123184540198238,0.6402699385095447
d5_b,d5,b,common_grid,missing_peak_ratio,p10,p12,complete,64,43584,0.6497109030837004,15341,2291,0,25952,0,0.6327534186857563,0.6666236462922174
d5_b,d5,b,common_grid,missing_peak_ratio,p11,p12,complete,64,43584,0.4987380690161527,54,164,0,42915,451,0.4966725174375918,0.50043593979442
