panel_id,endpoint_id,protocol_id,family,alpha,scope,signed_mean,positive_mean,negative_mean,absolute_mean,signed_mean_lower,signed_mean_upper,positive_mean_lower,positive_mean_upper,negative_mean_lower,negative_mean_upper,absolute_mean_lower,absolute_mean_upper,positive_absolute_share,negative_absolute_share,zero_denominator_state
d1_a,d1,a,p08,0.05,alpha,0.06753333333333332,0.0742,0.006666666666666666,0.08086666666666664,0.03819666666666665,0.09566666666666666,0.049798333333333326,0.09933333333333334,0.0,0.017066666666666664,0.0576,0.10560166666666666,0.9175597691673539,0.08244023083264634,complete
d1_a,d1,a,p08,0.1,alpha,0.19046666666666662,0.19939999999999997,0.008933333333333333,0.20833333333333331,0.13486333333333325,0.24180499999999996,0.1502,0.24480333333333332,0.0,0.023866666666666668,0.163665,0.2502,0.95712,0.04288,complete
d1_a,d1,a,p08,0.2,alpha,0.34193333333333337,0.35220000000000007,0.010266666666666665,0.36246666666666677,0.25353166666666666,0.4251549999999999,0.2730616666666667,0.42933999999999994,0.0,0.029066666666666664,0.28853166666666663,0.43495333333333325,0.9716755563729997,0.028324443627000172,complete
d1_a,d1,a,p08,0.3,alpha,0.42673333333333324,0.4356666666666666,0.008933333333333331,0.4446,0.3252633333333333,0.5188683333333334,0.3431133333333332,0.5233483333333332,0.0,0.026399999999999993,0.3559899999999999,0.53168,0.9799070325386113,0.02009296746138851,complete
d1_a,d1,a,p08,0.4,alpha,0.4861333333333333,0.4938,0.007666666666666666,0.5014666666666667,0.3775950000000001,0.5854849999999998,0.39272666666666667,0.5872766666666666,0.0,0.023,0.40566333333333326,0.5906783333333333,0.9847115128955064,0.015288487104493483,complete
d1_a,d1,a,p08,0.5,alpha,0.5181333333333334,0.5252000000000001,0.007066666666666667,0.5322666666666668,0.4095316666666666,0.6161400000000001,0.42318999999999996,0.6194683333333334,0.0,0.021200000000000004,0.43767666666666666,0.6224033333333335,0.9867234468937875,0.013276553106212423,complete
d1_a,d1,a,p08,0.65,alpha,0.5493333333333333,0.5556,0.006266666666666667,0.5618666666666666,0.4407833333333333,0.6460049999999998,0.4517966666666667,0.6466016666666666,0.0,0.0188,0.46558999999999995,0.6495416666666667,0.9888467014712863,0.011153298528713813,complete
d1_a,d1,a,p08,0.8,alpha,0.5685333333333332,0.5736,0.005066666666666667,0.5786666666666667,0.4603833333333333,0.6636,0.47124833333333327,0.6658733333333331,0.0,0.015200000000000002,0.48056999999999994,0.6673533333333334,0.9912442396313365,0.008755760368663596,complete
d1_a,d1,a,p08,integrated_equal_alpha,integrated,0.3936,0.4012083333333333,0.007608333333333332,0.4088166666666666,0.30953125,0.4695508333333333,0.3271091666666666,0.4709797916666666,0.0,0.02178333333333333,0.3387931249999999,0.4742952083333332,0.9813893758408415,0.018610624159158547,complete
d1_a,d1,a,p09,0.05,alpha,0.008733333333333319,0.01153333333333332,0.0028000000000000043,0.014333333333333328,0.002798333333333302,0.014266666666666648,0.007266666666666656,0.015999999999999993,0.0005333333333333301,0.006133333333333352,0.010133333333333338,0.01873333333333334,0.804651162790697,0.19534883720930268,complete
d1_a,d1,a,p09,0.1,alpha,0.022866666666666664,0.025666666666666674,0.002800000000000008,0.028466666666666685,0.013399999999999983,0.03153500000000002,0.018263333333333333,0.03286666666666667,0.0004666666666666671,0.006001666666666681,0.02213166666666666,0.035,0.9016393442622948,0.09836065573770514,complete
d1_a,d1,a,p09,0.2,alpha,0.061733333333333335,0.06306666666666666,0.001333333333333329,0.06439999999999999,0.042600000000000034,0.079935,0.044729999999999985,0.08086666666666667,0.00013333333333332976,0.002866666666666662,0.046865000000000004,0.08180166666666668,0.9792960662525881,0.020703933747411946,complete
d1_a,d1,a,p09,0.3,alpha,0.11546666666666665,0.11579999999999999,0.00033333333333333365,0.11613333333333334,0.08733166666666665,0.1424033333333333,0.08793333333333334,0.1424033333333333,0.0,0.0010000000000000009,0.08846666666666668,0.14253666666666664,0.997129735935706,0.002870264064293918,complete
d1_a,d1,a,p09,0.4,alpha,0.17746666666666666,0.17746666666666666,0.0,0.17746666666666666,0.13719666666666663,0.2150683333333333,0.13719666666666663,0.2150683333333333,0.0,0.0,0.13719666666666663,0.2150683333333333,1.0,0.0,complete
d1_a,d1,a,p09,0.5,alpha,0.23206666666666662,0.23206666666666662,0.0,0.23206666666666662,0.18146666666666667,0.27961166666666665,0.18146666666666667,0.27961166666666665,0.0,0.0,0.18146666666666667,0.27961166666666665,1.0,0.0,complete
d1_a,d1,a,p09,0.65,alpha,0.3028666666666667,0.3028666666666667,0.0,0.3028666666666667,0.2385916666666667,0.36434833333333333,0.2385916666666667,0.36434833333333333,0.0,0.0,0.2385916666666667,0.36434833333333333,1.0,0.0,complete
d1_a,d1,a,p09,0.8,alpha,0.353,0.353,0.0,0.353,0.27952999999999995,0.4230733333333333,0.27952999999999995,0.4230733333333333,0.0,0.0,0.27952999999999995,0.4230733333333333,1.0,0.0,complete
d1_a,d1,a,p09,integrated_equal_alpha,integrated,0.159275,0.16018333333333332,0.0009083333333333343,0.16109166666666663,0.12491437499999998,0.19140895833333327,0.12646729166666665,0.19215812499999996,0.00025812499999999984,0.0017750000000000016,0.12803374999999997,0.19252958333333328,0.9943613884434329,0.0056386115565671795,complete
d1_a,d1,a,p10,0.05,alpha,0.08226666666666665,0.0853333333333333,0.0030666666666666694,0.08839999999999998,0.05719833333333333,0.10533499999999997,0.06273333333333334,0.1069333333333333,0.0,0.00786666666666667,0.06679999999999998,0.1090033333333333,0.9653092006033182,0.034690799396681786,complete
d1_a,d1,a,p10,0.1,alpha,0.22726666666666664,0.22953333333333334,0.0022666666666666686,0.23180000000000003,0.17193,0.27880999999999995,0.175795,0.27973333333333333,0.0,0.006533333333333339,0.17933166666666664,0.28120166666666674,0.990221455277538,0.0097785447224619,complete
d1_a,d1,a,p10,0.2,alpha,0.39999999999999986,0.39999999999999986,0.0,0.39999999999999986,0.3155966666666667,0.4823333333333333,0.3155966666666667,0.4823333333333333,0.0,0.0,0.3155966666666667,0.4823333333333333,1.0,0.0,complete
d1_a,d1,a,p10,0.3,alpha,0.47593333333333326,0.47593333333333326,0.0,0.47593333333333326,0.38459666666666664,0.5620033333333333,0.38459666666666664,0.5620033333333333,0.0,0.0,0.38459666666666664,0.5620033333333333,1.0,0.0,complete
d1_a,d1,a,p10,0.4,alpha,0.5182666666666667,0.5182666666666667,0.0,0.5182666666666667,0.42799833333333326,0.6035333333333333,0.42799833333333326,0.6035333333333333,0.0,0.0,0.42799833333333326,0.6035333333333333,1.0,0.0,complete
d1_a,d1,a,p10,0.5,alpha,0.5436666666666667,0.5436666666666667,0.0,0.5436666666666667,0.45358999999999994,0.6276799999999999,0.45358999999999994,0.6276799999999999,0.0,0.0,0.45358999999999994,0.6276799999999999,1.0,0.0,complete
d1_a,d1,a,p10,0.65,alpha,0.5728000000000001,0.5728000000000001,0.0,0.5728000000000001,0.48246333333333324,0.6555333333333333,0.48246333333333324,0.6555333333333333,0.0,0.0,0.48246333333333324,0.6555333333333333,1.0,0.0,complete
d1_a,d1,a,p10,0.8,alpha,0.5913333333333333,0.5913333333333333,0.0,0.5913333333333333,0.5041316666666666,0.671215,0.5041316666666666,0.671215,0.0,0.0,0.5041316666666666,0.671215,1.0,0.0,complete
d1_a,d1,a,p10,integrated_equal_alpha,integrated,0.42644166666666655,0.42710833333333326,0.0006666666666666673,0.4277749999999999,0.3549402083333334,0.49522041666666666,0.35609104166666666,0.49560145833333324,0.0,0.001775000000000001,0.35667375,0.49593875,0.9984415483217424,0.001558451678257653,complete
d1_a,d1,a,p11,0.05,alpha,0.003266666666666664,0.009000000000000001,0.005733333333333337,0.014733333333333338,-0.0040000000000000036,0.012599999999999997,0.00359833333333333,0.016934999999999995,0.0024666666666666726,0.0094,0.008866666666666682,0.02266666666666668,0.6108597285067873,0.3891402714932128,complete
d1_a,d1,a,p11,0.1,alpha,0.014466666666666673,0.023266666666666675,0.008800000000000004,0.03206666666666668,-0.001801666666666668,0.03533833333333333,0.009266666666666678,0.042333333333333334,0.003865,0.014466666666666676,0.01833166666666666,0.050603333333333333,0.7255717255717256,0.27442827442827444,complete
d1_a,d1,a,p11,0.2,alpha,0.03786666666666669,0.05173333333333333,0.013866666666666656,0.0656,0.007658333333333339,0.07667166666666667,0.02553166666666666,0.08660499999999999,0.005998333333333328,0.022999999999999982,0.04006666666666666,0.09847166666666662,0.7886178861788617,0.21138211382113803,complete
d1_a,d1,a,p11,0.3,alpha,0.06613333333333334,0.08513333333333334,0.01900000000000001,0.10413333333333336,0.020458333333333332,0.12183333333333314,0.045388333333333336,0.13534,0.007794999999999996,0.03220000000000003,0.067125,0.15047499999999994,0.8175416133162611,0.18245838668373884,complete
d1_a,d1,a,p11,0.4,alpha,0.09786666666666667,0.12040000000000001,0.02253333333333334,0.14293333333333333,0.0376,0.1664849999999999,0.06831666666666665,0.18453499999999998,0.008533333333333339,0.039003333333333313,0.09277000000000002,0.2003366666666667,0.8423507462686568,0.15764925373134334,complete
d1_a,d1,a,p11,0.5,alpha,0.12473333333333333,0.14893333333333333,0.0242,0.17313333333333333,0.05226500000000001,0.2056149999999999,0.08479333333333332,0.22281999999999988,0.008266666666666677,0.043068333333333327,0.11192833333333331,0.2412683333333333,0.8602233346168656,0.13977666538313438,complete
d1_a,d1,a,p11,0.65,alpha,0.1682,0.1928666666666667,0.02466666666666667,0.21753333333333336,0.080105,0.26283166666666646,0.112385,0.27860666666666667,0.007933333333333344,0.04393333333333331,0.14126499999999995,0.3005433333333333,0.8866074164878945,0.11339258351210543,complete
d1_a,d1,a,p11,0.8,alpha,0.21046666666666666,0.23346666666666666,0.02300000000000001,0.2564666666666667,0.1115183333333333,0.3163566666666666,0.1399266666666667,0.3308733333333334,0.007130000000000007,0.041268333333333344,0.16846000000000003,0.34907166666666656,0.9103197296594748,0.08968027034052511,complete
d1_a,d1,a,p11,integrated_equal_alpha,integrated,0.09037500000000001,0.10810000000000002,0.017725000000000005,0.125825,0.039236875000000004,0.14724895833333332,0.06318479166666666,0.16025958333333332,0.00671520833333334,0.030721249999999974,0.08340833333333333,0.17350270833333337,0.8591297436916354,0.14087025630836483,complete
d1_a,d1,a,p12,0.05,alpha,6.666666666667042e-05,0.002400000000000006,0.0023333333333333353,0.004733333333333341,-0.002266666666666654,0.0028666666666666693,0.000733333333333334,0.00466833333333335,0.0012000000000000047,0.003533333333333329,0.0029316666666666627,0.00686666666666668,0.5070422535211272,0.49295774647887286,complete
d1_a,d1,a,p12,0.1,alpha,0.0007999999999999859,0.0049333333333333226,0.004133333333333337,0.00906666666666666,-0.003800000000000004,0.006399999999999999,0.0015316666666666428,0.009601666666666635,0.0018000000000000017,0.006733333333333339,0.005331666666666653,0.013533333333333338,0.5441176470588227,0.4558823529411772,complete
d1_a,d1,a,p12,0.2,alpha,0.0065999999999999965,0.013800000000000002,0.007200000000000004,0.021000000000000008,-0.00340166666666668,0.01866833333333333,0.005931666666666647,0.02406666666666667,0.00366666666666667,0.011266666666666668,0.013066666666666666,0.03040166666666668,0.6571428571428569,0.3428571428571429,complete
d1_a,d1,a,p12,0.3,alpha,0.014599999999999991,0.02353333333333333,0.008933333333333338,0.032466666666666665,-0.0010666666666666923,0.0344,0.009800000000000005,0.040934999999999985,0.004466666666666671,0.01406833333333333,0.01933333333333335,0.04900000000000001,0.7248459958932237,0.2751540041067764,complete
d1_a,d1,a,p12,0.4,alpha,0.020600000000000004,0.03100000000000001,0.010400000000000008,0.04140000000000002,0.0008650000000000104,0.04613666666666667,0.013466666666666672,0.053604999999999986,0.00513333333333334,0.016333333333333335,0.024600000000000028,0.06306833333333335,0.7487922705314008,0.2512077294685991,complete
d1_a,d1,a,p12,0.5,alpha,0.02833333333333333,0.039999999999999994,0.011666666666666669,0.05166666666666666,0.0042650000000000006,0.05953666666666665,0.018798333333333316,0.06786666666666666,0.005466666666666667,0.01880166666666666,0.03133000000000002,0.0784033333333333,0.7741935483870968,0.2258064516129033,complete
d1_a,d1,a,p12,0.65,alpha,0.03926666666666666,0.05359999999999998,0.014333333333333332,0.06793333333333332,0.008594999999999981,0.0771383333333333,0.026796666666666646,0.08834166666666662,0.006531666666666673,0.02320499999999997,0.04206499999999999,0.10053833333333327,0.7890088321884199,0.21099116781158,complete
d1_a,d1,a,p12,0.8,alpha,0.05779999999999998,0.07379999999999999,0.016,0.0898,0.017464999999999984,0.10700166666666665,0.037599999999999995,0.11787666666666657,0.006933333333333339,0.026466666666666673,0.056323333333333336,0.13033499999999998,0.8218262806236079,0.17817371937639198,complete
d1_a,d1,a,p12,integrated_equal_alpha,integrated,0.02100833333333333,0.03038333333333333,0.009375000000000001,0.039758333333333326,0.002700000000000002,0.04350374999999998,0.014689374999999992,0.05079333333333332,0.004491041666666672,0.014917083333333336,0.024830833333333337,0.05869708333333331,0.7642003772793965,0.23579962272060373,complete
d2_5_a,d2_5,a,p08,0.05,alpha,0.01473333333333334,0.015066666666666673,0.00033333333333333365,0.015400000000000006,0.009733333333333339,0.020135000000000007,0.010333333333333338,0.020399999999999977,0.0,0.0007999999999999971,0.010733333333333355,0.020666666666666663,0.9783549783549784,0.021645021645021658,complete
d2_5_a,d2_5,a,p08,0.1,alpha,0.0484666666666667,0.04880000000000003,0.00033333333333333365,0.04913333333333337,0.036998333333333355,0.06073333333333337,0.03753,0.06080499999999998,0.0,0.0010000000000000009,0.03793333333333337,0.06106833333333335,0.9932157394843961,0.0067842605156038,complete
d2_5_a,d2_5,a,p08,0.2,alpha,0.14753333333333332,0.1481333333333333,0.0005999999999999996,0.14873333333333333,0.11546333333333335,0.18107499999999993,0.11639333333333339,0.18153666666666665,0.0,0.0017999999999999989,0.11699666666666668,0.18160333333333328,0.9959659345584938,0.004034065441506049,complete
d2_5_a,d2_5,a,p08,0.3,alpha,0.2366666666666667,0.23780000000000004,0.0011333333333333325,0.23893333333333333,0.1876633333333333,0.2883383333333333,0.18905833333333336,0.2890716666666666,0.0,0.0033999999999999976,0.19084999999999994,0.28954333333333326,0.9952566964285716,0.0047433035714285685,complete
d2_5_a,d2_5,a,p08,0.4,alpha,0.29706666666666665,0.2984666666666666,0.0013999999999999993,0.2998666666666666,0.23406,0.35894499999999996,0.23677666666666672,0.3598699999999999,0.0,0.004199999999999998,0.23976500000000003,0.36113999999999996,0.9953312583370386,0.004668741662961315,complete
d2_5_a,d2_5,a,p08,0.5,alpha,0.33866666666666667,0.3404,0.001733333333333333,0.3421333333333333,0.2682516666666667,0.4082733333333334,0.2710600000000001,0.40920166666666663,0.0,0.005199999999999999,0.27517500000000006,0.40980333333333324,0.9949337490257211,0.005066250974279033,complete
d2_5_a,d2_5,a,p08,0.65,alpha,0.3798666666666666,0.38173333333333326,0.0018666666666666664,0.3835999999999999,0.30538499999999996,0.4522749999999999,0.3085283333333334,0.4536733333333332,0.0,0.005599999999999999,0.31226166666666677,0.4543433333333333,0.9951338199513383,0.0048661800486618015,complete
d2_5_a,d2_5,a,p08,0.8,alpha,0.4048,0.4066666666666667,0.0018666666666666664,0.4085333333333334,0.32666500000000004,0.4784116666666666,0.3316433333333333,0.4794166666666665,0.0,0.005599999999999999,0.3341266666666666,0.48033666666666663,0.9954308093994776,0.004569190600522192,complete
d2_5_a,d2_5,a,p08,integrated_equal_alpha,integrated,0.233475,0.23463333333333333,0.001158333333333333,0.23579166666666668,0.18659604166666668,0.27932312499999995,0.18889125,0.28005374999999993,8.333333333332878e-06,0.0034333333333333325,0.19104395833333335,0.28098666666666666,0.9950874712846792,0.0049125287153207265,complete
d2_5_a,d2_5,a,p09,0.05,alpha,0.0017333333333333486,0.0038666666666666775,0.0021333333333333287,0.006000000000000006,-0.0009999999999999937,0.004535000000000019,0.0022000000000000114,0.005933333333333348,0.0008000000000000025,0.0036666666666666627,0.004333333333333346,0.007868333333333359,0.6444444444444456,0.3555555555555544,complete
d2_5_a,d2_5,a,p09,0.1,alpha,0.006666666666666685,0.008333333333333349,0.0016666666666666616,0.010000000000000009,0.0028650000000000164,0.010400000000000017,0.005466666666666675,0.011466666666666674,0.0005333333333333226,0.003333333333333332,0.007333333333333338,0.012799999999999999,0.8333333333333341,0.16666666666666602,complete
d2_5_a,d2_5,a,p09,0.2,alpha,0.030533333333333343,0.03153333333333334,0.0009999999999999916,0.032533333333333324,0.02160000000000003,0.039799999999999995,0.023066666666666666,0.04033499999999996,0.0,0.002199999999999991,0.024666666666666663,0.04093333333333334,0.9692622950819676,0.030737704918032537,complete
d2_5_a,d2_5,a,p09,0.3,alpha,0.0632,0.06460000000000002,0.0013999999999999956,0.06600000000000002,0.04613333333333334,0.08066833333333334,0.04873000000000002,0.08140666666666663,0.00013333333333332605,0.003401666666666655,0.05066333333333331,0.082135,0.9787878787878788,0.02121212121212114,complete
d2_5_a,d2_5,a,p09,0.4,alpha,0.09900000000000002,0.09933333333333334,0.00033333333333333365,0.09966666666666667,0.07433166666666668,0.12460333333333333,0.07506333333333333,0.12473500000000001,0.0,0.0010000000000000009,0.07553166666666669,0.12473500000000001,0.9966555183946489,0.0033444816053511735,complete
d2_5_a,d2_5,a,p09,0.5,alpha,0.132,0.132,0.0,0.132,0.10033166666666668,0.16387000000000002,0.10033166666666668,0.16387000000000002,0.0,0.0,0.10033166666666668,0.16387000000000002,1.0,0.0,complete
d2_5_a,d2_5,a,p09,0.65,alpha,0.17993333333333333,0.17993333333333333,0.0,0.17993333333333333,0.13999833333333334,0.22073666666666666,0.13999833333333334,0.22073666666666666,0.0,0.0,0.13999833333333334,0.22073666666666666,1.0,0.0,complete
d2_5_a,d2_5,a,p09,0.8,alpha,0.21766666666666667,0.21766666666666667,0.0,0.21766666666666667,0.17106666666666664,0.26420166666666667,0.17106666666666664,0.26420166666666667,0.0,0.0,0.17106666666666664,0.26420166666666667,1.0,0.0,complete
d2_5_a,d2_5,a,p09,integrated_equal_alpha,integrated,0.09134166666666668,0.09215833333333334,0.0008166666666666639,0.092975,0.07010666666666669,0.11270937500000001,0.07130375,0.11329479166666663,0.0003083333333333336,0.001424999999999995,0.07232791666666667,0.11393375000000001,0.9912162767769114,0.008783723223088614,complete
d2_5_a,d2_5,a,p10,0.05,alpha,0.024600000000000018,0.025666666666666685,0.0010666666666666676,0.026733333333333352,0.016666666666666687,0.032868333333333326,0.018666666666666713,0.03353333333333334,6.666666666666672e-05,0.0026000000000000025,0.02006500000000002,0.03433333333333335,0.9600997506234414,0.03990024937655861,complete
d2_5_a,d2_5,a,p10,0.1,alpha,0.07959999999999999,0.07959999999999999,0.0,0.07959999999999999,0.060198333333333326,0.0994116666666666,0.060198333333333326,0.0994116666666666,0.0,0.0,0.060198333333333326,0.0994116666666666,1.0,0.0,complete
d2_5_a,d2_5,a,p10,0.2,alpha,0.19313333333333338,0.19333333333333336,0.00020000000000000017,0.19353333333333336,0.15239333333333335,0.23447333333333328,0.15273000000000003,0.2344733333333333,0.0,0.0006000000000000005,0.15293000000000007,0.23473666666666665,0.9989665862900448,0.0010334137099552196,complete
d2_5_a,d2_5,a,p10,0.3,alpha,0.2672,0.2672,0.0,0.2672,0.21353333333333338,0.32080666666666674,0.21353333333333338,0.32080666666666674,0.0,0.0,0.21353333333333338,0.32080666666666674,1.0,0.0,complete
d2_5_a,d2_5,a,p10,0.4,alpha,0.31753333333333333,0.31753333333333333,0.0,0.31753333333333333,0.257465,0.3774016666666667,0.257465,0.3774016666666667,0.0,0.0,0.257465,0.3774016666666667,1.0,0.0,complete
d2_5_a,d2_5,a,p10,0.5,alpha,0.35006666666666675,0.35006666666666675,0.0,0.35006666666666675,0.2843983333333333,0.41227,0.2843983333333333,0.41227,0.0,0.0,0.2843983333333333,0.41227,1.0,0.0,complete
d2_5_a,d2_5,a,p10,0.65,alpha,0.38406666666666667,0.38406666666666667,0.0,0.38406666666666667,0.31233000000000005,0.4498,0.31233000000000005,0.4498,0.0,0.0,0.31233000000000005,0.4498,1.0,0.0,complete
d2_5_a,d2_5,a,p10,0.8,alpha,0.40873333333333334,0.40873333333333334,0.0,0.40873333333333334,0.3355183333333333,0.47561999999999993,0.3355183333333333,0.47561999999999993,0.0,0.0,0.3355183333333333,0.47561999999999993,1.0,0.0,complete
d2_5_a,d2_5,a,p10,integrated_equal_alpha,integrated,0.2531166666666667,0.25327500000000003,0.0001583333333333335,0.2534333333333334,0.20749250000000002,0.29756062499999997,0.20762291666666668,0.29782520833333337,8.33333333333334e-06,0.000366666666666667,0.20775333333333335,0.29801854166666664,0.9993752466131789,0.0006247533868209921,complete
d2_5_a,d2_5,a,p11,0.05,alpha,-0.005333333333333318,0.0026666666666666644,0.007999999999999983,0.010666666666666647,-0.011066666666666636,-6.666666666666171e-05,0.000999999999999998,0.004999999999999993,0.003866666666666661,0.012799999999999975,0.006731666666666651,0.014933333333333333,0.2500000000000002,0.7499999999999998,complete
d2_5_a,d2_5,a,p11,0.1,alpha,-0.008333333333333333,0.004266666666666658,0.012599999999999993,0.01686666666666665,-0.016868333333333346,-0.00019833333333333126,0.001533333333333333,0.007799999999999989,0.0063999999999999925,0.019535,0.01079999999999998,0.022935,0.25296442687747006,0.7470355731225299,complete
d2_5_a,d2_5,a,p11,0.2,alpha,-0.007466666666666655,0.009333333333333341,0.016799999999999995,0.02613333333333334,-0.020268333333333322,0.005601666666666671,0.004000000000000011,0.01640166666666667,0.00793166666666666,0.025999999999999992,0.017598333333333327,0.03506833333333335,0.3571428571428574,0.6428571428571426,complete
d2_5_a,d2_5,a,p11,0.3,alpha,0.003533333333333327,0.02019999999999999,0.01666666666666666,0.036866666666666645,-0.013333333333333317,0.0215333333333333,0.01053333333333332,0.03146999999999996,0.00719833333333332,0.027133333333333308,0.02593166666666665,0.048668333333333307,0.5479204339963833,0.4520795660036167,complete
d2_5_a,d2_5,a,p11,0.4,alpha,0.015066666666666683,0.03293333333333334,0.01786666666666666,0.0508,-0.006538333333333292,0.03767166666666668,0.019198333333333338,0.048801666666666674,0.006931666666666656,0.02980166666666666,0.03666499999999999,0.06606666666666666,0.6482939632545934,0.3517060367454067,complete
d2_5_a,d2_5,a,p11,0.5,alpha,0.01473333333333335,0.037733333333333334,0.022999999999999982,0.06073333333333332,-0.012006666666666653,0.04327166666666664,0.0208,0.05713333333333334,0.009264999999999973,0.03820166666666665,0.04306499999999996,0.08026833333333332,0.6212952799121846,0.37870472008781536,complete
d2_5_a,d2_5,a,p11,0.65,alpha,0.030200000000000005,0.0536,0.02339999999999999,0.07699999999999999,-0.0012016666666666638,0.06407999999999994,0.032998333333333324,0.07733999999999996,0.008664999999999992,0.040534999999999995,0.05706666666666664,0.09946833333333331,0.6961038961038962,0.30389610389610383,complete
d2_5_a,d2_5,a,p11,0.8,alpha,0.04113333333333334,0.06760000000000002,0.026466666666666663,0.09406666666666667,0.002928333333333323,0.08233500000000002,0.041331666666666676,0.09713499999999999,0.009863333333333323,0.04513333333333334,0.06992833333333333,0.12127,0.7186392629340894,0.28136073706591064,complete
d2_5_a,d2_5,a,p11,integrated_equal_alpha,integrated,0.010441666666666674,0.028541666666666667,0.01809999999999999,0.04664166666666666,-0.00871937499999998,0.030993541666666652,0.016899791666666653,0.04222833333333331,0.007915208333333318,0.02923333333333333,0.035065208333333306,0.059552291666666646,0.6119349651599072,0.3880650348400928,complete
d2_5_a,d2_5,a,p12,0.05,alpha,-0.0013333333333333012,0.0017333333333333478,0.003066666666666649,0.004799999999999997,-0.0036666666666666367,0.0009350000000000419,0.0008000000000000007,0.0030666666666666824,0.0015999999999999793,0.004733333333333321,0.003333333333333314,0.006400000000000007,0.3611111111111143,0.6388888888888856,complete
d2_5_a,d2_5,a,p12,0.1,alpha,-0.001733333333333309,0.0030666666666666767,0.004799999999999986,0.007866666666666662,-0.005734999999999993,0.0021350000000000206,0.0013333333333333491,0.005133333333333349,0.0021999999999999984,0.007601666666666651,0.005333333333333325,0.01066833333333334,0.3898305084745778,0.6101694915254222,complete
d2_5_a,d2_5,a,p12,0.2,alpha,-0.002466666666666654,0.005333333333333342,0.007799999999999996,0.013133333333333337,-0.008801666666666664,0.0037333333333333463,0.0027333333333333376,0.008533333333333334,0.003533333333333321,0.012733333333333326,0.009066666666666655,0.017333333333333336,0.4060913705583762,0.5939086294416239,complete
d2_5_a,d2_5,a,p12,0.3,alpha,-0.0034666666666666695,0.006666666666666659,0.01013333333333333,0.01679999999999999,-0.01153500000000001,0.004466666666666656,0.0033333333333333253,0.01086666666666666,0.004533333333333334,0.016133333333333336,0.011531666666666628,0.022399999999999993,0.39682539682539664,0.6031746031746034,complete
d2_5_a,d2_5,a,p12,0.4,alpha,-0.0034666666666666613,0.008666666666666666,0.012133333333333328,0.020799999999999992,-0.013533333333333326,0.006666666666666659,0.004266666666666665,0.014333333333333313,0.005333333333333332,0.01940000000000001,0.014066666666666672,0.027933333333333327,0.4166666666666668,0.5833333333333333,complete
d2_5_a,d2_5,a,p12,0.5,alpha,-0.0001999999999999937,0.012666666666666675,0.012866666666666669,0.025533333333333345,-0.01173333333333332,0.01153333333333334,0.006931666666666665,0.019066666666666683,0.005533333333333333,0.020600000000000018,0.018266666666666688,0.033068333333333366,0.4960835509138382,0.5039164490861617,complete
d2_5_a,d2_5,a,p12,0.65,alpha,0.001933333333333349,0.017200000000000014,0.015266666666666666,0.03246666666666668,-0.012603333333333322,0.016938333333333305,0.009598333333333335,0.026066666666666675,0.0063333333333333245,0.02486666666666666,0.023133333333333374,0.042268333333333345,0.5297741273100618,0.4702258726899382,complete
d2_5_a,d2_5,a,p12,0.8,alpha,0.006066666666666685,0.02293333333333333,0.016866666666666648,0.03979999999999998,-0.011404999999999976,0.024866666666666672,0.012733333333333334,0.03467166666666664,0.006999999999999984,0.028066666666666653,0.028731666666666645,0.052271666666666626,0.5762144053601342,0.4237855946398657,complete
d2_5_a,d2_5,a,p12,integrated_equal_alpha,integrated,-0.0005833333333333195,0.009783333333333338,0.01036666666666666,0.020149999999999998,-0.009541875000000003,0.008492083333333357,0.005391458333333339,0.015117083333333335,0.004749374999999982,0.016450624999999997,0.01465749999999999,0.026001458333333335,0.48552522746071164,0.5144747725392884,complete
d2_5_b,d2_5,b,p08,0.05,alpha,0.050733333333333325,0.0536,0.002866666666666675,0.05646666666666668,0.03439833333333332,0.06793666666666666,0.03873333333333337,0.07006666666666667,0.00033333333333333733,0.006266666666666672,0.04240000000000001,0.07226666666666672,0.9492325855962218,0.050767414403778174,complete
d2_5_b,d2_5,b,p08,0.1,alpha,0.09413333333333335,0.09486666666666668,0.0007333333333333395,0.0956,0.07159833333333332,0.11919999999999999,0.07325999999999999,0.11960166666666668,0.0,0.0018666666666666695,0.07452999999999999,0.11986999999999996,0.992329149232915,0.007670850767085141,complete
d2_5_b,d2_5,b,p08,0.2,alpha,0.12913333333333332,0.1300666666666667,0.000933333333333336,0.13100000000000003,0.09953166666666664,0.15933333333333338,0.10159500000000003,0.16000166666666668,0.0,0.0026000000000000042,0.10286499999999998,0.160335,0.9928753180661577,0.007124681933842258,complete
d2_5_b,d2_5,b,p08,0.3,alpha,0.14040000000000002,0.14113333333333336,0.0007333333333333368,0.1418666666666667,0.10799500000000001,0.17326666666666668,0.10939666666666666,0.1733433333333333,0.0,0.00213333333333334,0.1107316666666667,0.17386833333333337,0.9948308270676691,0.00516917293233085,complete
d2_5_b,d2_5,b,p08,0.4,alpha,0.14466666666666667,0.1454,0.0007333333333333358,0.14613333333333334,0.111065,0.17873999999999993,0.11239333333333335,0.17900499999999997,0.0,0.0021333333333333343,0.11404333333333334,0.17920499999999995,0.9949817518248175,0.005018248175182499,complete
d2_5_b,d2_5,b,p08,0.5,alpha,0.1472666666666667,0.14826666666666669,0.0010000000000000028,0.1492666666666667,0.11326499999999998,0.18159999999999996,0.11526500000000002,0.18206833333333333,0.0,0.002733333333333335,0.116195,0.182335,0.9933005806163466,0.006699419383653435,complete
d2_5_b,d2_5,b,p08,0.65,alpha,0.14806666666666668,0.1491333333333333,0.0010666666666666648,0.15019999999999997,0.11386333333333332,0.18273666666666663,0.11580000000000004,0.1831383333333333,0.0,0.003066666666666662,0.1173316666666667,0.18367,0.9928983577452286,0.0071016422547714045,complete
d2_5_b,d2_5,b,p08,0.8,alpha,0.14880000000000002,0.15006666666666663,0.001266666666666664,0.1513333333333333,0.11426166666666666,0.18373666666666666,0.11639666666666668,0.184135,0.0,0.003599999999999994,0.11839999999999999,0.1846766666666666,0.9916299559471365,0.00837004405286342,complete
d2_5_b,d2_5,b,p08,integrated_equal_alpha,integrated,0.1254,0.12656666666666666,0.0011666666666666694,0.12773333333333337,0.09683062500000002,0.15498479166666665,0.09848291666666667,0.1553035416666666,0.0001750000000000027,0.0027502083333333337,0.10041187500000001,0.15600416666666664,0.9908663883089768,0.009133611691022983,complete
d2_5_b,d2_5,b,p09,0.05,alpha,0.00746666666666668,0.014866666666666676,0.007399999999999998,0.022266666666666674,-0.0025333333333333093,0.01800166666666669,0.007933333333333355,0.023268333333333356,0.003066666666666671,0.012134999999999995,0.01586666666666666,0.029866666666666656,0.6676646706586828,0.33233532934131715,complete
d2_5_b,d2_5,b,p09,0.1,alpha,0.03579999999999999,0.04079999999999999,0.004999999999999998,0.04579999999999999,0.018331666666666666,0.053133333333333296,0.02559833333333332,0.05666999999999997,0.001400000000000016,0.009200000000000003,0.03180000000000001,0.061069999999999965,0.8908296943231441,0.10917030567685589,complete
d2_5_b,d2_5,b,p09,0.2,alpha,0.11206666666666668,0.11693333333333335,0.0048666666666666684,0.1218,0.07799833333333335,0.14487499999999998,0.08626333333333336,0.14653999999999992,0.0003999999999999985,0.01153333333333333,0.09259833333333337,0.14980499999999994,0.9600437876299946,0.03995621237000549,complete
d2_5_b,d2_5,b,p09,0.3,alpha,0.17720000000000002,0.1816,0.004399999999999996,0.18600000000000003,0.12552666666666668,0.22746833333333333,0.1323983333333333,0.2294,6.666666666666302e-05,0.010601666666666659,0.14011666666666667,0.2322133333333333,0.9763440860215054,0.0236559139784946,complete
d2_5_b,d2_5,b,p09,0.4,alpha,0.23479999999999998,0.24133333333333334,0.006533333333333331,0.2478666666666667,0.16733166666666668,0.3042099999999999,0.17804833333333336,0.30821166666666655,0.0006666666666666747,0.014538333333333297,0.187665,0.31221,0.973641742872512,0.026358257127487884,complete
d2_5_b,d2_5,b,p09,0.5,alpha,0.2750666666666667,0.2786,0.003533333333333332,0.28213333333333335,0.20412333333333332,0.34747333333333336,0.21039,0.34947666666666666,0.0003333333333333327,0.007799999999999999,0.21469333333333335,0.3514,0.9874763705103969,0.01252362948960302,complete
d2_5_b,d2_5,b,p09,0.65,alpha,0.3254,0.32753333333333334,0.0021333333333333343,0.32966666666666666,0.24845333333333333,0.40408333333333324,0.25206666666666666,0.40526833333333345,0.0,0.005599999999999995,0.25559666666666664,0.40554499999999993,0.9935288169868555,0.006471183013144593,complete
d2_5_b,d2_5,b,p09,0.8,alpha,0.3519333333333334,0.35340000000000005,0.0014666666666666643,0.3548666666666667,0.27338666666666667,0.43393666666666664,0.27573,0.43453833333333325,0.0,0.0043999999999999925,0.27738833333333335,0.43540333333333336,0.9958669922975766,0.004133007702423438,complete
d2_5_b,d2_5,b,p09,integrated_equal_alpha,integrated,0.1899666666666667,0.19438333333333332,0.004416666666666665,0.1988,0.14258916666666668,0.23737291666666663,0.14912895833333334,0.240500625,0.001608125000000002,0.007850624999999988,0.15450729166666669,0.24354479166666668,0.9777833668678738,0.02221663313212608,complete
d2_5_b,d2_5,b,p10,0.05,alpha,0.03153333333333335,0.04000000000000002,0.008466666666666671,0.048466666666666686,0.01300000000000004,0.05140166666666667,0.024998333333333355,0.056601666666666654,0.003131666666666665,0.015266666666666668,0.03446500000000002,0.06320166666666668,0.8253094910591473,0.17469050894085283,complete
d2_5_b,d2_5,b,p10,0.1,alpha,0.13940000000000002,0.14720000000000003,0.007799999999999999,0.15500000000000005,0.09399333333333336,0.18480166666666664,0.10673333333333333,0.18866833333333333,0.001266666666666668,0.016199999999999996,0.11826333333333335,0.19307166666666664,0.9496774193548385,0.05032258064516126,complete
d2_5_b,d2_5,b,p10,0.2,alpha,0.2875333333333333,0.29053333333333337,0.003000000000000002,0.2935333333333333,0.21333000000000005,0.36407166666666657,0.21806499999999998,0.3654666666666666,0.0002666666666666706,0.0071999999999999955,0.22346333333333335,0.36694166666666667,0.9897796956620488,0.010220304337951404,complete
d2_5_b,d2_5,b,p10,0.3,alpha,0.35613333333333336,0.3586,0.002466666666666665,0.3610666666666667,0.28013,0.43373833333333334,0.28366333333333327,0.4347366666666665,0.0,0.007399999999999995,0.2864649999999999,0.43693333333333334,0.9931683899556867,0.006831610044313142,complete
d2_5_b,d2_5,b,p10,0.4,alpha,0.3919333333333333,0.39259999999999995,0.0006666666666666636,0.3932666666666666,0.31132000000000004,0.470475,0.31213,0.4708016666666666,0.0,0.0019999999999999905,0.3140566666666666,0.4708016666666666,0.9983047974232921,0.0016952025767079091,complete
d2_5_b,d2_5,b,p10,0.5,alpha,0.4168,0.4168,0.0,0.4168,0.33599166666666663,0.4929433333333333,0.33599166666666663,0.4929433333333333,0.0,0.0,0.33599166666666663,0.4929433333333333,1.0,0.0,complete
d2_5_b,d2_5,b,p10,0.65,alpha,0.4428,0.4428,0.0,0.4428,0.3624,0.5187399999999999,0.3624,0.5187399999999999,0.0,0.0,0.3624,0.5187399999999999,1.0,0.0,complete
d2_5_b,d2_5,b,p10,0.8,alpha,0.4575333333333334,0.4575333333333334,0.0,0.4575333333333334,0.3741916666666667,0.5362016666666668,0.3741916666666667,0.5362016666666668,0.0,0.0,0.3741916666666667,0.5362016666666668,1.0,0.0,complete
d2_5_b,d2_5,b,p10,integrated_equal_alpha,integrated,0.31545833333333334,0.31825833333333337,0.0028,0.32105833333333333,0.25258145833333334,0.37706937499999993,0.25645979166666666,0.37869437499999997,0.0009747916666666672,0.0051833333333333315,0.2602666666666667,0.38046,0.9912788434085188,0.008721156591481299,complete
d2_5_b,d2_5,b,p11,0.05,alpha,-0.03639999999999999,0.0014000000000000013,0.037799999999999986,0.039199999999999985,-0.04859999999999997,-0.024998333333333365,0.0002666666666666669,0.002933333333333336,0.02706666666666667,0.049068333333333325,0.02906166666666663,0.050333333333333306,0.03571428571428576,0.9642857142857143,complete
d2_5_b,d2_5,b,p11,0.1,alpha,-0.05939999999999999,0.0010666666666666676,0.060466666666666655,0.06153333333333332,-0.07679999999999998,-0.04226666666666668,0.0,0.002666666666666669,0.043928333333333354,0.07759999999999997,0.04533166666666664,0.07833333333333332,0.0173347778981582,0.9826652221018418,complete
d2_5_b,d2_5,b,p11,0.2,alpha,-0.06973333333333333,0.002133333333333341,0.07186666666666666,0.074,-0.09193333333333333,-0.048599999999999983,0.0002666666666666669,0.004600000000000013,0.05185999999999998,0.09320166666666664,0.05439833333333332,0.09426833333333332,0.02882882882882893,0.9711711711711711,complete
d2_5_b,d2_5,b,p11,0.3,alpha,-0.03933333333333332,0.0017333333333333387,0.04106666666666667,0.0428,-0.05286666666666669,-0.026531666666666665,0.00020000000000000389,0.00366666666666667,0.029131666666666632,0.053801666666666685,0.03133333333333334,0.05486833333333334,0.040498442367601376,0.9595015576323989,complete
d2_5_b,d2_5,b,p11,0.4,alpha,-0.026466666666666656,0.0022666666666666725,0.02873333333333333,0.031000000000000003,-0.03773333333333328,-0.016131666666666645,0.0006666666666666691,0.0043999999999999985,0.019266666666666644,0.039201666666666676,0.021933333333333346,0.04106999999999999,0.07311827956989266,0.9268817204301073,complete
d2_5_b,d2_5,b,p11,0.5,alpha,-0.067,0.0015333333333333384,0.06853333333333335,0.0700666666666667,-0.08760499999999997,-0.04653166666666666,0.00013333333333333716,0.003400000000000003,0.04873000000000002,0.08906666666666668,0.05073333333333338,0.0902,0.021883920076118047,0.9781160799238818,complete
d2_5_b,d2_5,b,p11,0.65,alpha,-0.04233333333333333,0.0010000000000000083,0.043333333333333335,0.04433333333333334,-0.05566666666666665,-0.02986666666666666,0.0,0.002666666666666684,0.03166666666666666,0.05600166666666667,0.03300000000000001,0.056668333333333334,0.02255639097744379,0.9774436090225562,complete
d2_5_b,d2_5,b,p11,0.8,alpha,-0.04513333333333333,0.0016000000000000042,0.04673333333333333,0.04833333333333333,-0.060999999999999985,-0.030131666666666657,0.00019999999999999462,0.0034000000000000167,0.03239833333333333,0.061804999999999964,0.03466499999999996,0.06286666666666665,0.03310344827586215,0.9668965517241378,complete
d2_5_b,d2_5,b,p11,integrated_equal_alpha,integrated,-0.04822499999999999,0.0015916666666666713,0.049816666666666655,0.05140833333333334,-0.0629425,-0.03408124999999999,0.0004997916666666675,0.0029418750000000105,0.03616479166666667,0.06387520833333334,0.03835,0.06490041666666665,0.030961257902415388,0.9690387420975843,complete
d2_5_b,d2_5,b,p12,0.05,alpha,-0.009466666666666663,0.00300000000000001,0.012466666666666675,0.015466666666666684,-0.015533333333333336,-0.0035999999999999934,0.0008666666666666749,0.005866666666666675,0.00846499999999998,0.017133333333333327,0.011466666666666696,0.01973333333333337,0.19396551724137975,0.8060344827586203,complete
d2_5_b,d2_5,b,p12,0.1,alpha,-0.01459999999999999,0.0032000000000000045,0.017799999999999993,0.021,-0.02266666666666668,-0.007333333333333322,0.0009333333333333415,0.005866666666666667,0.012066666666666667,0.024534999999999998,0.01566666666666668,0.026999999999999986,0.1523809523809526,0.8476190476190473,complete
d2_5_b,d2_5,b,p12,0.2,alpha,-0.025399999999999992,0.0044000000000000055,0.029799999999999993,0.0342,-0.03759999999999999,-0.013798333333333307,0.0016666666666666644,0.007535000000000005,0.02006333333333331,0.03993666666666665,0.025333333333333333,0.04320000000000001,0.12865497076023408,0.8713450292397659,complete
d2_5_b,d2_5,b,p12,0.3,alpha,-0.027666666666666662,0.00333333333333334,0.031000000000000003,0.03433333333333334,-0.04013333333333333,-0.016133333333333326,0.001066666666666675,0.0061333333333333405,0.020666666666666656,0.04180166666666668,0.024598333333333326,0.04426666666666669,0.09708737864077688,0.9029126213592232,complete
d2_5_b,d2_5,b,p12,0.4,alpha,-0.026600000000000002,0.0043333333333333375,0.030933333333333334,0.035266666666666675,-0.03880000000000001,-0.01466666666666668,0.0014000000000000269,0.007799999999999992,0.021199999999999993,0.04140166666666667,0.02613333333333335,0.04466666666666666,0.12287334593572788,0.877126654064272,complete
d2_5_b,d2_5,b,p12,0.5,alpha,-0.030266666666666654,0.003133333333333336,0.03339999999999999,0.03653333333333332,-0.04266833333333333,-0.018264999999999993,0.0007999999999999988,0.006066666666666676,0.022864999999999976,0.04453833333333332,0.026733333333333338,0.04666999999999999,0.08576642335766434,0.9142335766423358,complete
d2_5_b,d2_5,b,p12,0.65,alpha,-0.032933333333333335,0.0024666666666666743,0.03540000000000001,0.03786666666666669,-0.045801666666666685,-0.020799999999999996,0.0007333333333333413,0.004533333333333334,0.024466666666666675,0.04720166666666668,0.027400000000000004,0.048935000000000006,0.0651408450704227,0.9348591549295772,complete
d2_5_b,d2_5,b,p12,0.8,alpha,-0.03546666666666665,0.002000000000000009,0.03746666666666666,0.039466666666666664,-0.049801666666666654,-0.021599999999999973,0.00020000000000000757,0.004733333333333338,0.024931666666666647,0.05086999999999998,0.027198333333333328,0.052000000000000025,0.050675675675675914,0.9493243243243242,complete
d2_5_b,d2_5,b,p12,integrated_equal_alpha,integrated,-0.02529999999999999,0.00323333333333334,0.028533333333333334,0.03176666666666667,-0.03605145833333334,-0.015519583333333361,0.0012997916666666717,0.0055418750000000155,0.019783124999999988,0.03804166666666667,0.02364729166666666,0.04038354166666667,0.1017838405036728,0.8982161594963273,complete
d2_10_a,d2_10,a,p08,0.05,alpha,0.02186666666666665,0.022066666666666648,0.00020000000000000389,0.022266666666666657,0.01586666666666666,0.028601666666666647,0.016264999999999977,0.028669999999999973,0.0,0.0006000000000000117,0.016598333333333305,0.028866666666666648,0.9910179640718558,0.008982035928143891,complete
d2_10_a,d2_10,a,p08,0.1,alpha,0.07966666666666664,0.07966666666666664,0.0,0.07966666666666664,0.0627983333333333,0.09680166666666666,0.0627983333333333,0.09680166666666666,0.0,0.0,0.0627983333333333,0.09680166666666666,1.0,0.0,complete
d2_10_a,d2_10,a,p08,0.2,alpha,0.21306666666666668,0.21306666666666668,0.0,0.21306666666666668,0.1710633333333334,0.254935,0.1710633333333334,0.254935,0.0,0.0,0.1710633333333334,0.254935,1.0,0.0,complete
d2_10_a,d2_10,a,p08,0.3,alpha,0.3224,0.32266666666666666,0.000266666666666666,0.3229333333333333,0.26039666666666667,0.38473666666666656,0.2607966666666667,0.38473666666666656,0.0,0.000799999999999998,0.26158333333333333,0.38473666666666656,0.9991742361684559,0.0008257638315441764,complete
d2_10_a,d2_10,a,p08,0.4,alpha,0.3953333333333333,0.39573333333333327,0.0003999999999999994,0.3961333333333333,0.32232666666666665,0.4665449999999998,0.323255,0.46694499999999983,0.0,0.0011999999999999984,0.32438333333333336,0.46733833333333324,0.9989902389767754,0.0010097610232245023,complete
d2_10_a,d2_10,a,p08,0.5,alpha,0.44139999999999996,0.4419333333333333,0.0005333333333333329,0.4424666666666666,0.3609200000000001,0.51947,0.3621949999999999,0.5194833333333332,0.0,0.0015999999999999986,0.3634649999999999,0.5194866666666665,0.998794636130782,0.0012053638692180195,complete
d2_10_a,d2_10,a,p08,0.65,alpha,0.48439999999999994,0.4851333333333333,0.0007333333333333321,0.4858666666666666,0.4000566666666666,0.5644733333333333,0.4015999999999999,0.5647449999999998,0.0,0.0021999999999999962,0.4034383333333333,0.5647566666666665,0.9984906695938529,0.0015093304061470888,complete
d2_10_a,d2_10,a,p08,0.8,alpha,0.5155333333333333,0.5161333333333333,0.0005999999999999996,0.5167333333333334,0.429265,0.5934699999999999,0.4313183333333333,0.5942666666666666,0.0,0.0017999999999999989,0.4330316666666667,0.5946816666666666,0.9988388595019997,0.001161140498000257,complete
d2_10_a,d2_10,a,p08,integrated_equal_alpha,integrated,0.3092083333333333,0.30955,0.0003416666666666667,0.3098916666666666,0.2562977083333334,0.3611370833333333,0.25654479166666666,0.36146854166666664,0.0,0.0009999999999999998,0.256890625,0.3616864583333333,0.9988974641675855,0.0011025358324145537,complete
d2_10_a,d2_10,a,p09,0.05,alpha,0.0015333333333333152,0.004399999999999993,0.0028666666666666784,0.007266666666666672,-0.0018666666666667016,0.004933333333333298,0.0024666666666666548,0.0067333333333333256,0.001200000000000016,0.004735000000000008,0.005133333333333339,0.009533333333333342,0.6055045871559619,0.394495412844038,complete
d2_10_a,d2_10,a,p09,0.1,alpha,0.008933333333333333,0.010333333333333338,0.001400000000000003,0.01173333333333334,0.004266666666666658,0.01413500000000004,0.006265000000000003,0.01506666666666665,0.0005316666666666657,0.002401666666666665,0.008000000000000026,0.016066666666666684,0.8806818181818181,0.119318181818182,complete
d2_10_a,d2_10,a,p09,0.2,alpha,0.03306666666666664,0.03386666666666664,0.0008000000000000044,0.03466666666666665,0.023399999999999973,0.04286666666666662,0.02466666666666665,0.04306666666666662,0.0,0.0022000000000000092,0.025733333333333316,0.04353499999999996,0.9769230769230767,0.023076923076923214,complete
d2_10_a,d2_10,a,p09,0.3,alpha,0.0713333333333333,0.07199999999999998,0.0006666666666666673,0.07266666666666664,0.052000000000000005,0.0899333333333333,0.05313166666666662,0.0904683333333333,0.0,0.0020000000000000018,0.05439999999999998,0.09086999999999996,0.9908256880733946,0.009174311926605516,complete
d2_10_a,d2_10,a,p09,0.4,alpha,0.11333333333333334,0.1134,6.666666666666302e-05,0.11346666666666666,0.08539666666666666,0.14007166666666665,0.08539999999999999,0.1401383333333333,0.0,0.00019999999999998909,0.08553333333333332,0.14020499999999997,0.9994124559341951,0.0005875440658049033,complete
d2_10_a,d2_10,a,p09,0.5,alpha,0.15533333333333335,0.15539999999999995,6.666666666666302e-05,0.15546666666666667,0.11972999999999996,0.19020333333333328,0.11979833333333328,0.1902699999999999,0.0,0.00019999999999998909,0.11986666666666664,0.1903366666666666,0.9995711835334474,0.0004288164665522922,complete
d2_10_a,d2_10,a,p09,0.65,alpha,0.21413333333333331,0.21419999999999997,6.666666666667042e-05,0.21426666666666663,0.16933166666666666,0.25906666666666667,0.16959833333333332,0.25906833333333334,0.0,0.00020000000000001129,0.16993166666666662,0.25906833333333334,0.9996888612321095,0.0003111387678904967,complete
d2_10_a,d2_10,a,p09,0.8,alpha,0.2611333333333333,0.2611333333333333,0.0,0.2611333333333333,0.2096616666666666,0.3124066666666666,0.2096616666666666,0.3124066666666666,0.0,0.0,0.2096616666666666,0.3124066666666666,1.0,0.0,complete
d2_10_a,d2_10,a,p09,integrated_equal_alpha,integrated,0.10734999999999999,0.10809166666666666,0.0007416666666666687,0.10883333333333332,0.08411624999999996,0.13022187499999996,0.08511333333333333,0.13088479166666664,0.00028333333333333677,0.0013750000000000012,0.08595666666666665,0.13146416666666663,0.9931852986217458,0.00681470137825423,complete
d2_10_a,d2_10,a,p10,0.05,alpha,0.03486666666666664,0.03586666666666665,0.0010000000000000083,0.03686666666666668,0.0243983333333333,0.04500166666666663,0.02573333333333332,0.04553333333333333,6.666666666666672e-05,0.0023333333333333465,0.027066666666666666,0.04639999999999999,0.9728752260397823,0.027124773960217213,complete
d2_10_a,d2_10,a,p10,0.1,alpha,0.11706666666666665,0.1176,0.0005333333333333375,0.11813333333333335,0.08992999999999995,0.14300999999999994,0.09093166666666663,0.14340166666666668,0.0,0.001533333333333342,0.09153,0.14386666666666661,0.9954853273137696,0.004514672686230283,complete
d2_10_a,d2_10,a,p10,0.2,alpha,0.26626666666666665,0.26626666666666665,0.0,0.26626666666666665,0.21232499999999999,0.31973333333333337,0.21232499999999999,0.31973333333333337,0.0,0.0,0.21232499999999999,0.31973333333333337,1.0,0.0,complete
d2_10_a,d2_10,a,p10,0.3,alpha,0.35806666666666664,0.35806666666666664,0.0,0.35806666666666664,0.29258833333333334,0.42047999999999996,0.29258833333333334,0.42047999999999996,0.0,0.0,0.29258833333333334,0.42047999999999996,1.0,0.0,complete
d2_10_a,d2_10,a,p10,0.4,alpha,0.41779999999999995,0.41779999999999995,0.0,0.41779999999999995,0.346265,0.48686999999999997,0.346265,0.48686999999999997,0.0,0.0,0.346265,0.48686999999999997,1.0,0.0,complete
d2_10_a,d2_10,a,p10,0.5,alpha,0.4539999999999999,0.4539999999999999,0.0,0.4539999999999999,0.3764616666666666,0.5261416666666665,0.3764616666666666,0.5261416666666665,0.0,0.0,0.3764616666666666,0.5261416666666665,1.0,0.0,complete
d2_10_a,d2_10,a,p10,0.65,alpha,0.4898,0.4898,0.0,0.4898,0.40960000000000013,0.5629333333333334,0.40960000000000013,0.5629333333333334,0.0,0.0,0.40960000000000013,0.5629333333333334,1.0,0.0,complete
d2_10_a,d2_10,a,p10,0.8,alpha,0.5164,0.5164,0.0,0.5164,0.43772666666666665,0.5896883333333333,0.43772666666666665,0.5896883333333333,0.0,0.0,0.43772666666666665,0.5896883333333333,1.0,0.0,complete
d2_10_a,d2_10,a,p10,integrated_equal_alpha,integrated,0.33178333333333326,0.33197499999999996,0.00019166666666666822,0.33216666666666667,0.2779729166666666,0.3833683333333333,0.278298125,0.38356104166666666,8.33333333333334e-06,0.00047500000000000135,0.27859687499999997,0.3836904166666666,0.9994229804315102,0.0005770195684897186,complete
d2_10_a,d2_10,a,p11,0.05,alpha,-0.004000000000000021,0.00379999999999998,0.007800000000000001,0.01159999999999998,-0.009333333333333341,0.0013999999999999846,0.0016666666666666533,0.0063333333333332985,0.004066666666666665,0.011736666666666664,0.008200000000000002,0.015199999999999972,0.32758620689655055,0.6724137931034495,complete
d2_10_a,d2_10,a,p11,0.1,alpha,-0.006866666666666694,0.006599999999999981,0.013466666666666675,0.020066666666666656,-0.01660166666666669,0.003133333333333297,0.0024666666666666474,0.012334999999999964,0.007000000000000006,0.020733333333333347,0.013399999999999997,0.027268333333333315,0.32890365448504905,0.6710963455149509,complete
d2_10_a,d2_10,a,p11,0.2,alpha,-0.0006666666666666812,0.01666666666666667,0.01733333333333335,0.034000000000000016,-0.017001666666666686,0.01633666666666665,0.008133333333333333,0.027135000000000006,0.007865000000000018,0.02846833333333332,0.023131666666666675,0.04600333333333334,0.4901960784313724,0.5098039215686276,complete
d2_10_a,d2_10,a,p11,0.3,alpha,0.012599999999999978,0.03186666666666666,0.01926666666666668,0.05113333333333334,-0.012205000000000006,0.03607166666666663,0.017464999999999998,0.04793333333333332,0.007400000000000016,0.034135,0.035666666666666666,0.06773333333333333,0.6232073011734026,0.37679269882659727,complete
d2_10_a,d2_10,a,p11,0.4,alpha,0.026066666666666616,0.04819999999999997,0.022133333333333356,0.07033333333333332,-0.006736666666666722,0.05800166666666662,0.026929999999999978,0.07246833333333329,0.008598333333333348,0.038936666666666675,0.050531666666666655,0.09333499999999999,0.6853080568720377,0.31469194312796245,complete
d2_10_a,d2_10,a,p11,0.5,alpha,0.0313333333333333,0.058866666666666664,0.027533333333333358,0.08640000000000002,-0.007201666666666715,0.07020166666666665,0.03333333333333332,0.08813666666666665,0.010333333333333377,0.04720166666666669,0.06306500000000004,0.11400333333333329,0.681327160493827,0.31867283950617303,complete
d2_10_a,d2_10,a,p11,0.65,alpha,0.05939999999999999,0.08826666666666667,0.028866666666666683,0.11713333333333335,0.008799999999999987,0.11120166666666666,0.05126333333333333,0.12960166666666664,0.009864999999999995,0.05106833333333334,0.08373166666666663,0.15527166666666667,0.7535571997723391,0.24644280022766088,complete
d2_10_a,d2_10,a,p11,0.8,alpha,0.08333333333333327,0.1143333333333333,0.031000000000000024,0.14533333333333331,0.02205999999999996,0.1466033333333333,0.06692666666666665,0.166405,0.010265000000000005,0.05473833333333333,0.10206166666666668,0.19480166666666662,0.7866972477064219,0.21330275229357817,complete
d2_10_a,d2_10,a,p11,integrated_equal_alpha,integrated,0.025149999999999968,0.046074999999999984,0.020925000000000017,0.067,-0.003736041666666688,0.0548845833333333,0.02637354166666665,0.06855562499999995,0.008407291666666677,0.03565895833333334,0.04892458333333334,0.0878675,0.6876865671641789,0.31231343283582114,complete
d2_10_a,d2_10,a,p12,0.05,alpha,-0.0010000000000000193,0.0017333333333333274,0.0027333333333333467,0.004466666666666674,-0.0032666666666666955,0.0011333333333333195,0.0008666666666666637,0.0026666666666666766,0.001133333333333338,0.00453333333333336,0.0029999999999999988,0.0060666666666666725,0.3880597014925353,0.6119402985074647,complete
d2_10_a,d2_10,a,p12,0.1,alpha,-0.0020000000000000334,0.0031999999999999824,0.005200000000000015,0.008399999999999998,-0.006000000000000018,0.0018683333333333104,0.0016666666666666496,0.005001666666666643,0.0024666666666666765,0.008266666666666693,0.0059333333333333035,0.011068333333333355,0.38095238095237893,0.6190476190476211,complete
d2_10_a,d2_10,a,p12,0.2,alpha,-0.0024000000000000124,0.005266666666666659,0.0076666666666666715,0.01293333333333333,-0.009066666666666683,0.004134999999999983,0.0024649999999999876,0.008801666666666657,0.003200000000000001,0.012799999999999999,0.008266666666666688,0.017733333333333334,0.4072164948453604,0.5927835051546397,complete
d2_10_a,d2_10,a,p12,0.3,alpha,-0.0012666666666666631,0.009266666666666671,0.010533333333333336,0.019800000000000005,-0.011668333333333331,0.009068333333333322,0.004400000000000011,0.015266666666666677,0.0038649999999999926,0.018466666666666673,0.012731666666666665,0.027669999999999997,0.4680134680134681,0.531986531986532,complete
d2_10_a,d2_10,a,p12,0.4,alpha,0.0010666666666666353,0.01433333333333332,0.013266666666666685,0.02760000000000001,-0.012801666666666704,0.015066666666666624,0.007600000000000004,0.022068333333333322,0.0046000000000000095,0.023601666666666684,0.018333333333333337,0.037733333333333355,0.5193236714975838,0.480676328502416,complete
d2_10_a,d2_10,a,p12,0.5,alpha,0.003999999999999996,0.018400000000000014,0.014400000000000015,0.032800000000000024,-0.012268333333333348,0.01980333333333334,0.01019833333333333,0.027933333333333345,0.004800000000000012,0.025735000000000025,0.022600000000000026,0.044000000000000025,0.5609756097560976,0.4390243902439026,complete
d2_10_a,d2_10,a,p12,0.65,alpha,0.008466666666666645,0.02573333333333332,0.017266666666666673,0.043,-0.013068333333333383,0.028733333333333295,0.014533333333333325,0.03793333333333333,0.005400000000000005,0.031334999999999995,0.03032999999999998,0.05739999999999998,0.5984496124031005,0.4015503875968994,complete
d2_10_a,d2_10,a,p12,0.8,alpha,0.016666666666666653,0.03673333333333331,0.02006666666666667,0.05679999999999999,-0.010270000000000001,0.041803333333333276,0.022196666666666653,0.052599999999999994,0.0060666666666666725,0.03627166666666663,0.04106333333333333,0.07400166666666666,0.6467136150234739,0.3532863849765259,complete
d2_10_a,d2_10,a,p12,integrated_equal_alpha,integrated,0.002941666666666649,0.014333333333333328,0.011391666666666678,0.025725000000000005,-0.009641666666666679,0.014891874999999992,0.00809083333333333,0.021293958333333314,0.004049583333333343,0.020143958333333333,0.018232083333333322,0.03410041666666667,0.5571752510528017,0.4428247489471983,complete
d2_10_b,d2_10,b,p08,0.05,alpha,0.026066666666666658,0.028799999999999996,0.0027333333333333376,0.03153333333333333,0.015264999999999966,0.03746666666666665,0.019596666666666665,0.03913333333333333,6.666666666667042e-05,0.006266666666666674,0.02266666666666667,0.041201666666666664,0.9133192389006343,0.0866807610993659,complete
d2_10_b,d2_10,b,p08,0.1,alpha,0.04819999999999998,0.04933333333333332,0.0011333333333333436,0.05046666666666666,0.035066666666666656,0.062335,0.03666499999999996,0.06286833333333333,0.0,0.002733333333333349,0.038200000000000026,0.06360166666666667,0.9775429326287978,0.02245706737120232,complete
d2_10_b,d2_10,b,p08,0.2,alpha,0.06353333333333333,0.06486666666666667,0.0013333333333333346,0.0662,0.04719499999999998,0.08106666666666666,0.0496,0.08159999999999999,0.0,0.0037333333333333368,0.051398333333333324,0.08213500000000001,0.9798590130916416,0.02014098690835853,complete
d2_10_b,d2_10,b,p08,0.3,alpha,0.06793333333333335,0.06939999999999999,0.001466666666666668,0.07086666666666668,0.05039666666666666,0.0871333333333333,0.05300000000000002,0.08746999999999999,0.0,0.00426666666666667,0.05519499999999996,0.08833333333333332,0.9793038570084663,0.02069614299153341,complete
d2_10_b,d2_10,b,p08,0.4,alpha,0.06899999999999998,0.07079999999999999,0.0018000000000000017,0.07259999999999997,0.05113333333333333,0.08846833333333332,0.05426499999999999,0.08926666666666659,0.0,0.005133333333333338,0.05679999999999997,0.0900016666666666,0.9752066115702481,0.024793388429752098,complete
d2_10_b,d2_10,b,p08,0.5,alpha,0.06953333333333328,0.07099999999999995,0.0014666666666666717,0.07246666666666664,0.05199833333333326,0.08913333333333329,0.05446499999999996,0.08940166666666662,0.0,0.0044000000000000115,0.05613166666666662,0.09007333333333327,0.979760809567617,0.020239190432382783,complete
d2_10_b,d2_10,b,p08,0.65,alpha,0.07099999999999997,0.07259999999999997,0.0016000000000000014,0.07419999999999997,0.05313333333333332,0.09080166666666664,0.05599499999999996,0.09146833333333328,0.0,0.0046666666666666705,0.05786499999999997,0.09233833333333327,0.9784366576819407,0.021563342318059325,complete
d2_10_b,d2_10,b,p08,0.8,alpha,0.0715333333333333,0.07299999999999998,0.0014666666666666717,0.07446666666666664,0.05373166666666666,0.09166666666666663,0.055933333333333314,0.09193333333333328,0.0,0.0044000000000000115,0.05813166666666664,0.09293499999999998,0.9803043867502239,0.01969561324977626,complete
d2_10_b,d2_10,b,p08,integrated_equal_alpha,integrated,0.06084999999999998,0.06247499999999998,0.0016250000000000038,0.06409999999999999,0.045082708333333325,0.07810833333333331,0.04790729166666666,0.07871062499999996,0.00011666666666666862,0.004150208333333339,0.050372083333333324,0.07971666666666664,0.9746489859594383,0.025351014040561688,complete
d2_10_b,d2_10,b,p09,0.05,alpha,-0.006266666666666687,0.010599999999999981,0.016866666666666665,0.02746666666666665,-0.019270000000000016,0.007466666666666655,0.0045333333333333154,0.017599999999999963,0.0077966666666666636,0.02640000000000001,0.018731666666666633,0.0370683333333333,0.38592233009708693,0.6140776699029129,complete
d2_10_b,d2_10,b,p09,0.1,alpha,0.007066666666666646,0.023866666666666658,0.016800000000000016,0.04066666666666667,-0.011406666666666706,0.025866666666666652,0.011998333333333321,0.0370033333333333,0.007266666666666684,0.027066666666666683,0.028465000000000025,0.05373666666666665,0.586885245901639,0.413114754098361,complete
d2_10_b,d2_10,b,p09,0.2,alpha,0.08339999999999997,0.09326666666666668,0.009866666666666675,0.10313333333333333,0.05093333333333332,0.11620666666666661,0.06713166666666667,0.12146833333333332,0.001066666666666675,0.020668333333333334,0.07953333333333333,0.12781166666666663,0.9043309631544927,0.09566903684550751,complete
d2_10_b,d2_10,b,p09,0.3,alpha,0.1805333333333333,0.18866666666666668,0.008133333333333341,0.1968,0.12772999999999995,0.23100166666666658,0.14086499999999996,0.23540499999999995,0.00040000000000000034,0.017400000000000016,0.15232166666666666,0.24126666666666663,0.9586720867208672,0.04132791327913283,complete
d2_10_b,d2_10,b,p09,0.4,alpha,0.26526666666666665,0.2700666666666667,0.004800000000000003,0.2748666666666667,0.2,0.32833666666666655,0.20879166666666665,0.3304683333333333,0.0,0.012800000000000011,0.21625,0.3332033333333333,0.9825369876303661,0.01746301236963377,complete
d2_10_b,d2_10,b,p09,0.5,alpha,0.3237333333333334,0.327,0.0032666666666666734,0.33026666666666665,0.2441916666666666,0.4022033333333333,0.24906500000000004,0.4037516666666665,0.0,0.00880000000000002,0.2545216666666666,0.4055449999999999,0.9901090028259992,0.009890997174000828,complete
d2_10_b,d2_10,b,p09,0.65,alpha,0.3791333333333332,0.37999999999999995,0.0008666666666666749,0.38086666666666663,0.2955249999999999,0.46055999999999986,0.29732500000000006,0.46096666666666647,0.0,0.00226666666666668,0.29852833333333334,0.46162166666666654,0.9977244880098022,0.002275511990197816,complete
d2_10_b,d2_10,b,p09,0.8,alpha,0.42386666666666656,0.42419999999999985,0.00033333333333333365,0.42453333333333326,0.33571999999999996,0.5079366666666667,0.3360649999999999,0.5080666666666666,0.0,0.0010000000000000009,0.33698500000000003,0.5080749999999998,0.9992148241206028,0.0007851758793969858,complete
d2_10_b,d2_10,b,p09,integrated_equal_alpha,integrated,0.20709166666666665,0.21470833333333333,0.0076166666666666735,0.222325,0.15809895833333334,0.2552708333333332,0.16798624999999998,0.26070833333333326,0.003699583333333338,0.01218375000000001,0.17701416666666672,0.26648083333333333,0.9657408448592526,0.034259155140747434,complete
d2_10_b,d2_10,b,p10,0.05,alpha,0.04793333333333331,0.05386666666666664,0.0059333333333333295,0.05979999999999996,0.0256633333333333,0.06913999999999995,0.0359983333333333,0.07226833333333331,0.0010666666666666693,0.01320333333333332,0.043464999999999955,0.07693333333333331,0.9007803790412487,0.0992196209587514,complete
d2_10_b,d2_10,b,p10,0.1,alpha,0.17579999999999993,0.17886666666666662,0.0030666666666666733,0.1819333333333333,0.1293916666666666,0.22107,0.13399333333333333,0.22233666666666665,0.0,0.008800000000000014,0.13866499999999998,0.22433499999999995,0.9831440087944301,0.016855991205569843,complete
d2_10_b,d2_10,b,p10,0.2,alpha,0.3566666666666667,0.3572,0.0005333333333333412,0.3577333333333334,0.27426666666666666,0.439405,0.2753183333333333,0.4394083333333333,0.0,0.0014666666666666827,0.27606,0.4396683333333333,0.9985091315691389,0.0014908684308609981,complete
d2_10_b,d2_10,b,p10,0.3,alpha,0.4406666666666667,0.4421333333333333,0.001466666666666668,0.4436,0.3485849999999999,0.5320050000000001,0.35045,0.532335,0.0,0.004399999999999997,0.35379,0.53321,0.9966937180643222,0.0033062819356777908,complete
d2_10_b,d2_10,b,p10,0.4,alpha,0.4798666666666666,0.4805333333333333,0.000666666666666671,0.4812,0.38706499999999994,0.5668666666666666,0.38892666666666664,0.5673383333333333,0.0,0.002000000000000013,0.39026,0.5678066666666665,0.9986145746744249,0.0013854253255749605,complete
d2_10_b,d2_10,b,p10,0.5,alpha,0.5064666666666666,0.5064666666666666,0.0,0.5064666666666666,0.4177266666666666,0.5884049999999998,0.4177266666666666,0.5884049999999998,0.0,0.0,0.4177266666666666,0.5884049999999998,1.0,0.0,complete
d2_10_b,d2_10,b,p10,0.65,alpha,0.5290666666666667,0.5290666666666667,0.0,0.5290666666666667,0.4441083333333333,0.6085366666666667,0.4441083333333333,0.6085366666666667,0.0,0.0,0.4441083333333333,0.6085366666666667,1.0,0.0,complete
d2_10_b,d2_10,b,p10,0.8,alpha,0.5476666666666666,0.5476666666666666,0.0,0.5476666666666666,0.46333166666666664,0.6254683333333334,0.46333166666666664,0.6254683333333334,0.0,0.0,0.46333166666666664,0.6254683333333334,1.0,0.0,complete
d2_10_b,d2_10,b,p10,integrated_equal_alpha,integrated,0.3855166666666667,0.38697499999999996,0.0014583333333333354,0.3884333333333333,0.3172554166666666,0.4507879166666667,0.31889458333333337,0.45152895833333323,0.0002666666666666669,0.0031502083333333404,0.3205429166666667,0.45252708333333325,0.9962456019909036,0.0037543980090963755,complete
d2_10_b,d2_10,b,p11,0.05,alpha,-0.03146666666666669,0.003133333333333324,0.03460000000000001,0.03773333333333335,-0.04293333333333336,-0.019266666666666685,6.666666666666302e-05,0.008068333333333313,0.02500000000000003,0.044533333333333355,0.02833166666666665,0.04700000000000001,0.08303886925795025,0.9169611307420494,complete
d2_10_b,d2_10,b,p11,0.1,alpha,-0.04013333333333334,0.0015999999999999895,0.04173333333333334,0.04333333333333333,-0.051999999999999984,-0.02793166666666669,0.0,0.004199999999999976,0.03080000000000001,0.052868333333333364,0.03273333333333334,0.053933333333333326,0.036923076923076684,0.9630769230769233,complete
d2_10_b,d2_10,b,p11,0.2,alpha,-0.04666666666666668,0.001133333333333324,0.047800000000000016,0.04893333333333332,-0.05933333333333334,-0.033931666666666686,0.0,0.003266666666666641,0.035664999999999995,0.05966833333333334,0.03713166666666664,0.06053333333333334,0.02316076294277911,0.9768392370572213,complete
d2_10_b,d2_10,b,p11,0.3,alpha,-0.03553333333333334,0.002333333333333327,0.03786666666666667,0.0402,-0.04653666666666669,-0.023665000000000026,0.0,0.006266666666666648,0.02806500000000001,0.04779999999999999,0.03086499999999999,0.04946833333333335,0.05804311774461013,0.9419568822553899,complete
d2_10_b,d2_10,b,p11,0.4,alpha,-0.024266666666666662,0.003866666666666662,0.028133333333333326,0.03199999999999999,-0.036470000000000044,-0.011926666666666686,0.00020000000000000017,0.00986833333333332,0.018864999999999982,0.038666666666666676,0.022731666666666626,0.042066666666666634,0.12083333333333324,0.8791666666666668,complete
d2_10_b,d2_10,b,p11,0.5,alpha,-0.04800000000000003,0.0016666666666666607,0.049666666666666685,0.05133333333333335,-0.06213333333333336,-0.03373333333333338,0.0,0.004933333333333316,0.036865,0.0632,0.038796666666666674,0.0644,0.03246753246753234,0.9675324675324676,complete
d2_10_b,d2_10,b,p11,0.65,alpha,-0.037066666666666685,0.002533333333333327,0.03960000000000002,0.04213333333333334,-0.04920000000000002,-0.024733333333333354,0.0,0.0068666666666666485,0.029328333333333324,0.05006833333333336,0.03226666666666668,0.05213333333333334,0.060126582278480854,0.9398734177215192,complete
d2_10_b,d2_10,b,p11,0.8,alpha,-0.03580000000000001,0.0033333333333333288,0.03913333333333333,0.042466666666666666,-0.047999999999999994,-0.0225316666666667,0.0,0.008799999999999985,0.02846666666666669,0.05,0.032000000000000015,0.053135,0.07849293563579267,0.9215070643642072,complete
d2_10_b,d2_10,b,p11,integrated_equal_alpha,integrated,-0.03736666666666668,0.002449999999999993,0.039816666666666674,0.04226666666666667,-0.04899312500000001,-0.025263750000000043,3.333333333333244e-05,0.006525208333333315,0.02953333333333334,0.05034270833333334,0.03248208333333335,0.052260833333333326,0.05796529968454242,0.9420347003154576,complete
d2_10_b,d2_10,b,p12,0.05,alpha,-0.00793333333333334,0.0031999999999999906,0.011133333333333332,0.014333333333333325,-0.013935000000000008,-0.0010000000000000202,0.0005999999999999996,0.007399999999999972,0.007000000000000001,0.015666666666666672,0.009998333333333312,0.019334999999999995,0.22325581395348784,0.776744186046512,complete
d2_10_b,d2_10,b,p12,0.1,alpha,-0.012400000000000015,0.0036666666666666514,0.016066666666666667,0.019733333333333318,-0.01999999999999998,-0.004000000000000035,0.0005999999999999968,0.008599999999999964,0.010400000000000001,0.021800000000000017,0.014133333333333331,0.02566666666666663,0.1858108108108102,0.8141891891891898,complete
d2_10_b,d2_10,b,p12,0.2,alpha,-0.019000000000000003,0.0029999999999999905,0.02199999999999999,0.02499999999999998,-0.027201666666666686,-0.010333333333333377,0.0007333333333333303,0.006266666666666642,0.015331666666666651,0.02906666666666666,0.01873333333333332,0.031466666666666636,0.11999999999999972,0.8800000000000002,complete
d2_10_b,d2_10,b,p12,0.3,alpha,-0.022933333333333347,0.003133333333333322,0.02606666666666667,0.02919999999999999,-0.033066666666666675,-0.012665000000000006,0.0007316666666666494,0.0067999999999999805,0.017533333333333356,0.03499999999999996,0.02146499999999998,0.037333333333333336,0.10730593607305902,0.8926940639269411,complete
d2_10_b,d2_10,b,p12,0.4,alpha,-0.02686666666666668,0.004933333333333328,0.03180000000000001,0.036733333333333326,-0.039733333333333315,-0.013066666666666692,0.0010666666666666676,0.011201666666666645,0.021731666666666705,0.04240333333333332,0.027329999999999993,0.0468683333333333,0.13430127041742274,0.8656987295825775,complete
d2_10_b,d2_10,b,p12,0.5,alpha,-0.02600000000000002,0.004533333333333329,0.03053333333333335,0.035066666666666683,-0.03920333333333334,-0.013200000000000033,0.0008666666666666674,0.009999999999999986,0.020666666666666677,0.04160166666666667,0.02566500000000001,0.04546666666666666,0.12927756653992378,0.870722433460076,complete
d2_10_b,d2_10,b,p12,0.65,alpha,-0.027066666666666694,0.002199999999999989,0.02926666666666668,0.03146666666666667,-0.03826666666666667,-0.016265000000000054,6.666666666666302e-05,0.005533333333333312,0.01966500000000002,0.03960000000000001,0.021931666666666672,0.041669999999999964,0.06991525423728777,0.9300847457627122,complete
d2_10_b,d2_10,b,p12,0.8,alpha,-0.03020000000000002,0.0027999999999999904,0.03300000000000001,0.035800000000000005,-0.04246833333333339,-0.01780000000000002,0.0003316666666666562,0.007199999999999979,0.02259833333333333,0.0438016666666667,0.025866666666666663,0.04626833333333336,0.07821229050279302,0.9217877094972068,complete
d2_10_b,d2_10,b,p12,integrated_equal_alpha,integrated,-0.021550000000000017,0.003433333333333324,0.02498333333333334,0.02841666666666666,-0.031083958333333352,-0.011464375000000042,0.0008247916666666619,0.007783541666666645,0.017290833333333335,0.03304270833333334,0.021015416666666658,0.036033333333333334,0.12082111436950116,0.879178885630499,complete
d2_20_a,d2_20,a,p08,0.05,alpha,0.027666666666666683,0.028066666666666684,0.00040000000000000034,0.028466666666666685,0.01879833333333333,0.03766666666666669,0.01933333333333335,0.03780000000000002,0.0,0.0011333333333333343,0.019999999999999983,0.037935000000000024,0.9859484777517564,0.014051522248243563,complete
d2_20_a,d2_20,a,p08,0.1,alpha,0.0918666666666667,0.09313333333333336,0.0012666666666666668,0.09440000000000003,0.06913000000000001,0.11433500000000005,0.07166500000000005,0.11500166666666667,0.0,0.0038000000000000004,0.07313000000000001,0.11580000000000003,0.9865819209039548,0.013418079096045196,complete
d2_20_a,d2_20,a,p08,0.2,alpha,0.2532,0.25493333333333335,0.001733333333333333,0.25666666666666665,0.19766333333333336,0.30467666666666665,0.20098666666666665,0.30600999999999995,0.0,0.005199999999999999,0.20443999999999998,0.30726833333333337,0.9932467532467534,0.006753246753246752,complete
d2_20_a,d2_20,a,p08,0.3,alpha,0.3737333333333333,0.37646666666666667,0.002733333333333333,0.3792,0.29592999999999997,0.4464683333333334,0.300725,0.44866833333333345,0.0,0.008199999999999999,0.30500000000000005,0.45001166666666664,0.9927918424753869,0.00720815752461322,complete
d2_20_a,d2_20,a,p08,0.4,alpha,0.44800000000000006,0.451,0.003,0.454,0.36070499999999994,0.528075,0.36505666666666664,0.53027,0.0,0.009000000000000001,0.3716666666666667,0.5316033333333335,0.9933920704845814,0.006607929515418502,complete
d2_20_a,d2_20,a,p08,0.5,alpha,0.49139999999999995,0.49439999999999995,0.003,0.49739999999999995,0.40126500000000004,0.5747399999999999,0.406265,0.576535,0.0,0.009000000000000001,0.41185,0.5782866666666666,0.993968636911942,0.006031363088057902,complete
d2_20_a,d2_20,a,p08,0.65,alpha,0.534,0.5373333333333332,0.003333333333333332,0.5406666666666666,0.4426516666666667,0.6195416666666665,0.4490566666666667,0.6220733333333333,0.0,0.009999999999999993,0.45452,0.6229433333333334,0.9938347718865597,0.006165228113440195,complete
d2_20_a,d2_20,a,p08,0.8,alpha,0.5643333333333334,0.5677333333333333,0.0034000000000000002,0.5711333333333333,0.4737983333333333,0.6495333333333332,0.47957999999999995,0.6495383333333333,0.0,0.010200000000000002,0.48513333333333336,0.6502116666666666,0.9940469242441929,0.005953075755807168,complete
d2_20_a,d2_20,a,p08,integrated_equal_alpha,integrated,0.348025,0.3503833333333333,0.002358333333333333,0.3527416666666667,0.28488562500000003,0.40354187499999994,0.28917958333333327,0.40503020833333336,0.0,0.0070666666666666655,0.29399666666666663,0.40686666666666665,0.9933142762644994,0.006685723735500483,complete
d2_20_a,d2_20,a,p09,0.05,alpha,0.0004000000000000096,0.0033333333333333474,0.0029333333333333377,0.006266666666666685,-0.002535000000000005,0.003400000000000018,0.0015999999999999977,0.005400000000000005,0.001400000000000005,0.004666666666666672,0.004466666666666687,0.00833333333333335,0.5319148936170219,0.46808510638297807,complete
d2_20_a,d2_20,a,p09,0.1,alpha,0.00793333333333334,0.010733333333333346,0.002800000000000007,0.013533333333333352,0.002531666666666663,0.013266666666666696,0.006933333333333331,0.01473333333333335,0.0007999999999999933,0.005200000000000009,0.010131666666666669,0.017066666666666713,0.793103448275862,0.20689655172413815,complete
d2_20_a,d2_20,a,p09,0.2,alpha,0.035933333333333345,0.03653333333333335,0.0006000000000000033,0.03713333333333336,0.024864999999999977,0.04733666666666663,0.025933333333333333,0.04780333333333334,0.0,0.0017333333333333395,0.026666666666666665,0.04826666666666668,0.9838420107719925,0.01615798922800726,complete
d2_20_a,d2_20,a,p09,0.3,alpha,0.07646666666666667,0.07680000000000001,0.00033333333333333733,0.07713333333333335,0.05513166666666664,0.09806666666666668,0.05579833333333336,0.0982016666666667,0.0,0.0009333333333333416,0.05640000000000003,0.09840999999999998,0.9956784788245462,0.004321521175453811,complete
d2_20_a,d2_20,a,p09,0.4,alpha,0.11853333333333337,0.11853333333333337,0.0,0.11853333333333337,0.08779500000000004,0.14940333333333336,0.08779500000000004,0.14940333333333336,0.0,0.0,0.08779500000000004,0.14940333333333336,1.0,0.0,complete
d2_20_a,d2_20,a,p09,0.5,alpha,0.16793333333333338,0.16793333333333338,0.0,0.16793333333333338,0.1265983333333333,0.20693333333333336,0.1265983333333333,0.20693333333333336,0.0,0.0,0.1265983333333333,0.20693333333333336,1.0,0.0,complete
d2_20_a,d2_20,a,p09,0.65,alpha,0.2326666666666667,0.2326666666666667,0.0,0.2326666666666667,0.17966500000000002,0.28120666666666666,0.17966500000000002,0.28120666666666666,0.0,0.0,0.17966500000000002,0.28120666666666666,1.0,0.0,complete
d2_20_a,d2_20,a,p09,0.8,alpha,0.2868666666666667,0.2868666666666667,0.0,0.2868666666666667,0.22706666666666672,0.342005,0.22706666666666672,0.342005,0.0,0.0,0.22706666666666672,0.342005,1.0,0.0,complete
d2_20_a,d2_20,a,p09,integrated_equal_alpha,integrated,0.11584166666666669,0.11667500000000004,0.0008333333333333357,0.11750833333333337,0.08876145833333333,0.141376875,0.08939166666666669,0.14212583333333337,0.00031666666666666833,0.001491666666666667,0.09041937500000001,0.1428691666666667,0.9929083043755763,0.007091695624423818,complete
d2_20_a,d2_20,a,p10,0.05,alpha,0.04120000000000001,0.042933333333333344,0.0017333333333333367,0.044666666666666674,0.02726666666666668,0.05493333333333332,0.030533333333333353,0.055535000000000015,0.0,0.00466833333333333,0.0328666666666667,0.056668333333333376,0.9611940298507463,0.0388059701492538,complete
d2_20_a,d2_20,a,p10,0.1,alpha,0.14113333333333333,0.14233333333333334,0.0012000000000000001,0.14353333333333335,0.10546166666666666,0.17600666666666673,0.10726666666666665,0.1768,0.0,0.0036000000000000003,0.10932666666666666,0.17753833333333333,0.9916395726892707,0.008360427310729215,complete
d2_20_a,d2_20,a,p10,0.2,alpha,0.31239999999999996,0.31379999999999997,0.0013999999999999993,0.3151999999999999,0.2484666666666667,0.372205,0.25139666666666666,0.37294,0.0,0.004199999999999998,0.2537316666666666,0.37387,0.9955583756345179,0.004441624365482232,complete
d2_20_a,d2_20,a,p10,0.3,alpha,0.4132,0.41433333333333333,0.0011333333333333325,0.4154666666666666,0.3403116666666668,0.48266999999999993,0.3413083333333334,0.4834783333333333,0.0,0.0033999999999999976,0.34375833333333333,0.48434833333333327,0.9972721437740695,0.002727856225930679,complete
d2_20_a,d2_20,a,p10,0.4,alpha,0.47346666666666665,0.4746666666666667,0.0011999999999999992,0.4758666666666666,0.39578166666666675,0.5476133333333333,0.39646500000000007,0.5483450000000001,0.0,0.0035999999999999977,0.39898833333333333,0.5492000000000001,0.9974782852339592,0.0025217147660409065,complete
d2_20_a,d2_20,a,p10,0.5,alpha,0.5111333333333333,0.5124666666666667,0.0013333333333333326,0.5138,0.43159833333333336,0.5886666666666667,0.43386333333333343,0.589005,0.0,0.003999999999999998,0.43638166666666667,0.5894033333333333,0.997404956533022,0.0025950434669780704,complete
d2_20_a,d2_20,a,p10,0.65,alpha,0.5494666666666667,0.5506666666666666,0.0011999999999999992,0.5518666666666666,0.46959833333333334,0.62928,0.4719266666666667,0.6297999999999999,0.0,0.0035999999999999977,0.47431833333333334,0.6298183333333331,0.9978255617298865,0.002174438270113553,complete
d2_20_a,d2_20,a,p10,0.8,alpha,0.5728000000000001,0.5738666666666667,0.0010666666666666667,0.5749333333333334,0.4932450000000001,0.6521350000000001,0.4945933333333334,0.6524166666666666,0.0,0.0032,0.49659666666666663,0.6524166666666666,0.9981447124304267,0.0018552875695732837,complete
d2_20_a,d2_20,a,p10,integrated_equal_alpha,integrated,0.3768500000000001,0.3781333333333334,0.0012833333333333334,0.3794166666666667,0.317988125,0.43167520833333334,0.3201416666666666,0.4317858333333332,0.0,0.003783541666666665,0.32222125,0.4325558333333333,0.9966176147594993,0.0033823852405007685,complete
d2_20_a,d2_20,a,p11,0.05,alpha,-0.002333333333333317,0.0037333333333333532,0.00606666666666667,0.009800000000000024,-0.0074666666666666544,0.0026683333333333706,0.0019316666666666512,0.006266666666666703,0.002600000000000006,0.010266666666666667,0.006400000000000046,0.013801666666666696,0.38095238095238204,0.6190476190476178,complete
d2_20_a,d2_20,a,p11,0.1,alpha,-0.0015333333333333089,0.008800000000000018,0.010333333333333326,0.019133333333333342,-0.011669999999999972,0.008333333333333349,0.004800000000000008,0.013933333333333341,0.0038649999999999978,0.018466666666666645,0.012733333333333334,0.026999999999999993,0.4599303135888509,0.5400696864111492,complete
d2_20_a,d2_20,a,p11,0.2,alpha,0.005133333333333356,0.02053333333333336,0.015400000000000002,0.035933333333333366,-0.012334999999999988,0.02233666666666669,0.011600000000000027,0.03146666666666668,0.006129999999999999,0.027066666666666666,0.02519833333333339,0.047600000000000024,0.5714285714285716,0.42857142857142827,complete
d2_20_a,d2_20,a,p11,0.3,alpha,0.020733333333333364,0.03993333333333336,0.019199999999999995,0.05913333333333335,-0.007006666666666658,0.048335000000000024,0.024130000000000013,0.05880000000000004,0.005131666666666665,0.036199999999999996,0.041598333333333355,0.07774333333333332,0.6753100338218718,0.32468996617812834,complete
d2_20_a,d2_20,a,p11,0.4,alpha,0.03780000000000002,0.060333333333333336,0.022533333333333325,0.08286666666666666,0.0012666666666666954,0.07426666666666669,0.03759333333333332,0.08686999999999999,0.005731666666666657,0.04260499999999997,0.06006500000000002,0.10640833333333329,0.7280772325020114,0.27192276749798866,complete
d2_20_a,d2_20,a,p11,0.5,alpha,0.050133333333333356,0.07793333333333335,0.027799999999999984,0.10573333333333332,0.003530000000000042,0.09833666666666666,0.048265,0.11233666666666668,0.006998333333333325,0.05347333333333328,0.07606333333333334,0.13773333333333332,0.7370744010088276,0.2629255989911726,complete
d2_20_a,d2_20,a,p11,0.65,alpha,0.08113333333333335,0.11200000000000002,0.030866666666666657,0.14286666666666673,0.019863333333333358,0.14461333333333332,0.068995,0.1620733333333333,0.007264999999999992,0.0601383333333333,0.1024,0.1874016666666667,0.7839477368175453,0.21605226318245435,complete
d2_20_a,d2_20,a,p11,0.8,alpha,0.1124,0.1456666666666667,0.033266666666666674,0.17893333333333328,0.03779999999999999,0.188735,0.09113333333333333,0.209405,0.007466666666666666,0.06513666666666663,0.1293966666666667,0.23347499999999996,0.8140834575260809,0.18591654247391962,complete
d2_20_a,d2_20,a,p11,integrated_equal_alpha,integrated,0.037933333333333354,0.05861666666666668,0.020683333333333328,0.07930000000000001,0.0032989583333333456,0.07295645833333331,0.03652437500000001,0.08485875000000001,0.005799374999999997,0.03911833333333332,0.05769979166666667,0.10177708333333332,0.7391761244220261,0.2608238755779738,complete
d2_20_a,d2_20,a,p12,0.05,alpha,-0.0009999999999999879,0.0018000000000000294,0.0028000000000000173,0.004600000000000047,-0.003466666666666662,0.00126666666666669,0.0008666666666666878,0.0029333333333333767,0.0011333333333333492,0.004733333333333352,0.003000000000000039,0.0064000000000000445,0.39130434782608936,0.6086956521739106,complete
d2_20_a,d2_20,a,p12,0.1,alpha,-0.0011999999999999732,0.003466666666666703,0.004666666666666677,0.00813333333333338,-0.005799999999999977,0.003133333333333379,0.0016000000000000161,0.005933333333333394,0.0017333333333333385,0.008201666666666666,0.005133333333333371,0.011600000000000058,0.42622950819672334,0.5737704918032767,complete
d2_20_a,d2_20,a,p12,0.2,alpha,-0.0008666666666666563,0.006133333333333352,0.007000000000000008,0.01313333333333336,-0.008133333333333324,0.006068333333333319,0.003200000000000025,0.009733333333333365,0.002398333333333334,0.012866666666666662,0.008466666666666687,0.018735000000000026,0.46700507614213244,0.5329949238578675,complete
d2_20_a,d2_20,a,p12,0.3,alpha,0.0001333333333333316,0.010600000000000014,0.010466666666666681,0.021066666666666692,-0.01093333333333335,0.010466666666666664,0.005998333333333324,0.01600166666666668,0.0037333333333333584,0.018800000000000018,0.014200000000000042,0.02893333333333338,0.5031645569620253,0.4968354430379748,complete
d2_20_a,d2_20,a,p12,0.4,alpha,0.0036666666666666766,0.01553333333333335,0.011866666666666675,0.02740000000000003,-0.010199999999999983,0.01660166666666669,0.009399999999999997,0.022866666666666688,0.003930000000000012,0.021866666666666677,0.01900000000000002,0.03673333333333335,0.5669099756690998,0.4330900243309001,complete
d2_20_a,d2_20,a,p12,0.5,alpha,0.006933333333333344,0.02080000000000002,0.013866666666666673,0.03466666666666669,-0.010401666666666646,0.023268333333333353,0.012666666666666666,0.030135000000000012,0.004065000000000011,0.026199999999999998,0.02400000000000002,0.04633333333333334,0.6000000000000001,0.39999999999999986,complete
d2_20_a,d2_20,a,p12,0.65,alpha,0.014600000000000005,0.032333333333333346,0.017733333333333337,0.050066666666666676,-0.008801666666666685,0.037201666666666675,0.02013166666666668,0.04606833333333334,0.005133333333333341,0.033468333333333336,0.03580000000000001,0.06473333333333332,0.6458055925432757,0.35419440745672437,complete
d2_20_a,d2_20,a,p12,0.8,alpha,0.021466666666666676,0.042266666666666675,0.020800000000000003,0.06306666666666669,-0.008868333333333324,0.04987166666666667,0.02639833333333332,0.06006833333333334,0.005266666666666668,0.04100166666666666,0.04440000000000004,0.08253333333333332,0.6701902748414376,0.3298097251585623,complete
d2_20_a,d2_20,a,p12,integrated_equal_alpha,integrated,0.005466666666666677,0.016616666666666686,0.01115000000000001,0.027766666666666696,-0.00805020833333331,0.018393541666666683,0.010216041666666687,0.02390958333333336,0.0033906250000000086,0.02061729166666668,0.019698750000000036,0.03667083333333337,0.5984393757503002,0.40156062424969985,complete
d2_20_b,d2_20,b,p08,0.05,alpha,0.016333333333333342,0.019200000000000012,0.002866666666666671,0.022066666666666682,0.006398333333333292,0.02806666666666666,0.010333333333333361,0.030000000000000013,0.0010666666666666713,0.005001666666666672,0.013733333333333368,0.032068333333333365,0.8700906344410876,0.1299093655589125,complete
d2_20_b,d2_20,b,p08,0.1,alpha,0.02513333333333335,0.027133333333333353,0.0020000000000000018,0.029133333333333355,0.013731666666666682,0.03806666666666668,0.016733333333333333,0.03920333333333335,0.0002666666666666557,0.004800000000000008,0.019200000000000026,0.04067000000000002,0.931350114416476,0.06864988558352404,complete
d2_20_b,d2_20,b,p08,0.2,alpha,0.025666666666666702,0.02806666666666669,0.002399999999999991,0.030466666666666684,0.014666666666666677,0.03800333333333336,0.018865000000000007,0.03886666666666672,0.00013333333333333345,0.005999999999999983,0.021266666666666666,0.04053333333333336,0.9212253829321666,0.07877461706783337,complete
d2_20_b,d2_20,b,p08,0.3,alpha,0.024800000000000023,0.027333333333333355,0.00253333333333333,0.029866666666666684,0.013665000000000016,0.03727499999999996,0.01806500000000001,0.03833333333333336,0.0,0.0065999999999999965,0.02066499999999998,0.040066666666666695,0.9151785714285716,0.08482142857142842,complete
d2_20_b,d2_20,b,p08,0.4,alpha,0.025000000000000026,0.027600000000000027,0.0026000000000000025,0.03020000000000003,0.014131666666666683,0.03746833333333335,0.018200000000000032,0.03866666666666669,6.666666666667042e-05,0.006401666666666667,0.021133333333333372,0.04040166666666669,0.9139072847682119,0.08609271523178808,complete
d2_20_b,d2_20,b,p08,0.5,alpha,0.024666666666666687,0.027266666666666682,0.002599999999999995,0.029866666666666677,0.013863333333333339,0.037066666666666685,0.017931666666666672,0.038333333333333344,0.00013333333333333345,0.0063999999999999925,0.020931666666666644,0.040068333333333365,0.9129464285714288,0.08705357142857123,complete
d2_20_b,d2_20,b,p08,0.65,alpha,0.02506666666666667,0.02793333333333333,0.002866666666666662,0.030799999999999994,0.013798333333333287,0.03806666666666666,0.01846499999999998,0.03926666666666668,0.00020000000000000017,0.006866666666666665,0.021733333333333292,0.041135,0.906926406926407,0.09307359307359293,complete
d2_20_b,d2_20,b,p08,0.8,alpha,0.024733333333333336,0.027533333333333337,0.0027999999999999987,0.030333333333333334,0.013664999999999993,0.037201666666666695,0.018266666666666657,0.03846833333333335,0.00020000000000000017,0.006799999999999999,0.021531666666666623,0.04046666666666666,0.9076923076923078,0.09230769230769226,complete
d2_20_b,d2_20,b,p08,integrated_equal_alpha,integrated,0.02392500000000002,0.02650833333333335,0.0025833333333333316,0.029091666666666682,0.01323333333333335,0.03616000000000001,0.01728187499999999,0.03724416666666669,0.000424791666666668,0.005926041666666662,0.020257499999999994,0.039160208333333356,0.911200229160699,0.08879977083930095,complete
d2_20_b,d2_20,b,p09,0.05,alpha,-0.0010666666666666524,0.008733333333333355,0.009800000000000008,0.018533333333333363,-0.01020333333333334,0.007666666666666692,0.004133333333333348,0.014133333333333368,0.004598333333333348,0.016466666666666668,0.012800000000000063,0.024933333333333325,0.4712230215827342,0.5287769784172658,complete
d2_20_b,d2_20,b,p09,0.1,alpha,0.019666666666666697,0.02213333333333337,0.0024666666666666743,0.024600000000000045,0.010798333333333332,0.028666666666666712,0.014600000000000042,0.030333333333333382,0.0006666666666666765,0.004868333333333332,0.017800000000000038,0.03227000000000005,0.8997289972899727,0.10027100271002723,complete
d2_20_b,d2_20,b,p09,0.2,alpha,0.06853333333333336,0.07386666666666668,0.005333333333333331,0.0792,0.044000000000000025,0.09446833333333339,0.05259833333333335,0.09720000000000001,0.00033333333333333365,0.011734999999999985,0.059860000000000003,0.10087333333333331,0.9326599326599327,0.06734006734006731,complete
d2_20_b,d2_20,b,p09,0.3,alpha,0.14606666666666668,0.1557333333333334,0.009666666666666664,0.16540000000000005,0.09953166666666667,0.19280166666666668,0.11526666666666668,0.19780333333333333,0.0004666666666666671,0.020266666666666662,0.12873000000000004,0.2037333333333333,0.9415558242644095,0.05844417573559045,complete
d2_20_b,d2_20,b,p09,0.4,alpha,0.24020000000000002,0.24880000000000002,0.0086,0.25739999999999996,0.17459666666666668,0.30367499999999986,0.189065,0.3088683333333334,0.00033333333333333365,0.018,0.20325999999999997,0.3144,0.9665889665889668,0.033411033411033415,complete
d2_20_b,d2_20,b,p09,0.5,alpha,0.3211333333333333,0.3302666666666667,0.009133333333333334,0.33940000000000003,0.2386633333333333,0.40054166666666663,0.2555633333333333,0.40493666666666667,0.00033333333333333365,0.019534999999999986,0.27159166666666673,0.40962499999999985,0.9730897662541741,0.026910233745825966,complete
d2_20_b,d2_20,b,p09,0.65,alpha,0.3872666666666667,0.3924,0.005133333333333329,0.39753333333333335,0.2977333333333334,0.4758816666666666,0.3078,0.47653499999999993,0.0,0.013799999999999995,0.3170666666666666,0.4780983333333331,0.98708703672648,0.012912963273520029,complete
d2_20_b,d2_20,b,p09,0.8,alpha,0.43620000000000003,0.4386666666666667,0.002466666666666665,0.4411333333333334,0.3439983333333334,0.5278233333333332,0.3493333333333334,0.5290683333333334,0.0,0.006999999999999998,0.35392666666666667,0.5293383333333334,0.9944083421490101,0.0055916578509898705,complete
d2_20_b,d2_20,b,p09,integrated_equal_alpha,integrated,0.20225,0.20882500000000004,0.006575000000000001,0.2154,0.15209895833333334,0.2510029166666667,0.16247937500000004,0.2546704166666667,0.0017745833333333333,0.012709583333333324,0.17270500000000003,0.25871083333333333,0.9694753946146705,0.030524605385329622,complete
d2_20_b,d2_20,b,p10,0.05,alpha,0.05133333333333334,0.05533333333333335,0.00400000000000001,0.05933333333333336,0.02866666666666668,0.07446666666666667,0.034993333333333355,0.07720333333333335,0.0005333333333333338,0.008866666666666688,0.039933333333333376,0.08060166666666668,0.9325842696629212,0.06741573033707877,complete
d2_20_b,d2_20,b,p10,0.1,alpha,0.19840000000000005,0.20273333333333338,0.004333333333333334,0.2070666666666667,0.14318500000000006,0.24987166666666666,0.15058833333333335,0.25221000000000005,0.0,0.010933333333333335,0.15746500000000005,0.2546666666666667,0.9790727623953639,0.020927237604636186,complete
d2_20_b,d2_20,b,p10,0.2,alpha,0.39513333333333345,0.39593333333333336,0.0008000000000000007,0.3967333333333334,0.305445,0.47933333333333333,0.30626499999999995,0.47934666666666675,0.0,0.002400000000000002,0.30793,0.47934666666666675,0.9979835321794656,0.0020164678205343654,complete
d2_20_b,d2_20,b,p10,0.3,alpha,0.48059999999999997,0.48059999999999997,0.0,0.48059999999999997,0.3896966666666666,0.5690083333333331,0.3896966666666666,0.5690083333333331,0.0,0.0,0.3896966666666666,0.5690083333333331,1.0,0.0,complete
d2_20_b,d2_20,b,p10,0.4,alpha,0.5254666666666667,0.5254666666666667,0.0,0.5254666666666667,0.43285,0.6148666666666666,0.43285,0.6148666666666666,0.0,0.0,0.43285,0.6148666666666666,1.0,0.0,complete
d2_20_b,d2_20,b,p10,0.5,alpha,0.5451999999999999,0.5451999999999999,0.0,0.5451999999999999,0.4541116666666667,0.6331433333333333,0.4541116666666667,0.6331433333333333,0.0,0.0,0.4541116666666667,0.6331433333333333,1.0,0.0,complete
d2_20_b,d2_20,b,p10,0.65,alpha,0.5691999999999999,0.5691999999999999,0.0,0.5691999999999999,0.4827700000000001,0.6540816666666667,0.4827700000000001,0.6540816666666667,0.0,0.0,0.4827700000000001,0.6540816666666667,1.0,0.0,complete
d2_20_b,d2_20,b,p10,0.8,alpha,0.5878666666666666,0.5878666666666666,0.0,0.5878666666666666,0.5033233333333333,0.6710083333333332,0.5033233333333333,0.6710083333333332,0.0,0.0,0.5033233333333333,0.6710083333333332,1.0,0.0,complete
d2_20_b,d2_20,b,p10,integrated_equal_alpha,integrated,0.41914999999999997,0.4202916666666666,0.0011416666666666682,0.4214333333333334,0.34470708333333333,0.4882841666666667,0.346805,0.4885666666666666,6.666666666666672e-05,0.0026750000000000025,0.348705,0.48910916666666665,0.9972909910622476,0.002709008937752119,complete
d2_20_b,d2_20,b,p11,0.05,alpha,-0.015999999999999986,0.0015333333333333254,0.01753333333333331,0.019066666666666635,-0.023734999999999975,-0.00946499999999997,6.666666666666302e-05,0.0035349999999999882,0.011800000000000007,0.024733333333333295,0.01353333333333333,0.025934999999999986,0.08041958041958014,0.9195804195804199,complete
d2_20_b,d2_20,b,p11,0.1,alpha,-0.025399999999999992,0.00233333333333333,0.02773333333333332,0.03006666666666665,-0.03613333333333332,-0.015466666666666684,0.0006666666666666636,0.004199999999999991,0.019133333333333336,0.03760333333333326,0.022128333333333326,0.039201666666666635,0.07760532150776046,0.9223946784922396,complete
d2_20_b,d2_20,b,p11,0.2,alpha,-0.028,0.0013333333333333326,0.029333333333333333,0.030666666666666665,-0.037535000000000006,-0.019264999999999997,0.0,0.0031333333333333304,0.021196666666666673,0.038266666666666636,0.022800000000000008,0.039066666666666666,0.043478260869565195,0.9565217391304348,complete
d2_20_b,d2_20,b,p11,0.3,alpha,-0.01733333333333333,0.0019333333333333314,0.01926666666666666,0.021199999999999993,-0.026401666666666684,-0.009800000000000005,0.0006666666666666598,0.003533333333333352,0.012729999999999997,0.027268333333333315,0.014864999999999986,0.028733333333333316,0.09119496855345906,0.9088050314465409,complete
d2_20_b,d2_20,b,p11,0.4,alpha,-0.01319999999999997,0.0026000000000000042,0.015799999999999974,0.01839999999999998,-0.020001666666666647,-0.00659999999999997,0.0008666666666666712,0.004533333333333343,0.01046666666666664,0.021599999999999987,0.013799999999999975,0.02339999999999999,0.14130434782608733,0.8586956521739126,complete
d2_20_b,d2_20,b,p11,0.5,alpha,-0.02680000000000001,0.0026000000000000042,0.02940000000000002,0.03200000000000002,-0.03799999999999999,-0.017000000000000022,0.00033333333333333733,0.005333333333333337,0.0208666666666667,0.03919999999999999,0.024131666666666697,0.041001666666666665,0.08125000000000007,0.91875,complete
d2_20_b,d2_20,b,p11,0.65,alpha,-0.015866666666666647,0.0025333333333333336,0.01839999999999998,0.020933333333333314,-0.025468333333333308,-0.007133333333333355,0.0006000000000000004,0.00546666666666667,0.011066666666666659,0.02699999999999998,0.013798333333333307,0.028999999999999974,0.1210191082802549,0.878980891719745,complete
d2_20_b,d2_20,b,p11,0.8,alpha,-0.01973333333333334,0.0022,0.02193333333333334,0.02413333333333334,-0.027801666666666648,-0.012000000000000042,0.0002666666666666669,0.005199999999999999,0.015600000000000022,0.028668333333333323,0.01800000000000002,0.030466666666666663,0.09116022099447511,0.9088397790055248,complete
d2_20_b,d2_20,b,p11,integrated_equal_alpha,integrated,-0.02029166666666666,0.0021333333333333326,0.02242499999999999,0.024558333333333328,-0.028050208333333295,-0.013082916666666677,0.0006666666666666677,0.004041666666666665,0.016257291666666666,0.029209374999999982,0.018982500000000013,0.030917916666666632,0.08686800135731251,0.9131319986426872,complete
d2_20_b,d2_20,b,p12,0.05,alpha,-0.004799999999999985,0.002000000000000011,0.006799999999999996,0.008800000000000007,-0.00886666666666665,-0.0008666666666666453,0.000600000000000008,0.0037999999999999996,0.003733333333333332,0.010133333333333336,0.005866666666666667,0.012200000000000008,0.22727272727272832,0.7727272727272716,complete
d2_20_b,d2_20,b,p12,0.1,alpha,-0.0069333333333333365,0.0027333333333333415,0.00966666666666668,0.012400000000000019,-0.013200000000000016,-0.0011333333333333354,0.000666666666666671,0.005400000000000011,0.005066666666666667,0.014933333333333347,0.007666666666666693,0.017466666666666686,0.22043010752688205,0.7795698924731181,complete
d2_20_b,d2_20,b,p12,0.2,alpha,-0.010333333333333332,0.002999999999999997,0.013333333333333327,0.016333333333333325,-0.0166,-0.0037983333333333597,0.0008000000000000081,0.005533333333333336,0.008333333333333344,0.01839999999999999,0.012,0.020733333333333295,0.18367346938775503,0.8163265306122449,complete
d2_20_b,d2_20,b,p12,0.3,alpha,-0.011800000000000003,0.003333333333333327,0.015133333333333329,0.018466666666666656,-0.01926833333333335,-0.004398333333333326,0.0006666666666666617,0.006666666666666659,0.00973333333333334,0.021266666666666625,0.013333333333333341,0.02393333333333332,0.18050541516245464,0.8194945848375453,complete
d2_20_b,d2_20,b,p12,0.4,alpha,-0.011399999999999992,0.0037333333333333402,0.015133333333333332,0.018866666666666674,-0.019466666666666663,-0.003466666666666666,0.0010666666666666676,0.007001666666666671,0.00920000000000001,0.021935,0.01346666666666668,0.02493499999999999,0.1978798586572441,0.8021201413427558,complete
d2_20_b,d2_20,b,p12,0.5,alpha,-0.012,0.0022000000000000036,0.0142,0.01640000000000001,-0.017999999999999995,-0.0058000000000000135,0.00033166666666667097,0.004733333333333328,0.00933333333333333,0.01939999999999998,0.011866666666666683,0.021333333333333322,0.13414634146341478,0.865853658536585,complete
d2_20_b,d2_20,b,p12,0.65,alpha,-0.013199999999999993,0.004533333333333332,0.017733333333333323,0.022266666666666657,-0.022599999999999967,-0.004193333333333344,0.001333333333333331,0.008334999999999995,0.011064999999999997,0.02540166666666665,0.016131666666666683,0.029334999999999972,0.2035928143712575,0.7964071856287425,complete
d2_20_b,d2_20,b,p12,0.8,alpha,-0.014933333333333328,0.006466666666666663,0.02139999999999999,0.027866666666666654,-0.026599999999999978,-0.003198333333333345,0.001798333333333334,0.012134999999999983,0.013266666666666673,0.030533333333333322,0.020199999999999992,0.03646833333333334,0.23205741626794257,0.7679425837320574,complete
d2_20_b,d2_20,b,p12,integrated_equal_alpha,integrated,-0.010674999999999995,0.0035000000000000022,0.014174999999999997,0.017674999999999996,-0.017100624999999973,-0.004198958333333336,0.0012247916666666685,0.00619166666666666,0.009391666666666685,0.019466874999999988,0.01354083333333333,0.02242541666666666,0.1980198019801982,0.8019801980198019,complete
d4_a,d4,a,p08,0.05,alpha,0.1769409845857644,0.1769409845857644,0.0,0.1769409845857644,0.16203943467554133,0.19239814551375548,0.16203943467554133,0.19239814551375548,0.0,0.0,0.16203943467554133,0.19239814551375548,1.0,0.0,complete
d4_a,d4,a,p08,0.1,alpha,0.7081164255272571,0.7081164255272571,0.0,0.7081164255272571,0.6481614868756079,0.7704046644232291,0.6481614868756079,0.7704046644232291,0.0,0.0,0.6481614868756079,0.7704046644232291,1.0,0.0,complete
d4_a,d4,a,p08,0.2,alpha,2.833170671821246,2.833170671821246,0.0,2.833170671821246,2.5957889345295415,3.082715197284981,2.5957889345295415,3.082715197284981,0.0,0.0,2.5957889345295415,3.082715197284981,1.0,0.0,complete
d4_a,d4,a,p08,0.3,alpha,6.375162729483839,6.375162729483839,0.0,6.375162729483839,5.841866735335025,6.938790982355739,5.841866735335025,6.938790982355739,0.0,0.0,5.841866735335025,6.938790982355739,1.0,0.0,complete
d4_a,d4,a,p08,0.4,alpha,11.334092605434027,11.334092605434027,0.0,11.334092605434027,10.38425331125427,12.33947991925749,10.38425331125427,12.33947991925749,0.0,0.0,10.38425331125427,12.33947991925749,1.0,0.0,complete
d4_a,d4,a,p08,0.5,alpha,17.709960311050192,17.709960311050192,0.0,17.709960311050192,16.225210022574082,19.281840843379317,16.225210022574082,19.281840843379317,0.0,0.0,16.225210022574082,19.281840843379317,1.0,0.0,complete
d4_a,d4,a,p08,0.65,alpha,29.93052025671572,29.93052025671572,0.0,29.93052025671572,27.41880262157594,32.588500388513694,27.41880262157594,32.588500388513694,0.0,0.0,27.41880262157594,32.588500388513694,1.0,0.0,complete
d4_a,d4,a,p08,0.8,alpha,45.33919029040663,45.33919029040663,0.0,45.33919029040663,41.53210122581045,49.36690178657427,41.53210122581045,49.36690178657427,0.0,0.0,41.53210122581045,49.36690178657427,1.0,0.0,complete
d4_a,d4,a,p08,integrated_equal_alpha,integrated,14.300894284378083,14.300894284378083,0.0,14.300894284378083,13.101591366990899,15.57040926204691,13.101591366990899,15.57040926204691,0.0,0.0,13.101591366990899,15.57040926204691,1.0,0.0,complete
d4_a,d4,a,p09,0.05,alpha,0.03540252611634788,0.03540252611634788,0.0,0.03540252611634788,0.03427145982880996,0.03666590590461901,0.03427145982880996,0.03666590590461901,0.0,0.0,0.03427145982880996,0.03666590590461901,1.0,0.0,complete
d4_a,d4,a,p09,0.1,alpha,0.14166104194923276,0.14166104194923276,0.0,0.14166104194923276,0.13813801100966552,0.14534143794673907,0.13813801100966552,0.14534143794673907,0.0,0.0,0.13813801100966552,0.14534143794673907,1.0,0.0,complete
d4_a,d4,a,p09,0.2,alpha,0.5667460445518681,0.5667460445518681,0.0,0.5667460445518681,0.5539885139631998,0.5795512812800669,0.5539885139631998,0.5795512812800669,0.0,0.0,0.5539885139631998,0.5795512812800669,1.0,0.0,complete
d4_a,d4,a,p09,0.3,alpha,1.2752550058115806,1.2752550058115806,0.0,1.2752550058115806,1.247431652459518,1.303227369945791,1.247431652459518,1.303227369945791,0.0,0.0,1.247431652459518,1.303227369945791,1.0,0.0,complete
d4_a,d4,a,p09,0.4,alpha,2.2671879253668794,2.2671879253668794,0.0,2.2671879253668794,2.2177757106661424,2.3167942332940332,2.2177757106661424,2.3167942332940332,0.0,0.0,2.2177757106661424,2.3167942332940332,1.0,0.0,complete
d4_a,d4,a,p09,0.5,alpha,3.5425447952126805,3.5425447952126805,0.0,3.5425447952126805,3.465412022665471,3.618919208673674,3.465412022665471,3.618919208673674,0.0,0.0,3.465412022665471,3.618919208673674,1.0,0.0,complete
d4_a,d4,a,p09,0.65,alpha,5.98700004150179,5.98700004150179,0.0,5.98700004150179,5.8567688978196415,6.116295960702191,5.8567688978196415,6.116295960702191,0.0,0.0,5.8567688978196415,6.116295960702191,1.0,0.0,complete
d4_a,d4,a,p09,0.8,alpha,9.06915919033089,9.06915919033089,0.0,9.06915919033089,8.872533744026493,9.264544184566361,8.872533744026493,9.264544184566361,0.0,0.0,8.872533744026493,9.264544184566361,1.0,0.0,complete
d4_a,d4,a,p09,integrated_equal_alpha,integrated,2.8606195713551585,2.8606195713551585,0.0,2.8606195713551585,2.7985631581690464,2.922352150148123,2.7985631581690464,2.922352150148123,0.0,0.0,2.7985631581690464,2.922352150148123,1.0,0.0,complete
d4_a,d4,a,p10,0.05,alpha,0.2480803198087055,0.2480803198087055,0.0,0.2480803198087055,0.23640439900142746,0.25980871283946416,0.23640439900142746,0.25980871283946416,0.0,0.0,0.23640439900142746,0.25980871283946416,1.0,0.0,complete
d4_a,d4,a,p10,0.1,alpha,0.9900150435349266,0.9900150435349266,0.0,0.9900150435349266,0.9435318258852006,1.0370160894834863,0.9435318258852006,1.0370160894834863,0.0,0.0,0.9435318258852006,1.0370160894834863,1.0,0.0,complete
d4_a,d4,a,p10,0.2,alpha,3.9554477170748883,3.9554477170748883,0.0,3.9554477170748883,3.7683080571457523,4.144950995011384,3.7683080571457523,4.144950995011384,0.0,0.0,3.7683080571457523,4.144950995011384,1.0,0.0,complete
d4_a,d4,a,p10,0.3,alpha,8.896297998461218,8.896297998461218,0.0,8.896297998461218,8.473292949875555,9.32399004614481,8.473292949875555,9.32399004614481,0.0,0.0,8.473292949875555,9.32399004614481,1.0,0.0,complete
d4_a,d4,a,p10,0.4,alpha,15.81256591235033,15.81256591235033,0.0,15.81256591235033,15.058234340535599,16.574525724255988,15.058234340535599,16.574525724255988,0.0,0.0,15.058234340535599,16.574525724255988,1.0,0.0,complete
d4_a,d4,a,p10,0.5,alpha,24.704251466146435,24.704251466146435,0.0,24.704251466146435,23.521768525445022,25.89628154784813,23.521768525445022,25.89628154784813,0.0,0.0,23.521768525445022,25.89628154784813,1.0,0.0,complete
d4_a,d4,a,p10,0.65,alpha,41.74568783448971,41.74568783448971,0.0,41.74568783448971,39.742001513748185,43.76242375194997,39.742001513748185,43.76242375194997,0.0,0.0,39.742001513748185,43.76242375194997,1.0,0.0,complete
d4_a,d4,a,p10,0.8,alpha,63.23181377080258,63.23181377080258,0.0,63.23181377080258,60.19222740464858,66.28598094513931,60.19222740464858,66.28598094513931,0.0,0.0,60.19222740464858,66.28598094513931,1.0,0.0,complete
d4_a,d4,a,p10,integrated_equal_alpha,integrated,19.9480200078336,19.9480200078336,0.0,19.9480200078336,18.99228186540965,20.910909405596826,18.99228186540965,20.910909405596826,0.0,0.0,18.99228186540965,20.910909405596826,1.0,0.0,complete
d4_a,d4,a,p11,0.05,alpha,-0.0007250303061973436,1.556449664724141e-05,0.000740594802844585,0.0007561592994918265,-0.0009881171900869355,-0.0005326860145267874,7.526347299860399e-06,2.576560570899701e-05,0.0005484470304091798,0.0010035003909298337,0.0005640773708860952,0.001017355228515229,0.02058362127887796,0.979416378721122,complete
d4_a,d4,a,p11,0.1,alpha,-0.0010627633815558637,6.282170891224583e-05,0.0011255850904681097,0.0011884067993803552,-0.001397377281507945,-0.0007826340516216293,3.699230414690086e-05,9.474586870404438e-05,0.000852268903777537,0.0014558066154223945,0.0009164738286166767,0.0015154793391374227,0.0528621251115372,0.947137874888463,complete
d4_a,d4,a,p11,0.2,alpha,-0.0006050541944983319,0.0006140156721432898,0.0012190698666416217,0.0018330855387849114,-0.0011895481616653737,6.0722146072341044e-05,0.0003051442858108106,0.0011241731912119322,0.0008423711797019117,0.001664346770729293,0.0012966799658076472,0.002514922288614902,0.33496291316023336,0.6650370868397667,complete
d4_a,d4,a,p11,0.3,alpha,-0.0003582381971939306,0.0010067020439764266,0.0013649402411703572,0.0023716422851467835,-0.0010132680506027764,0.0002402155930121943,0.0008096079467031474,0.0012260666437879256,0.0008634243213066742,0.001955562230046458,0.0018626518582643414,0.002967110161348111,0.4244746563515251,0.575525343648475,complete
d4_a,d4,a,p11,0.4,alpha,0.00040784083508389724,0.0019034934773103187,0.0014956526422264212,0.00339914611953674,-0.0005060410784109653,0.0012300971579192231,0.0015989509135019048,0.0022346099383050502,0.0007767672687603339,0.0023135225663941127,0.002707129910900018,0.004216579992723563,0.5599916597788801,0.44000834022111984,complete
d4_a,d4,a,p11,0.5,alpha,0.0017078075252860057,0.0029933939574641427,0.0012855864321781373,0.00427898038964228,0.0007549124585717323,0.0026101763046523195,0.002570032007483938,0.0034446579396772686,0.0006366750615918198,0.0020668314843400202,0.0035879261960114193,0.005135963878628051,0.6995577649081931,0.30044223509180684,complete
d4_a,d4,a,p11,0.65,alpha,0.004327172974906523,0.005511099874900836,0.001183926899994312,0.006695026774895149,0.003024334896871134,0.005669620141196624,0.004669023700389631,0.006564601576048698,0.0004959964065451572,0.0020616746014992288,0.005640131202173559,0.007980503921879588,0.8231632314849324,0.17683676851506744,complete
d4_a,d4,a,p11,0.8,alpha,0.007060635782224924,0.00804867113854532,0.0009880353563203959,0.009036706494865716,0.005622744225300661,0.00847297915687329,0.0070912678824787126,0.009099317150038361,0.0003327055910719072,0.001927191029678244,0.007934239603898973,0.010284251646991772,0.8906642196599217,0.1093357803400782,complete
d4_a,d4,a,p11,integrated_equal_alpha,integrated,0.0013440463797569852,0.0025194702962374775,0.0011754239164804925,0.0036948942127179706,0.0006565665821322415,0.0020122960436891133,0.00218893219737108,0.002902892029122885,0.000705024887083422,0.0017448861680512129,0.0031540616677510386,0.004340183770745112,0.6818788715426174,0.31812112845738244,complete
d4_a,d4,a,p12,0.05,alpha,-0.0004892504599782877,6.770523709952546e-06,0.0004960209836882402,0.0005027915073981928,-0.0007142245595082056,-0.00032417388488559067,1.0033127598381463e-06,1.5550424141880084e-05,0.0003323844247790655,0.0007200899445048274,0.0003410515678349883,0.0007261635168594197,0.013465867283614506,0.9865341327163853,complete
d4_a,d4,a,p12,0.1,alpha,-0.0007725791531681218,2.042153968971085e-05,0.0007930006928578326,0.0008134222325475435,-0.0010659881215206509,-0.0005333959464115743,5.392181328819962e-06,4.105596982598928e-05,0.0005577488243031639,0.0010861274908834876,0.0005785223549469227,0.0011044502483731453,0.02510570632640931,0.9748942936735907,complete
d4_a,d4,a,p12,0.2,alpha,-0.000740913859307862,0.00019384568410681983,0.0009347595434146818,0.0011286052275215018,-0.0011277530560888415,-0.0003738303423305104,4.7919531231877694e-05,0.00043641934659327536,0.0006648642091503929,0.001274400518530667,0.0007968743267324276,0.0015434302010370385,0.1717568547263589,0.828243145273641,complete
d4_a,d4,a,p12,0.3,alpha,-0.0007336592394861695,0.00036869562840331646,0.001102354867889486,0.0014710504962928024,-0.001299670424073286,-7.537174925569798e-05,7.605389378037451e-05,0.0008781364784037251,0.0007517648107559325,0.0015501625216238365,0.0009459409664608038,0.002168725249613372,0.25063424357795133,0.7493657564220487,complete
d4_a,d4,a,p12,0.4,alpha,-0.0011450074574521588,0.00019978721752703194,0.0013447946749791907,0.0015445818925062225,-0.001842425634266138,-0.0006148432990896015,0.00010997529138721178,0.00032162874911640803,0.0008331221220927883,0.002004326763146177,0.0010228659441450258,0.002195845637678864,0.12934711878750518,0.8706528812124948,complete
d4_a,d4,a,p12,0.5,alpha,-0.001139453436575788,0.00021363771368149547,0.0013530911502572837,0.0015667288639387791,-0.0017285689899886201,-0.0006443254270757487,0.000127112256630029,0.0003319764894704935,0.0008806231748122988,0.0019236379639896428,0.0010980556000195416,0.002127839124222676,0.13635908458621687,0.8636409154137832,complete
d4_a,d4,a,p12,0.65,alpha,-0.0012453940266719348,0.0002265444635572737,0.0014719384902292082,0.001698482953786482,-0.001923624133742108,-0.0006936194364547701,0.00014333790356103673,0.00031917094541081904,0.0009400268658284935,0.002113975084063314,0.0011587016881213987,0.0023406547462519766,0.13338047523658153,0.8666195247634185,complete
d4_a,d4,a,p12,0.8,alpha,-0.00025062877258555616,0.0011445855817756756,0.0013952143543612316,0.0025397999361369077,-0.0015912194423204626,0.0018199190084744596,0.00020165334379920453,0.002920703939872072,0.0008886896261943632,0.0020137034416099504,0.0012545388816665465,0.004538096397388468,0.45065974114347596,0.5493402588565238,complete
d4_a,d4,a,p12,integrated_equal_alpha,integrated,-0.000814610800653235,0.00029678604405640956,0.0011113968447096444,0.001408182888766054,-0.0012560100297530313,-0.00043849152059173736,0.00010606544375541168,0.0006254341777777526,0.0007706337855826988,0.001543918673761391,0.000921756690428308,0.0020213915464315766,0.2107581667296595,0.7892418332703405,complete
d4_b,d4,b,p08,0.05,alpha,-0.0031945015262974516,0.0003055699569597261,0.0035000714832571778,0.003805641440216903,-0.004703079106725609,-0.0019495456007293244,7.415868086021588e-05,0.000605669433532013,0.0023113997748110795,0.004987128040860466,0.002588506310040893,0.005280296514213961,0.080293943021156,0.9197060569788442,complete
d4_b,d4,b,p08,0.1,alpha,-0.00416962773410034,0.00022663827029305962,0.004396266004393399,0.004622904274686459,-0.005869095849174548,-0.002729405365176348,4.727579999261743e-05,0.0005104749335485264,0.0029858811977542823,0.006121237178318603,0.0031791771213282053,0.006328467636817603,0.04902508397893032,0.9509749160210696,complete
d4_b,d4,b,p08,0.2,alpha,-0.004073869908514714,0.0004412064584924761,0.004515076367007191,0.004956282825499666,-0.0059339820689654965,-0.002385370417807095,4.2497365088532577e-05,0.001202839406938617,0.002986594468135273,0.00636141460270479,0.003266881105086614,0.00698986290804604,0.08901962902974489,0.9109803709702553,complete
d4_b,d4,b,p08,0.3,alpha,-0.003756998603727037,0.0005232513930255067,0.004280249996752543,0.00480350138977805,-0.005579375772131954,-0.0020980988121135583,4.18840208157397e-05,0.001444402280496481,0.002879550634086362,0.005957892795682272,0.0031705126428289375,0.006761042381305595,0.10893124630691198,0.891068753693088,complete
d4_b,d4,b,p08,0.4,alpha,-0.003687691693914541,0.0005566650050376566,0.004244356698952197,0.004801021703989853,-0.005537540705103668,-0.001978062984862202,4.4168513476499e-05,0.001538913036652245,0.0028490605134246986,0.005925423921478661,0.003149185621806171,0.006800767274185522,0.11594719610932905,0.884052803890671,complete
d4_b,d4,b,p08,0.5,alpha,-0.0033584213549094372,0.0005680388094177691,0.003926460164327207,0.004494498973744976,-0.005166401678864577,-0.0016237110395773003,4.9141552708362594e-05,0.0015696657329266886,0.0025615409583554984,0.005582659528718654,0.0028829926168028185,0.0064822603761847735,0.12638534633916249,0.8736146536608376,complete
d4_b,d4,b,p08,0.65,alpha,-0.0033377139843125117,0.0005713056011443027,0.003909019585456814,0.004480325186601116,-0.005146014186620277,-0.001616889417007132,5.477819447481332e-05,0.0015635927253855031,0.0025495261167162754,0.005558954137098271,0.002865862585060934,0.006442211133777442,0.12751431589225984,0.8724856841077403,complete
d4_b,d4,b,p08,0.8,alpha,-0.0033338842154886305,0.0005690213895387836,0.0039029056050274144,0.004471926994566198,-0.005137708802974835,-0.001622865278273018,5.855885563473744e-05,0.0015452506291000446,0.0025394622369258216,0.005548758431802742,0.002855943128338832,0.006425144152057226,0.1272429961916187,0.8727570038083813,complete
d4_b,d4,b,p08,integrated_equal_alpha,integrated,-0.0036140886276580823,0.00047021211048866007,0.004084300738146743,0.004554512848635403,-0.005331626774497194,-0.002088395443854023,7.636061450787054e-05,0.0012054877046211096,0.002727600781555837,0.005714136433698561,0.0030079229767224092,0.00637666889223707,0.10324092303956114,0.8967590769604389,complete
d4_b,d4,b,p09,0.05,alpha,0.007503655522342697,0.010534348956367614,0.003030693434024917,0.013565042390392528,0.00384876266017936,0.010192000341994658,0.009844660701072996,0.011251317567726054,0.0006399633156147765,0.0065462767810569355,0.011269981112499999,0.016993288797301408,0.7765806145824203,0.22341938541757983,complete
d4_b,d4,b,p09,0.1,alpha,0.02530657913070821,0.029745918202099455,0.004439339071391245,0.034185257273490706,0.019362707410225815,0.03012699816660182,0.027828748211883386,0.03185324059077254,0.0005074519993580529,0.009875732212100932,0.030099404349008714,0.03946243764828175,0.8701387842169677,0.1298612157830321,complete
d4_b,d4,b,p09,0.2,alpha,0.06011668883895233,0.0646643276723747,0.004547638833422383,0.0692119665057971,0.052349915347634474,0.0668449529068355,0.06084657106387623,0.06895157202027204,0.00040668494693217176,0.010404088104011637,0.06387332283201153,0.07526513587730528,0.9342940381120151,0.06570596188798478,complete
d4_b,d4,b,p09,0.3,alpha,0.08286299982730767,0.0871700621228066,0.004307062295498922,0.09147712441830552,0.0744209218223833,0.09052552099464962,0.0820710462911284,0.09266090663232249,0.0003362167932003266,0.009941978953834528,0.08525375520365822,0.09796170573423207,0.9529165097516223,0.0470834902483777,complete
d4_b,d4,b,p09,0.4,alpha,0.09326182229392017,0.09769016255472221,0.0044283402608020364,0.10211850281552426,0.08382044144197333,0.10234337862166357,0.09087698266326423,0.10475428704807303,0.00039490127197434796,0.010085594556569764,0.09465751926448732,0.10987377750634768,0.9566352802018475,0.043364719798152304,complete
d4_b,d4,b,p09,0.5,alpha,0.09926031011596924,0.1035612932407361,0.004300983124766856,0.10786227636550295,0.08954346834393716,0.10833928637298822,0.09671190978875162,0.1105911903245912,0.0003641015542957486,0.009860183811202291,0.10031977673713381,0.1155473498155291,0.9601252331242064,0.03987476687579364,complete
d4_b,d4,b,p09,0.65,alpha,0.10620660316882029,0.11034727025835694,0.0041406670895366504,0.11448793734789359,0.0964101723158475,0.11550635685360819,0.10332551569673647,0.11761472301452441,0.0003159539594617062,0.009568578066673576,0.10703213931647047,0.12221054945182862,0.9638331584492222,0.03616684155077786,complete
d4_b,d4,b,p09,0.8,alpha,0.1116566620865737,0.11565926474529867,0.004002602658724962,0.11966186740402361,0.10179139906114607,0.12089976454637516,0.10855619863809425,0.12297576362627186,0.0002652034229982122,0.009368275962038281,0.11214143330258797,0.12735419509208792,0.9665507254269178,0.033449274573082374,complete
d4_b,d4,b,p09,integrated_equal_alpha,integrated,0.0732719151230743,0.07742158096909528,0.004149665846020997,0.08157124681511628,0.06557564428378031,0.0804252409538971,0.07264667832732274,0.08241579368489314,0.0004257147670105609,0.009419191369351172,0.07598523936394012,0.0875062937458721,0.9491283263644805,0.0508716736355194,complete
d4_b,d4,b,p10,0.05,alpha,0.013332379514469694,0.01576840689560586,0.002436027381136164,0.018204434276742024,0.008503885482743233,0.017823867260373442,0.013586725359418407,0.019336680021188796,0.00018370932597937953,0.006112438579011452,0.014644002311160484,0.02302447970472059,0.866184944607236,0.13381505539276392,complete
d4_b,d4,b,p10,0.1,alpha,0.028551747326727515,0.03135175933650804,0.00280001200978052,0.03415177134628856,0.023071998134205587,0.0324925743158029,0.029505701471206854,0.033492090462287086,0.00014176162100186109,0.007331639171411154,0.030907904053556843,0.03886551391343156,0.9180126857436104,0.08198731425638954,complete
d4_b,d4,b,p10,0.2,alpha,0.058822133501825954,0.06147036504620239,0.002648231544376429,0.06411859659057881,0.051790123213834485,0.06479615346001971,0.05713014194948244,0.06593463345998914,0.00022159077453268796,0.007116155869667858,0.05893029355221346,0.07001853247877562,0.9586979178398684,0.041302082160131745,complete
d4_b,d4,b,p10,0.3,alpha,0.07740298729113708,0.08078140625282583,0.0033784189616887414,0.08415982521451457,0.06967898777283181,0.08457619525432805,0.07543352863496738,0.08636483475797249,0.00025190716031821237,0.007981352362882561,0.07826471096154924,0.09031371504788162,0.9598571057737169,0.04014289422628322,complete
d4_b,d4,b,p10,0.4,alpha,0.08598135817476356,0.08976846478024451,0.0037871066054809433,0.09355557138572546,0.07725141713000355,0.09435834279046562,0.0835619533759566,0.09622104767812675,0.00030306047508313615,0.008744260979352372,0.08687738640835321,0.1005726624925423,0.9595202450331165,0.0404797549668835,complete
d4_b,d4,b,p10,0.5,alpha,0.09105578072975035,0.09508483715405704,0.00402905642430667,0.0991138935783637,0.08201873758490577,0.09975024046584575,0.08842559683114817,0.10182635875115581,0.0002895102810749721,0.009209759187421786,0.09210607218226993,0.10638941575782247,0.9593492266437791,0.04065077335622099,complete
d4_b,d4,b,p10,0.65,alpha,0.09695974017810197,0.1011254551782942,0.004165715000192226,0.10529117017848642,0.087523402282146,0.10598989233138305,0.09424475142511175,0.108111644342114,0.0002990410302492066,0.009606070875875752,0.0979066362446002,0.1126842453668203,0.9604362360762956,0.03956376392370444,complete
d4_b,d4,b,p10,0.8,alpha,0.10032526046432995,0.10449593111874743,0.004170670654417467,0.10866660177316488,0.09065612003018662,0.10943022892627945,0.09744783903271405,0.11167217260879182,0.0003015385122219365,0.009586527696646877,0.10115011344484515,0.11642896303192518,0.9616195722847442,0.03838042771525602,complete
d4_b,d4,b,p10,integrated_equal_alpha,integrated,0.06905392339763826,0.07248082822031066,0.003426904822672395,0.07590773304298305,0.06216086444856887,0.07523009238711534,0.06803727971172761,0.07700612134562711,0.0003385970502372813,0.00802411968958757,0.07058060344635231,0.08145762985763366,0.9548543384804826,0.04514566151951734,complete
d4_b,d4,b,p11,0.05,alpha,-0.0003744729808946824,0.0003563174964156457,0.0007307904773103282,0.0010871079737259741,-0.0012917937303430324,0.00026479482710504385,0.00017954959061461913,0.0006045927965070042,0.00018578056164654603,0.0016145346228024044,0.00046836189141113066,0.002023465063571736,0.3277664270959181,0.6722335729040818,complete
d4_b,d4,b,p11,0.1,alpha,-0.0006726385493682387,0.0007534213727073522,0.0014260599220755907,0.0021794812947829433,-0.0019531096872080142,0.00041436294712716954,0.00039137679107858564,0.0012625534421723701,0.00047496770553516894,0.0026646168508998643,0.001113183716251982,0.00344629516013812,0.34568838673258084,0.6543116132674189,complete
d4_b,d4,b,p11,0.2,alpha,-0.0003499049767719038,0.0007535493990102565,0.0011034543757821604,0.001857003774792417,-0.001465119186446955,0.0005814127468824886,0.0003283798651297593,0.001343775405920036,0.0004277727882645144,0.002085684180304223,0.000991143602110001,0.002964519381887594,0.4057877583444822,0.5942122416555178,complete
d4_b,d4,b,p11,0.3,alpha,-0.0007537741532210372,0.0007074111119001279,0.001461185265121165,0.002168596377021293,-0.001920110748405253,0.0002766381154443481,0.0003068727181458987,0.0013216306713734465,0.0006418396215408728,0.00253003496958738,0.0011885921046052305,0.003309220037265826,0.3262069047960887,0.6737930952039112,complete
d4_b,d4,b,p11,0.4,alpha,-0.0006930289981228246,0.00047994226892501574,0.0011729712670478403,0.0016529135359728562,-0.0016830108443509025,8.824518492156656e-05,0.0001950123717895735,0.0009052677156836954,0.0005575811512492398,0.0020924470183292364,0.0009272140517160047,0.0026323214629222747,0.29036138822744645,0.7096386117725535,complete
d4_b,d4,b,p11,0.5,alpha,-0.00015696437218558663,0.0006702789227869286,0.0008272432949725152,0.001497522217759444,-0.001171157299221979,0.0006181783966661865,0.000315901053856302,0.0011256161775126865,0.0003079000735615293,0.0016932373523967318,0.0007812818441185512,0.002435483000815005,0.4475919721510266,0.5524080278489734,complete
d4_b,d4,b,p11,0.65,alpha,-0.000474403576421562,0.0008029935192550841,0.0012773970956766463,0.00208039061493173,-0.0016788439878976894,0.0006142187340207487,0.0003406283104558413,0.0014682816238142209,0.000437918436773417,0.0023715325104029447,0.001069119142203821,0.0033000157684343165,0.3859820908110735,0.6140179091889266,complete
d4_b,d4,b,p11,0.8,alpha,-0.0005971623536677984,0.00041282226673642296,0.0010099846204042215,0.0014228068871406443,-0.0015433228853226715,9.715271063673732e-05,0.0002189636711109617,0.0006652898603660524,0.00038275125146116485,0.0019380342315432613,0.0007357970611088977,0.0024286243752911062,0.290146379292593,0.7098536207074071,complete
d4_b,d4,b,p11,integrated_equal_alpha,integrated,-0.0005090437450817042,0.0006170920447171042,0.0011261357897988087,0.0017432278345159127,-0.0015329241252032336,0.00030461966642849264,0.0003185406571194537,0.0010354562745113365,0.00044469285816532803,0.0020996055991015523,0.0009553489592664644,0.002783740463937358,0.35399391433447835,0.6460060856655218,complete
d4_b,d4,b,p12,0.05,alpha,-6.235670786190585e-05,0.0002320469547770636,0.0002944036626389695,0.0005264506174160332,-0.00035977716006618663,0.00020385392324292304,0.00011159061733087223,0.00039701485102268456,0.00010164595684642091,0.0005575636051115334,0.000288150594927828,0.0008268848414657014,0.44077629904969046,0.5592237009503095,complete
d4_b,d4,b,p12,0.1,alpha,-0.0007981533424305844,0.00046921484749330695,0.0012673681899238913,0.0017365830374171983,-0.001940685962688676,0.00010206295468975871,0.0002514604968485561,0.0007636699382762431,0.0004303271881711743,0.002363852763187256,0.0008488972202533547,0.002837557528950871,0.27019430535908334,0.7298056946409166,complete
d4_b,d4,b,p12,0.2,alpha,-0.0006406231556047206,0.0006777270727125505,0.0013183502283172712,0.001996077301029821,-0.0018738349466693434,0.0005097627278549014,0.00027023269479399076,0.0013937686828176092,0.00046822796353055866,0.002463234139796061,0.000957923398714081,0.003275852493891651,0.33952947231196706,0.6604705276880333,complete
d4_b,d4,b,p12,0.3,alpha,-0.00029860225166415227,0.0005649824258224962,0.0008635846774866485,0.0014285671033091446,-0.0012702445841132164,0.000458242549947389,0.00026725247300881224,0.0009731255683987982,0.0002973914482239126,0.0017517592991270997,0.000720503919125426,0.002387651966618853,0.3954888954909897,0.6045111045090104,complete
d4_b,d4,b,p12,0.4,alpha,-0.000858014036498723,0.0005784159470779622,0.0014364299835766853,0.0020148459306546474,-0.0021136202748561856,0.00017396852197484373,0.000280290036732262,0.0010083154075361646,0.000480320190783581,0.002679125699168735,0.0009738063896737109,0.0032532462012703025,0.2870770108412349,0.7129229891587652,complete
d4_b,d4,b,p12,0.5,alpha,-0.00021798917798089183,0.0006111801009210517,0.0008291692789019436,0.0014403493798229952,-0.0012078884672020048,0.0005602748450263418,0.0002479786231472086,0.0010846744957139659,0.0002761321883307939,0.0016691688976247531,0.0006957276142141831,0.0024126394802005367,0.42432767319006987,0.5756723268099302,complete
d4_b,d4,b,p12,0.65,alpha,-0.0005582190107584276,0.00038183251351644906,0.0009400515242748766,0.0013218840377913258,-0.0015429798751803998,0.00013663873806435978,0.00020606483457000864,0.0006117810368945569,0.00031327122623311303,0.001915522374110284,0.0006314801045947402,0.002372348250501291,0.2888547728849462,0.7111452271150537,complete
d4_b,d4,b,p12,0.8,alpha,-0.00036179677377552006,0.0005261219488113989,0.0008879187225869189,0.0014140406713983177,-0.0013872483465205262,0.00040375512837993965,0.00024066075383236363,0.0009573578591615125,0.00029997814721017353,0.0018484243155542145,0.0006873927761049434,0.0024965179124993337,0.3720698841647369,0.6279301158352631,complete
d4_b,d4,b,p12,integrated_equal_alpha,integrated,-0.00047446930707186564,0.0005051902263915348,0.0009796595334634005,0.0014848497598549356,-0.0014000789389648327,0.0002386283566328992,0.0002724754288178459,0.000838294410647365,0.00035123511769897354,0.0018673325665448136,0.0007856219848593473,0.0024165409721997213,0.34022986031993574,0.6597701396800641,complete
d5_a,d5,a,p08,0.05,alpha,0.015934707729861913,0.031642018040696454,0.015707310310834537,0.047349328351530995,0.006861952698957103,0.025336453347191232,0.024601688693098384,0.039123342190522804,0.011056868669754133,0.020788185138405392,0.03952250637272664,0.05588640663668197,0.6682675159778342,0.33173248402216576,complete
d5_a,d5,a,p08,0.1,alpha,0.02868995704898789,0.04931152833135212,0.020621571282364234,0.06993309961371635,0.01756636800139003,0.04018193525352115,0.04068356233829802,0.05936973375987693,0.015493927368927367,0.026492583428156115,0.060447899913758936,0.08045011222461664,0.7051243059971617,0.2948756940028383,complete
d5_a,d5,a,p08,0.2,alpha,0.05167306384266737,0.07711131461131461,0.025438250768647246,0.10254956537996185,0.037570089347347055,0.06607960769855042,0.0659351181735543,0.08942614119238569,0.019534737981874547,0.03161598150584935,0.09071185356289982,0.11489929841939751,0.7519418958588988,0.24805810414110124,complete
d5_a,d5,a,p08,0.3,alpha,0.07361494966120517,0.10005143534879217,0.026436485687587007,0.12648792103637918,0.057409816382834,0.08953749658320141,0.08656453220054541,0.11329919382094493,0.019964968544263696,0.03319152559791326,0.11246972414923959,0.1399396060478109,0.7909959664845498,0.20900403351545016,complete
d5_a,d5,a,p08,0.4,alpha,0.09426731491709466,0.11817245611298476,0.023905141195890097,0.14207759730887484,0.07735207350570787,0.11152383297482417,0.10388882501492636,0.13360824070488167,0.017745022863414932,0.030519691089625007,0.12637487838479028,0.1579137303490277,0.831745879373786,0.1682541206262141,complete
d5_a,d5,a,p08,0.5,alpha,0.11168548167446846,0.13205950722470547,0.020374025550237006,0.15243353277494245,0.09474036589124696,0.12986925448103862,0.11691079183094602,0.14847790924608104,0.014852481708208581,0.026381958614888127,0.13652109184460506,0.16861647046256073,0.8663415773462535,0.1336584226537467,complete
d5_a,d5,a,p08,0.65,alpha,0.1341891527464215,0.15349856743028548,0.019309414683864025,0.17280798211414952,0.11527516363144116,0.1535895191649597,0.13658282928932708,0.17087478585413607,0.01387718039425088,0.025769660364924687,0.15534576544763767,0.19066593017033548,0.8882608636034586,0.11173913639654132,complete
d5_a,d5,a,p08,0.8,alpha,0.1555016161844356,0.17167658169860814,0.01617496551417256,0.1878515472127807,0.1357721717220616,0.1758887527059333,0.15344316853402754,0.1904521716250791,0.011019000578471945,0.02179189100995267,0.1691113264488815,0.20567719195472492,0.9138949571927079,0.08610504280729224,complete
d5_a,d5,a,p08,integrated_equal_alpha,integrated,0.0831945304756428,0.10419042609984239,0.020995895624199592,0.12518632172404198,0.069767039828645,0.0975910401535057,0.09212309543532012,0.11672618263201963,0.01669051586211553,0.025608054719081702,0.11323699889934058,0.13749169251371893,0.8322828298247912,0.16771717017520885,complete
d5_a,d5,a,p09,0.05,alpha,0.005311347161567426,0.006766426590215136,0.0014550794286477106,0.008221506018862847,0.0019415150031890118,0.008721407487927312,0.0037355196606297927,0.009866559448057246,0.0004271792818048324,0.002749966626618609,0.005126034839691228,0.011635147362019605,0.8230154639175258,0.17698453608247422,complete
d5_a,d5,a,p09,0.1,alpha,0.0074801401893912906,0.010537141924807123,0.003057001735415832,0.013594143660222956,0.0030051617496551423,0.012372586521815596,0.006392807612521268,0.014968023797869611,0.0015879054865839005,0.004766386330262978,0.009419199865235107,0.017992730165086984,0.7751236258918794,0.2248763741081205,complete
d5_a,d5,a,p09,0.2,alpha,0.00930052571021734,0.01614455865557187,0.0068440329453545315,0.022988591600926405,0.003352938870560017,0.01582284190764367,0.010934477192737106,0.021528214810153136,0.0043317629303312125,0.009761222726531096,0.01715967229458419,0.029048746061411255,0.7022856787329794,0.29771432126702047,complete
d5_a,d5,a,p09,0.3,alpha,0.010972320223421544,0.020887816702794677,0.00991549647937313,0.030803313182167807,0.0037008272360695266,0.018232068958941184,0.015091500011654196,0.027005978602894897,0.006732106305344191,0.013321489755961119,0.02443938943663613,0.03743759972284201,0.6781029228663213,0.32189707713367866,complete
d5_a,d5,a,p09,0.4,alpha,0.016106979983631965,0.027543931839086024,0.011436951855454057,0.03898088369454008,0.00832587047069426,0.024344009922203754,0.02120515599590489,0.034308868036841605,0.0078874927691007,0.01508571131919149,0.032245856708962434,0.04645707419110503,0.7066010112783566,0.2933989887216434,complete
d5_a,d5,a,p09,0.5,alpha,0.021358361005938097,0.03428005751794298,0.012921696512004881,0.047201754029947855,0.01258254746966201,0.03060695071570621,0.026966354334195742,0.041878816749411456,0.009244069073364227,0.01702121116768694,0.03974104639853539,0.05539369547078798,0.7262454165621365,0.27375458343786374,complete
d5_a,d5,a,p09,0.65,alpha,0.030123011675875108,0.043925765456602456,0.01380275378072735,0.05772851923732981,0.02025934789838975,0.04053605825769922,0.03568100233711467,0.052935058445796324,0.00983841721176523,0.018393862317320465,0.04930382525371513,0.06697641433048923,0.76090234145826,0.23909765854173998,complete
d5_a,d5,a,p09,0.8,alpha,0.03190552105750344,0.050019744898599526,0.018114223841096087,0.0681339687396956,0.020929516213106524,0.04315691691242352,0.04157470048714542,0.059400098545197635,0.01323558375871151,0.023704655904545773,0.05901857024929713,0.0778975693196508,0.7341381373173624,0.2658618626826378,complete
d5_a,d5,a,p09,integrated_equal_alpha,integrated,0.016569775875943278,0.026263180448202476,0.009693404572259198,0.03595658502046167,0.009894083000842362,0.023266913052327417,0.02077462895951332,0.03219194344263177,0.007121129349928909,0.012452866720487862,0.03032766990693064,0.04190589874923575,0.7304136483833765,0.2695863516166235,complete
d5_a,d5,a,p10,0.05,alpha,0.01234873382450475,0.022492016875276785,0.010143283050772039,0.03263529992604883,0.005098156147164958,0.019895312205334227,0.01649312111041186,0.0291219582546675,0.007131641302896811,0.013471749432652516,0.02594943297035808,0.03995184697827869,0.6891928962271959,0.31080710377280396,complete
d5_a,d5,a,p10,0.1,alpha,0.02213621954811382,0.03455556720975223,0.01241934766163841,0.04697491487139065,0.013351253647233823,0.03164876092051202,0.02690863692515675,0.04303816166701629,0.008945178658835047,0.016224580607840516,0.03879178360593558,0.05584946049015432,0.7356174525139538,0.26438254748604606,complete
d5_a,d5,a,p10,0.2,alpha,0.03911669787220448,0.05375092561215909,0.014634227739954611,0.06838515335211372,0.029259163244570733,0.05044379944985672,0.04488190712860316,0.06357877127563251,0.010571945593972025,0.01870712447529628,0.05834881222546421,0.07833372854710961,0.7860028526279192,0.21399714737208061,complete
d5_a,d5,a,p10,0.3,alpha,0.05362823463043728,0.06757078579765805,0.013942551167220771,0.08151333696487881,0.04211758872551824,0.0659222837857199,0.05721476465694528,0.07890943277231824,0.009950603422519723,0.018337222921474022,0.07071491212735706,0.09313294385293285,0.8289537431987588,0.17104625680124125,complete
d5_a,d5,a,p10,0.4,alpha,0.07616494086758403,0.08935521363935461,0.013190272771770572,0.10254548641112517,0.0627916521804187,0.09121637815195083,0.07678962572547375,0.10283654406451764,0.009369400688233286,0.017607897996113855,0.09005943044351636,0.1165064796824158,0.8713714934376717,0.1286285065623284,complete
d5_a,d5,a,p10,0.5,alpha,0.09349240048579255,0.10627069740505865,0.012778296919266083,0.1190489943243247,0.07860513634880374,0.10923784395976022,0.09233795567909003,0.12147466041463838,0.008915485619780773,0.0171460196680461,0.10506224466714555,0.13427164444097262,0.8926635458636956,0.10733645413630476,complete
d5_a,d5,a,p10,0.65,alpha,0.11544307992545878,0.12556188916321076,0.010118809237751969,0.13568069840096272,0.09976544665971979,0.13235717374483894,0.1104502240295192,0.14141886258626346,0.006558981889378365,0.01409590582773402,0.1203342058903733,0.15188100649554395,0.9254218959881167,0.07457810401188332,complete
d5_a,d5,a,p10,0.8,alpha,0.13399186268128999,0.1425932955117977,0.00860143283050772,0.15119472834230543,0.11717749695034936,0.1523819532767771,0.12614833470698006,0.16008410295855227,0.0052210801109479526,0.012550208398226017,0.13462621812842077,0.16845720552493681,0.9431102332415052,0.05688976675849468,complete
d5_a,d5,a,p10,integrated_equal_alpha,integrated,0.06829027122942322,0.08026879890178348,0.01197852767236027,0.09224732657414375,0.057526910102970126,0.0799412029223428,0.07005551867267176,0.09167012234227266,0.00913684235235722,0.015051432916589851,0.0821370020678253,0.10357549926313693,0.8701476983971722,0.12985230160282785,complete
d5_a,d5,a,p11,0.05,alpha,0.0005139500734214394,0.0012481644640234951,0.0007342143906020558,0.001982378854625551,-0.0008810572687224669,0.0019823788546255512,0.0002936857562408223,0.0024963289280469903,0.0,0.0016152716593245229,0.000734214390602056,0.0035242290748898684,0.6296296296296298,0.37037037037037035,complete
d5_a,d5,a,p11,0.1,alpha,1.0488777008600882e-05,0.0016886930983847285,0.0016782043213761275,0.0033668974197608556,-0.0016572267673589257,0.001772603314453535,0.0005873715124816446,0.0030837004405286353,0.0005873715124816446,0.002999790224459828,0.0017411369834277326,0.00534953849381162,0.501557632398754,0.49844236760124616,complete
d5_a,d5,a,p11,0.2,alpha,-0.0005605668601263311,0.0037608092674171973,0.004321376127543529,0.008082185394960726,-0.0034058224366594414,0.0025918350698086326,0.0017621145374449342,0.005963860336107031,0.0023634710859380464,0.006419131529263687,0.005323840990140549,0.011129000303009104,0.4653208363374189,0.5346791636625811,complete
d5_a,d5,a,p11,0.3,alpha,0.002389640054838293,0.007138195464186653,0.0047485554093483606,0.011886750873535015,-0.001273422286638146,0.0062917564569546945,0.004331660956110294,0.010148882362538749,0.002705754842318719,0.006951357502018294,0.008434928792858308,0.015446530545649487,0.6005169570836489,0.39948304291635095,complete
d5_a,d5,a,p11,0.4,alpha,0.004088821930231623,0.010054075472577676,0.005965253542346054,0.016019329014923728,-8.693500984249855e-05,0.008536516306340093,0.0064610866372980915,0.013825897955853898,0.0037346402985169508,0.008357473412539491,0.01171720350134447,0.020344980113702577,0.6276215104397458,0.37237848956025427,complete
d5_a,d5,a,p11,0.5,alpha,0.005593961430965835,0.012513693681094562,0.0069197322501287255,0.019433425931223287,0.0009813614962293363,0.010524106440956658,0.008695108733654987,0.016425439363214698,0.00459005171284907,0.009637032693200093,0.014756019392583267,0.024043126884536574,0.6439262806970678,0.35607371930293225,complete
d5_a,d5,a,p11,0.65,alpha,0.006083437691367205,0.014569493974780317,0.008486056283413111,0.023055550258193433,0.0008382757721964763,0.011626298118588866,0.010348329370906465,0.01921543947975666,0.0057272814679202345,0.011603539326556944,0.017762437941402698,0.028360749831014147,0.6319300043425613,0.3680699956574385,complete
d5_a,d5,a,p11,0.8,alpha,0.010074417343139809,0.019268466074633474,0.009194048731493666,0.028462514806127142,0.003932495449565933,0.016700677055853267,0.013843714309022679,0.025003044658881667,0.0062937707789029376,0.012466793485515952,0.021948890255608314,0.034504580099293754,0.6769769363628242,0.3230230636371758,complete
d5_a,d5,a,p11,integrated_equal_alpha,integrated,0.00352426880510581,0.008780198937137263,0.005255930132031454,0.014036129069168717,0.00045159250624559016,0.006942294874219434,0.006270332931263548,0.011454512941985408,0.003571826370215688,0.0071887505085467636,0.010876928637115861,0.017005318750225137,0.6255427613887898,0.3744572386112102,complete
d5_a,d5,a,p12,0.05,alpha,0.0,0.0,0.0,0.0,0.0,0.0,0.0,0.0,0.0,0.0,0.0,0.0,,,undefined
d5_a,d5,a,p12,0.1,alpha,-0.0001468428781204112,0.0,0.0001468428781204112,0.0001468428781204112,-0.0004405286343612336,0.0,0.0,0.0,0.0,0.0004405286343612336,0.0,0.0004405286343612336,0.0,1.0,complete
d5_a,d5,a,p12,0.2,alpha,-0.0001468428781204112,0.0,0.0001468428781204112,0.0001468428781204112,-0.0004405286343612336,0.0,0.0,0.0,0.0,0.0004405286343612336,0.0,0.0004405286343612336,0.0,1.0,complete
d5_a,d5,a,p12,0.3,alpha,-0.0001468428781204112,0.0,0.0001468428781204112,0.0001468428781204112,-0.0004405286343612336,0.0,0.0,0.0,0.0,0.0004405286343612336,0.0,0.0004405286343612336,0.0,1.0,complete
d5_a,d5,a,p12,0.4,alpha,0.0001468428781204112,0.0002936857562408224,0.0001468428781204112,0.0004405286343612336,-0.0004405286343612336,0.0008810572687224672,0.0,0.0008810572687224672,0.0,0.0004405286343612336,0.0,0.0011747430249632897,0.6666666666666667,0.33333333333333337,complete
d5_a,d5,a,p12,0.5,alpha,0.0001468428781204112,0.0002936857562408224,0.0001468428781204112,0.0004405286343612336,-0.0004405286343612336,0.0008810572687224672,0.0,0.0008810572687224672,0.0,0.0004405286343612336,0.0,0.0011747430249632897,0.6666666666666667,0.33333333333333337,complete
d5_a,d5,a,p12,0.65,alpha,-0.00044052863436123355,0.0002936857562408224,0.000734214390602056,0.0010279001468428783,-0.0014684287812041122,0.0005873715124816448,0.0,0.0008810572687224672,0.0,0.0017621145374449342,0.0001468428781204112,0.0022026431718061676,0.28571428571428575,0.7142857142857143,complete
d5_a,d5,a,p12,0.8,alpha,-0.00029368575624082237,0.00044052863436123355,0.000734214390602056,0.0011747430249632895,-0.0014684287812041115,0.000734214390602056,0.0,0.0011747430249632895,0.0,0.0017621145374449342,0.0002936857562408223,0.002349486049926579,0.375,0.625,complete
d5_a,d5,a,p12,integrated_equal_alpha,integrated,-0.00011013215859030836,0.0001651982378854626,0.00027533039647577095,0.0004405286343612336,-0.0005323054331864906,0.00031204111600587384,0.0,0.00047723935389133644,0.0,0.0006607929515418504,7.34214390602056e-05,0.00091776798825257,0.375,0.6249999999999999,complete
d5_b,d5,b,p08,0.05,alpha,0.015739605882777688,0.037044373883580936,0.021304768000803245,0.05834914188438417,0.005851973731929678,0.026199057458694025,0.02942762598186607,0.04582104543971284,0.015927683020194035,0.027089145863925593,0.049264741265016586,0.06806386956166693,0.6348743561127679,0.3651256438872323,complete
d5_b,d5,b,p08,0.1,alpha,0.03164027806098291,0.05525930057868383,0.02361902251770093,0.07887832309638478,0.019187508781396443,0.045231191552777446,0.04496019760749937,0.06641207544291243,0.01757715190259243,0.029762430321351025,0.0675810322203494,0.0910019786258773,0.7005638356581204,0.29943616434187936,complete
d5_b,d5,b,p08,0.2,alpha,0.07016878332957627,0.09184473749451723,0.021675954164940954,0.11352069165945816,0.05482015399553945,0.08577347655403822,0.07868134287600148,0.10693143015004249,0.016344836025452763,0.027814802264141472,0.0994038545277532,0.12948465529412667,0.8090572401552579,0.19094275984474224,complete
d5_b,d5,b,p08,0.3,alpha,0.09345960573934142,0.11335721913915747,0.019897613399816043,0.1332548325389735,0.07629440315150668,0.11124338858645025,0.09822831710221577,0.12938209118137528,0.014570592158697885,0.025771076390569782,0.11780555449608313,0.14895684691389535,0.8506799864538008,0.1493200135461993,complete
d5_b,d5,b,p08,0.4,alpha,0.11567107024155482,0.13491506250316823,0.01924399226161341,0.15415905476478162,0.09750213987961785,0.13481007051766966,0.11827882943659376,0.15207482169486572,0.01377823229144815,0.025567792462065586,0.13766359313716142,0.17093031321142554,0.8751679407286443,0.12483205927135584,complete
d5_b,d5,b,p08,0.5,alpha,0.13187386320646236,0.15155645667760204,0.019682593471139726,0.17123905014874177,0.11254583725949364,0.15196373794666745,0.13453617158049977,0.1694911615244765,0.014153002121063794,0.026087759014521116,0.15394603097383933,0.1891154883418099,0.8850577981246507,0.11494220187534922,complete
d5_b,d5,b,p08,0.65,alpha,0.14763782269288878,0.1657010655358673,0.018063242842978524,0.1837643083788458,0.12765176214102425,0.16743953163006028,0.14773761587775908,0.18382961543066167,0.012636621923516195,0.024830518844836023,0.1661888095588536,0.20190928539359154,0.9017042917510424,0.09829570824895772,complete
d5_b,d5,b,p08,0.8,alpha,0.1632060813228214,0.17908299686934048,0.01587691554651907,0.19495991241585955,0.14171455945547354,0.18393722716547603,0.1597505141089943,0.19824608526976367,0.010859642682329907,0.021879894762604015,0.17630336307924413,0.21362803378910206,0.9185631787079757,0.08143682129202434,complete
d5_b,d5,b,p08,integrated_equal_alpha,integrated,0.09617463880955071,0.11609515158523968,0.019920512775688987,0.13601566436092868,0.08143081626217641,0.11126474508013606,0.10301155550019811,0.13025430129505022,0.01605338487737992,0.024489236620982215,0.12284490595063283,0.15002054528417413,0.853542510200676,0.14645748979932396,complete
d5_b,d5,b,p09,0.05,alpha,0.02067518058707486,0.024262342324016334,0.0035871617369414724,0.02784950406095781,0.01348031526720954,0.027975981230386512,0.01759424007221364,0.03128768013679907,0.001908957415565345,0.005434235368156066,0.02096467083251224,0.03504815699474289,0.8711947714009631,0.12880522859903673,complete
d5_b,d5,b,p09,0.1,alpha,0.025512837627375072,0.03244475381039258,0.006931916183017504,0.03937666999341008,0.017110193607990962,0.034277682160391405,0.024531559564599213,0.04075815714306904,0.0046495583059459715,0.009621763046873177,0.031369456840271814,0.04807147412874285,0.8239588013872784,0.17604119861272172,complete
d5_b,d5,b,p09,0.2,alpha,0.03848458606167858,0.0493037595460503,0.010819173484371721,0.060122933030422016,0.02830736943347075,0.04908857366731814,0.04014461003998449,0.05938937418838299,0.007574426613523529,0.014394360534228377,0.0509063693892989,0.06992466865814882,0.8200491403355646,0.17995085966443541,complete
d5_b,d5,b,p09,0.3,alpha,0.051992733160134044,0.06361954247416803,0.011626809314033983,0.075246351788202,0.04041284655546771,0.06413246159942193,0.05331825571638347,0.07492125797191874,0.008004379064401091,0.015764413327739313,0.06496445133835003,0.0863354476735534,0.8454834149732563,0.1545165850267437,complete
d5_b,d5,b,p09,0.4,alpha,0.06650561463336793,0.07739820955679987,0.010892594923431928,0.08829080448023179,0.05343705568375172,0.08009442588737739,0.06559092604246788,0.09013282310363807,0.007233716173694146,0.014868802880917412,0.07663761858145118,0.10108462694916438,0.8766282062151698,0.12337179378483032,complete
d5_b,d5,b,p09,0.5,alpha,0.07888732453710429,0.08911912650899435,0.010231801971890078,0.09935092848088443,0.06515297589912127,0.09323216033843787,0.0766653264340489,0.10254136511432767,0.006719460177609957,0.01401326830291588,0.08707401725986529,0.11274540264353039,0.897013524399435,0.10298647560056494,complete
d5_b,d5,b,p09,0.65,alpha,0.1014640890191551,0.11174483861708533,0.010280749597930215,0.12202558821501551,0.08671313986429625,0.11761702224394951,0.09810618840492187,0.1268792325923383,0.006623662680931404,0.014184934619956643,0.1086243757058735,0.13649011450085238,0.915749231384036,0.08425076861596432,complete
d5_b,d5,b,p09,0.8,alpha,0.11917764687588478,0.13041928498976957,0.01124163811388481,0.14166092310365438,0.10206122025918281,0.13681104336803673,0.11455579397760014,0.14709875130579975,0.007260564529286997,0.015207211616903242,0.12630292130980456,0.15852161548885116,0.9206440430600665,0.07935595693993337,complete
d5_b,d5,b,p09,integrated_equal_alpha,integrated,0.06283750156272183,0.07228898222840954,0.009451480665687713,0.08174046289409725,0.05230392600419445,0.07407540578124967,0.062561709964656,0.08295559309067707,0.007157002424072909,0.011969222359159032,0.07221159323065986,0.09227078173371539,0.884372068238309,0.115627931761691,complete
d5_b,d5,b,p10,0.05,alpha,0.02589975695702568,0.03577027883195284,0.00987052187492716,0.04564080070688,0.016320224481017432,0.036117836112329486,0.027786207205260073,0.04436420000296653,0.006378225298930144,0.014043365265832225,0.03718034789896023,0.05488695561658117,0.7837346908456132,0.21626530915438683,complete
d5_b,d5,b,p10,0.1,alpha,0.045045271256725,0.056064314214093955,0.011019042957368948,0.0670833571714629,0.0345386977600634,0.05676242973049139,0.04634245486117732,0.0669525600032208,0.007509381628324359,0.014665131226254574,0.05721242607531154,0.07803871789003948,0.8357410329181257,0.1642589670818744,complete
d5_b,d5,b,p10,0.2,alpha,0.07811120801208907,0.09091450848058778,0.012803300468498705,0.10371780894908648,0.06483512291469339,0.09289347985796224,0.07860660570462333,0.10429443180819832,0.008712502622194253,0.017356303754982167,0.09120304127875714,0.1173327404770136,0.8765563927909078,0.12344360720909225,complete
d5_b,d5,b,p10,0.3,alpha,0.10807061473361033,0.11973180392783918,0.011661189194228842,0.131392993122068,0.09238857396071053,0.1250459758058877,0.10527849368570735,0.13541335393069973,0.007679824254714124,0.01631255390065962,0.11675876528024105,0.1465187519386308,0.911249535327997,0.0887504646720031,complete
d5_b,d5,b,p10,0.4,alpha,0.1334348083797423,0.14600968659338703,0.012574878213644733,0.15858456480703179,0.11586422444214294,0.15251893496249222,0.1296852996082071,0.1638830330625485,0.008222676735892595,0.01730659860615808,0.14232906359833675,0.17633400388769332,0.9207055350629737,0.07929446493702615,complete
d5_b,d5,b,p10,0.5,alpha,0.15770001127930644,0.16902322876992482,0.011323217490618372,0.18034644626054316,0.13885601875689982,0.17729798122419269,0.1510837670956063,0.18867248049103774,0.007064774025126449,0.01567955620819057,0.16233736237453197,0.19922567596989402,0.9372140803137318,0.06278591968626834,complete
d5_b,d5,b,p10,0.65,alpha,0.18339926307987983,0.19292773428235982,0.009528471202480014,0.20245620548483986,0.16239485265916984,0.20457892093629979,0.17333175283478147,0.21294662676408269,0.005824359601892642,0.01364047968673519,0.18335777953894694,0.22207251708766024,0.9529356426509064,0.04706435734909353,complete
d5_b,d5,b,p10,0.8,alpha,0.20525496081663486,0.21302131748166994,0.00776635666503508,0.22078767414670497,0.1835998714330212,0.227363680637359,0.19247474681257723,0.23469984285375256,0.004568445097079458,0.011486784140969162,0.1997263589017444,0.2419036727365472,0.9648243195864522,0.03517568041354806,complete
d5_b,d5,b,p10,integrated_equal_alpha,integrated,0.1171144868143767,0.12793285907272692,0.010818372258350232,0.13875123133107717,0.10282658736678559,0.13225767087069398,0.11438324586624421,0.14265296152238607,0.007950818925832692,0.013913033106659208,0.12556764532019213,0.1529353829601627,0.9220304414269571,0.07796955857304279,complete
d5_b,d5,b,p11,0.05,alpha,-0.0001468428781204112,0.0,0.0001468428781204112,0.0001468428781204112,-0.0004405286343612336,0.0,0.0,0.0,0.0,0.0004405286343612336,0.0,0.0004405286343612336,0.0,1.0,complete
d5_b,d5,b,p11,0.1,alpha,-0.0001468428781204112,0.0,0.0001468428781204112,0.0001468428781204112,-0.0004405286343612336,0.0,0.0,0.0,0.0,0.0004405286343612336,0.0,0.0004405286343612336,0.0,1.0,complete
d5_b,d5,b,p11,0.2,alpha,-0.0006363191385217818,0.0,0.0006363191385217818,0.0006363191385217818,-0.0017621145374449342,0.0,0.0,0.0,0.0,0.0017621145374449342,0.0,0.0017621145374449342,0.0,1.0,complete
d5_b,d5,b,p11,0.3,alpha,-0.0006363191385217818,0.0,0.0006363191385217818,0.0006363191385217818,-0.0017621145374449342,0.0,0.0,0.0,0.0,0.0017621145374449342,0.0,0.0017621145374449342,0.0,1.0,complete
d5_b,d5,b,p11,0.4,alpha,-0.0004894762604013707,0.00014684287812041113,0.0006363191385217818,0.0007831620166421931,-0.0016164953499755266,0.00029368575624082226,0.0,0.0004405286343612334,0.0,0.0017621145374449342,0.0,0.0019089574155653456,0.18749999999999992,0.8125,complete
d5_b,d5,b,p11,0.5,alpha,0.00014684287812041113,0.00014684287812041113,0.0,0.00014684287812041113,0.0,0.0004405286343612334,0.0,0.0004405286343612334,0.0,0.0,0.0,0.0004405286343612334,1.0,0.0,complete
d5_b,d5,b,p11,0.65,alpha,-0.00012236906510034278,0.0005139500734214391,0.0006363191385217818,0.001150269211943221,-0.0014684287812041115,0.0010523739598629464,0.0,0.0014684287812041115,0.0,0.0017621145374449342,0.00014684287812041113,0.0025458883994126254,0.4468085106382978,0.5531914893617021,complete
d5_b,d5,b,p11,0.8,alpha,-0.0004789874833927698,0.0005139500734214391,0.0009929375568142088,0.0015068876302356477,-0.0019161247465212224,0.0008076358296622613,0.0,0.0014684287812041115,0.00014684287812041113,0.002203692049507022,0.0003566184182924271,0.00294035382141109,0.34106728538283065,0.6589327146171695,complete
d5_b,d5,b,p11,integrated_equal_alpha,integrated,-0.0003137892455073072,0.00016519823788546255,0.00047898748339276977,0.0006441857212782323,-0.0011013215859030838,0.0002552706104468216,0.0,0.00044052863436123345,1.835535976505139e-05,0.0012376756870148941,0.00011013215859030836,0.0014108060625131105,0.2564450474898236,0.7435549525101764,complete
d5_b,d5,b,p12,0.05,alpha,0.0,0.0,0.0,0.0,0.0,0.0,0.0,0.0,0.0,0.0,0.0,0.0,,,undefined
d5_b,d5,b,p12,0.1,alpha,0.0,0.0,0.0,0.0,0.0,0.0,0.0,0.0,0.0,0.0,0.0,0.0,,,undefined
d5_b,d5,b,p12,0.2,alpha,0.00020977554017201594,0.00020977554017201594,0.0,0.00020977554017201594,0.0,0.0006293266205160478,0.0,0.0006293266205160478,0.0,0.0,0.0,0.0006293266205160478,1.0,0.0,complete
d5_b,d5,b,p12,0.3,alpha,0.00020977554017201594,0.00020977554017201594,0.0,0.00020977554017201594,0.0,0.0006293266205160478,0.0,0.0006293266205160478,0.0,0.0,0.0,0.0006293266205160478,1.0,0.0,complete
d5_b,d5,b,p12,0.4,alpha,0.00020977554017201594,0.00020977554017201594,0.0,0.00020977554017201594,0.0,0.0006293266205160478,0.0,0.0006293266205160478,0.0,0.0,0.0,0.0006293266205160478,1.0,0.0,complete
d5_b,d5,b,p12,0.5,alpha,0.00020977554017201594,0.00020977554017201594,0.0,0.00020977554017201594,0.0,0.0006293266205160478,0.0,0.0006293266205160478,0.0,0.0,0.0,0.0006293266205160478,1.0,0.0,complete
d5_b,d5,b,p12,0.65,alpha,0.00035661841829242707,0.00035661841829242707,0.0,0.00035661841829242707,0.0,0.0009439899307740716,0.0,0.0009439899307740716,0.0,0.0,0.0,0.0009439899307740716,1.0,0.0,complete
d5_b,d5,b,p12,0.8,alpha,0.00035661841829242707,0.00035661841829242707,0.0,0.00035661841829242707,0.0,0.0009439899307740716,0.0,0.0009439899307740716,0.0,0.0,0.0,0.0009439899307740716,1.0,0.0,complete
d5_b,d5,b,p12,integrated_equal_alpha,integrated,0.00019404237465911472,0.00019404237465911472,0.0,0.00019404237465911472,0.0,0.0005454164044472414,0.0,0.0005454164044472414,0.0,0.0,0.0,0.0005454164044472414,1.0,0.0,complete
